ABB | 2012 | ROE | Source=34.90 | Calculated=22.41 | Category=Formula Difference
ABB | 2012 | ROCE | Source=46.00 | Calculated=36.32 | Category=Formula Difference
ABB | 2014 | ROE | Source=34.90 | Calculated=25.13 | Category=Formula Difference
ABB | 2014 | ROCE | Source=46.00 | Calculated=40.10 | Category=Formula Difference
ABB | 2014 | ROE | Source=34.90 | Calculated=25.13 | Category=Formula Difference
ABB | 2014 | ROCE | Source=46.00 | Calculated=40.10 | Category=Formula Difference
ABB | 2015 | ROE | Source=34.90 | Calculated=24.44 | Category=Formula Difference
ABB | 2015 | ROCE | Source=46.00 | Calculated=38.42 | Category=Formula Difference
ABB | 2015 | ROE | Source=34.90 | Calculated=24.44 | Category=Formula Difference
ABB | 2015 | ROCE | Source=46.00 | Calculated=38.42 | Category=Formula Difference
ABB | 2016 | ROE | Source=34.90 | Calculated=21.34 | Category=Formula Difference
ABB | 2016 | ROCE | Source=46.00 | Calculated=34.48 | Category=Formula Difference
ABB | 2016 | ROE | Source=34.90 | Calculated=21.34 | Category=Formula Difference
ABB | 2016 | ROCE | Source=46.00 | Calculated=34.48 | Category=Formula Difference
ABB | 2017 | ROE | Source=34.90 | Calculated=19.97 | Category=Formula Difference
ABB | 2017 | ROCE | Source=46.00 | Calculated=32.66 | Category=Formula Difference
ABB | 2017 | ROE | Source=34.90 | Calculated=19.97 | Category=Formula Difference
ABB | 2017 | ROCE | Source=46.00 | Calculated=32.66 | Category=Formula Difference
ABB | 2018 | ROE | Source=34.90 | Calculated=23.69 | Category=Formula Difference
ABB | 2018 | ROCE | Source=46.00 | Calculated=37.68 | Category=Formula Difference
ABB | 2018 | ROE | Source=34.90 | Calculated=23.69 | Category=Formula Difference
ABB | 2018 | ROCE | Source=46.00 | Calculated=37.68 | Category=Formula Difference
ABB | 2019 | ROE | Source=34.90 | Calculated=22.41 | Category=Formula Difference
ABB | 2019 | ROCE | Source=46.00 | Calculated=35.66 | Category=Formula Difference
ABB | 2019 | ROE | Source=34.90 | Calculated=22.41 | Category=Formula Difference
ABB | 2019 | ROCE | Source=46.00 | Calculated=35.66 | Category=Formula Difference
ABB | 2020 | ROE | Source=34.90 | Calculated=24.39 | Category=Formula Difference
ABB | 2020 | ROCE | Source=46.00 | Calculated=33.08 | Category=Formula Difference
ABB | 2020 | ROE | Source=34.90 | Calculated=24.39 | Category=Formula Difference
ABB | 2020 | ROCE | Source=46.00 | Calculated=33.08 | Category=Formula Difference
ABB | 2021 | ROE | Source=34.90 | Calculated=26.56 | Category=Formula Difference
ABB | 2021 | ROCE | Source=46.00 | Calculated=35.75 | Category=Formula Difference
ABB | 2021 | ROE | Source=34.90 | Calculated=26.56 | Category=Formula Difference
ABB | 2021 | ROCE | Source=46.00 | Calculated=35.75 | Category=Formula Difference
ABB | 2022 | ROE | Source=34.90 | Calculated=28.33 | Category=Formula Difference
ABB | 2022 | ROCE | Source=46.00 | Calculated=38.56 | Category=Formula Difference
ABB | 2022 | ROE | Source=34.90 | Calculated=28.33 | Category=Formula Difference
ABB | 2022 | ROCE | Source=46.00 | Calculated=38.56 | Category=Formula Difference
ABB | 2023 | ROE | Source=34.90 | Calculated=29.77 | Category=Formula Difference
ABB | 2023 | ROCE | Source=46.00 | Calculated=40.71 | Category=Formula Difference
ABB | 2023 | ROE | Source=34.90 | Calculated=29.77 | Category=Formula Difference
ABB | 2023 | ROCE | Source=46.00 | Calculated=40.71 | Category=Formula Difference
ADANIENSOL | 2014 | ROE | Source=8.59 | Calculated=0.00 | Category=Formula Difference
ADANIENSOL | 2014 | ROCE | Source=9.00 | Calculated=0.00 | Category=Formula Difference
ADANIENSOL | 2015 | ROE | Source=8.59 | Calculated=-0.65 | Category=Formula Difference
ADANIENSOL | 2015 | ROCE | Source=9.00 | Calculated=0.29 | Category=Formula Difference
ADANIENSOL | 2016 | ROE | Source=8.59 | Calculated=13.77 | Category=Formula Difference
ADANIENSOL | 2017 | ROE | Source=8.59 | Calculated=14.12 | Category=Formula Difference
ADANIENSOL | 2018 | ROE | Source=8.59 | Calculated=18.87 | Category=Formula Difference
ADANIENSOL | 2021 | ROE | Source=8.59 | Calculated=14.46 | Category=Formula Difference
ADANIENT | 2013 | ROE | Source=13.64 | Calculated=5.69 | Category=Formula Difference
ADANIENT | 2013 | ROCE | Source=11.60 | Calculated=4.74 | Category=Formula Difference
ADANIENT | 2014 | ROCE | Source=11.60 | Calculated=5.05 | Category=Formula Difference
ADANIENT | 2015 | ROCE | Source=11.60 | Calculated=5.66 | Category=Formula Difference
ADANIENT | 2016 | ROE | Source=13.64 | Calculated=7.47 | Category=Formula Difference
ADANIENT | 2016 | ROCE | Source=11.60 | Calculated=4.21 | Category=Formula Difference
ADANIENT | 2017 | ROE | Source=13.64 | Calculated=6.54 | Category=Formula Difference
ADANIENT | 2017 | ROCE | Source=11.60 | Calculated=3.98 | Category=Formula Difference
ADANIENT | 2018 | ROE | Source=13.64 | Calculated=3.94 | Category=Formula Difference
ADANIENT | 2018 | ROCE | Source=11.60 | Calculated=3.52 | Category=Formula Difference
ADANIENT | 2019 | ROE | Source=13.64 | Calculated=3.43 | Category=Formula Difference
ADANIENT | 2019 | ROCE | Source=11.60 | Calculated=3.26 | Category=Formula Difference
ADANIENT | 2020 | ROE | Source=13.64 | Calculated=6.14 | Category=Formula Difference
ADANIENT | 2020 | ROCE | Source=11.60 | Calculated=5.43 | Category=Formula Difference
ADANIENT | 2021 | ROE | Source=13.64 | Calculated=6.10 | Category=Formula Difference
ADANIENT | 2021 | ROCE | Source=11.60 | Calculated=4.86 | Category=Formula Difference
ADANIENT | 2022 | ROE | Source=13.64 | Calculated=3.54 | Category=Formula Difference
ADANIENT | 2022 | ROCE | Source=11.60 | Calculated=3.44 | Category=Formula Difference
ADANIENT | 2023 | ROE | Source=13.64 | Calculated=7.33 | Category=Formula Difference
ADANIENT | 2023 | ROCE | Source=11.60 | Calculated=6.59 | Category=Formula Difference
ADANIENT | 2024 | ROE | Source=13.64 | Calculated=8.53 | Category=Formula Difference
ADANIENT | 2024 | ROE | Source=13.64 | Calculated=7.96 | Category=Formula Difference
ADANIENT | 2024 | ROCE | Source=11.60 | Calculated=6.51 | Category=Formula Difference
ADANIGREEN | 2017 | ROE | Source=14.70 | Calculated=-3.91 | Category=Formula Difference
ADANIGREEN | 2017 | ROCE | Source=96.50 | Calculated=2.68 | Category=Formula Difference
ADANIGREEN | 2018 | ROE | Source=14.70 | Calculated=-10.29 | Category=Formula Difference
ADANIGREEN | 2018 | ROCE | Source=96.50 | Calculated=2.97 | Category=Formula Difference
ADANIGREEN | 2019 | ROE | Source=14.70 | Calculated=-24.57 | Category=Formula Difference
ADANIGREEN | 2019 | ROCE | Source=96.50 | Calculated=3.66 | Category=Formula Difference
ADANIGREEN | 2020 | ROE | Source=14.70 | Calculated=-2.89 | Category=Formula Difference
ADANIGREEN | 2020 | ROCE | Source=96.50 | Calculated=2.00 | Category=Formula Difference
ADANIGREEN | 2021 | ROE | Source=14.70 | Calculated=8.27 | Category=Formula Difference
ADANIGREEN | 2021 | ROCE | Source=96.50 | Calculated=2.57 | Category=Formula Difference
ADANIGREEN | 2022 | ROCE | Source=96.50 | Calculated=2.53 | Category=Formula Difference
ADANIGREEN | 2023 | ROCE | Source=96.50 | Calculated=4.43 | Category=Formula Difference
ADANIGREEN | 2024 | ROCE | Source=96.50 | Calculated=4.78 | Category=Formula Difference
ADANIGREEN | 2024 | ROCE | Source=96.50 | Calculated=4.58 | Category=Formula Difference
ADANIPORTS | 2013 | ROE | Source=18.10 | Calculated=25.63 | Category=Formula Difference
ADANIPORTS | 2022 | ROE | Source=18.10 | Calculated=11.84 | Category=Formula Difference
ADANIPORTS | 2023 | ROE | Source=18.10 | Calculated=11.88 | Category=Formula Difference
ADANIPORTS | 2013 | ROE | Source=18.10 | Calculated=25.63 | Category=Formula Difference
ADANIPORTS | 2022 | ROE | Source=18.10 | Calculated=11.84 | Category=Formula Difference
ADANIPORTS | 2023 | ROE | Source=18.10 | Calculated=11.88 | Category=Formula Difference
ADANIPOWER | 2013 | ROE | Source=57.10 | Calculated=-53.46 | Category=Formula Difference
ADANIPOWER | 2013 | ROCE | Source=32.20 | Calculated=-1.15 | Category=Formula Difference
ADANIPOWER | 2014 | ROE | Source=57.10 | Calculated=-4.45 | Category=Formula Difference
ADANIPOWER | 2014 | ROCE | Source=32.20 | Calculated=1.12 | Category=Formula Difference
ADANIPOWER | 2015 | ROE | Source=57.10 | Calculated=-14.25 | Category=Formula Difference
ADANIPOWER | 2015 | ROCE | Source=32.20 | Calculated=1.99 | Category=Formula Difference
ADANIPOWER | 2016 | ROE | Source=57.10 | Calculated=7.38 | Category=Formula Difference
ADANIPOWER | 2016 | ROCE | Source=32.20 | Calculated=5.05 | Category=Formula Difference
ADANIPOWER | 2017 | ROE | Source=57.10 | Calculated=-205.80 | Category=Formula Difference
ADANIPOWER | 2017 | ROCE | Source=32.20 | Calculated=-6.47 | Category=Formula Difference
ADANIPOWER | 2018 | ROE | Source=57.10 | Calculated=-236.56 | Category=Formula Difference
ADANIPOWER | 2018 | ROCE | Source=32.20 | Calculated=1.15 | Category=Formula Difference
ADANIPOWER | 2019 | ROE | Source=57.10 | Calculated=-12.76 | Category=Formula Difference
ADANIPOWER | 2019 | ROCE | Source=32.20 | Calculated=3.24 | Category=Formula Difference
ADANIPOWER | 2020 | ROE | Source=57.10 | Calculated=-35.10 | Category=Formula Difference
ADANIPOWER | 2020 | ROCE | Source=32.20 | Calculated=1.20 | Category=Formula Difference
ADANIPOWER | 2021 | ROE | Source=57.10 | Calculated=9.69 | Category=Formula Difference
ADANIPOWER | 2021 | ROCE | Source=32.20 | Calculated=8.37 | Category=Formula Difference
ADANIPOWER | 2022 | ROE | Source=57.10 | Calculated=26.61 | Category=Formula Difference
ADANIPOWER | 2022 | ROCE | Source=32.20 | Calculated=14.34 | Category=Formula Difference
ADANIPOWER | 2023 | ROE | Source=57.10 | Calculated=35.91 | Category=Formula Difference
ADANIPOWER | 2023 | ROCE | Source=32.20 | Calculated=15.20 | Category=Formula Difference
ADANIPOWER | 2024 | ROE | Source=57.10 | Calculated=48.28 | Category=Formula Difference
ADANIPOWER | 2024 | ROE | Source=57.10 | Calculated=37.23 | Category=Formula Difference
ADANIPOWER | 2024 | ROCE | Source=32.20 | Calculated=26.40 | Category=Formula Difference
AMBUJACEM | 2012 | ROE | Source=9.24 | Calculated=14.69 | Category=Formula Difference
AMBUJACEM | 2012 | ROCE | Source=12.80 | Calculated=27.82 | Category=Formula Difference
AMBUJACEM | 2013 | ROCE | Source=12.80 | Calculated=20.95 | Category=Formula Difference
AMBUJACEM | 2014 | ROE | Source=9.24 | Calculated=14.77 | Category=Formula Difference
AMBUJACEM | 2014 | ROCE | Source=12.80 | Calculated=22.63 | Category=Formula Difference
AMBUJACEM | 2017 | ROCE | Source=12.80 | Calculated=19.26 | Category=Formula Difference
AMBUJACEM | 2018 | ROCE | Source=12.80 | Calculated=18.17 | Category=Formula Difference
AMBUJACEM | 2019 | ROCE | Source=12.80 | Calculated=20.85 | Category=Formula Difference
AMBUJACEM | 2020 | ROCE | Source=12.80 | Calculated=22.19 | Category=Formula Difference
AMBUJACEM | 2021 | ROE | Source=9.24 | Calculated=14.64 | Category=Formula Difference
AMBUJACEM | 2021 | ROCE | Source=12.80 | Calculated=24.45 | Category=Formula Difference
AMBUJACEM | 2024 | ROCE | Source=12.80 | Calculated=17.85 | Category=Formula Difference
APOLLOHOSP | 2016 | ROE | Source=13.81 | Calculated=7.05 | Category=Formula Difference
APOLLOHOSP | 2016 | ROCE | Source=17.20 | Calculated=9.67 | Category=Formula Difference
APOLLOHOSP | 2017 | ROE | Source=13.81 | Calculated=3.95 | Category=Formula Difference
APOLLOHOSP | 2017 | ROCE | Source=17.20 | Calculated=8.34 | Category=Formula Difference
APOLLOHOSP | 2018 | ROE | Source=13.81 | Calculated=1.85 | Category=Formula Difference
APOLLOHOSP | 2018 | ROCE | Source=17.20 | Calculated=7.94 | Category=Formula Difference
APOLLOHOSP | 2019 | ROE | Source=13.81 | Calculated=6.00 | Category=Formula Difference
APOLLOHOSP | 2019 | ROCE | Source=17.20 | Calculated=10.97 | Category=Formula Difference
APOLLOHOSP | 2021 | ROE | Source=13.81 | Calculated=2.98 | Category=Formula Difference
APOLLOHOSP | 2021 | ROCE | Source=17.20 | Calculated=9.06 | Category=Formula Difference
APOLLOHOSP | 2022 | ROE | Source=13.81 | Calculated=19.70 | Category=Formula Difference
APOLLOHOSP | 2022 | ROCE | Source=17.20 | Calculated=22.47 | Category=Formula Difference
ASIANPAINT | 2013 | ROCE | Source=41.75 | Calculated=49.77 | Category=Formula Difference
ASIANPAINT | 2013 | ROCE | Source=41.75 | Calculated=49.77 | Category=Formula Difference
ASIANPAINT | 2014 | ROCE | Source=41.75 | Calculated=48.51 | Category=Formula Difference
ASIANPAINT | 2014 | ROCE | Source=41.75 | Calculated=48.51 | Category=Formula Difference
ASIANPAINT | 2018 | ROE | Source=31.45 | Calculated=24.95 | Category=Formula Difference
ASIANPAINT | 2018 | ROE | Source=31.45 | Calculated=24.95 | Category=Formula Difference
ASIANPAINT | 2019 | ROE | Source=31.45 | Calculated=23.31 | Category=Formula Difference
ASIANPAINT | 2019 | ROCE | Source=41.75 | Calculated=36.41 | Category=Formula Difference
ASIANPAINT | 2019 | ROE | Source=31.45 | Calculated=23.31 | Category=Formula Difference
ASIANPAINT | 2019 | ROCE | Source=41.75 | Calculated=36.41 | Category=Formula Difference
ASIANPAINT | 2021 | ROE | Source=31.45 | Calculated=25.04 | Category=Formula Difference
ASIANPAINT | 2021 | ROCE | Source=41.75 | Calculated=36.66 | Category=Formula Difference
ASIANPAINT | 2021 | ROE | Source=31.45 | Calculated=25.04 | Category=Formula Difference
ASIANPAINT | 2021 | ROCE | Source=41.75 | Calculated=36.66 | Category=Formula Difference
ASIANPAINT | 2022 | ROE | Source=31.45 | Calculated=22.34 | Category=Formula Difference
ASIANPAINT | 2022 | ROCE | Source=41.75 | Calculated=32.50 | Category=Formula Difference
ASIANPAINT | 2022 | ROE | Source=31.45 | Calculated=22.34 | Category=Formula Difference
ASIANPAINT | 2022 | ROCE | Source=41.75 | Calculated=32.50 | Category=Formula Difference
ASIANPAINT | 2023 | ROE | Source=31.45 | Calculated=26.23 | Category=Formula Difference
ASIANPAINT | 2023 | ROCE | Source=41.75 | Calculated=36.52 | Category=Formula Difference
ASIANPAINT | 2023 | ROE | Source=31.45 | Calculated=26.23 | Category=Formula Difference
ASIANPAINT | 2023 | ROCE | Source=41.75 | Calculated=36.52 | Category=Formula Difference
BAJAJ-AUTO | 2013 | ROE | Source=26.50 | Calculated=38.85 | Category=Formula Difference
BAJAJ-AUTO | 2013 | ROCE | Source=33.50 | Calculated=54.33 | Category=Formula Difference
BAJAJ-AUTO | 2013 | ROE | Source=26.50 | Calculated=38.85 | Category=Formula Difference
BAJAJ-AUTO | 2013 | ROCE | Source=33.50 | Calculated=54.33 | Category=Formula Difference
BAJAJ-AUTO | 2014 | ROE | Source=26.50 | Calculated=33.24 | Category=Formula Difference
BAJAJ-AUTO | 2014 | ROCE | Source=33.50 | Calculated=47.29 | Category=Formula Difference
BAJAJ-AUTO | 2014 | ROE | Source=26.50 | Calculated=33.24 | Category=Formula Difference
BAJAJ-AUTO | 2014 | ROCE | Source=33.50 | Calculated=47.29 | Category=Formula Difference
BAJAJ-AUTO | 2015 | ROCE | Source=33.50 | Calculated=38.82 | Category=Formula Difference
BAJAJ-AUTO | 2015 | ROCE | Source=33.50 | Calculated=38.82 | Category=Formula Difference
BAJAJ-AUTO | 2016 | ROCE | Source=33.50 | Calculated=42.34 | Category=Formula Difference
BAJAJ-AUTO | 2016 | ROCE | Source=33.50 | Calculated=42.34 | Category=Formula Difference
BAJAJ-AUTO | 2018 | ROE | Source=26.50 | Calculated=20.66 | Category=Formula Difference
BAJAJ-AUTO | 2018 | ROE | Source=26.50 | Calculated=20.66 | Category=Formula Difference
BAJAJ-AUTO | 2019 | ROE | Source=26.50 | Calculated=21.21 | Category=Formula Difference
BAJAJ-AUTO | 2019 | ROE | Source=26.50 | Calculated=21.21 | Category=Formula Difference
BAJAJ-AUTO | 2021 | ROE | Source=26.50 | Calculated=17.81 | Category=Formula Difference
BAJAJ-AUTO | 2021 | ROCE | Source=33.50 | Calculated=23.73 | Category=Formula Difference
BAJAJ-AUTO | 2021 | ROE | Source=26.50 | Calculated=17.81 | Category=Formula Difference
BAJAJ-AUTO | 2021 | ROCE | Source=33.50 | Calculated=23.73 | Category=Formula Difference
BAJAJ-AUTO | 2022 | ROE | Source=26.50 | Calculated=20.65 | Category=Formula Difference
BAJAJ-AUTO | 2022 | ROCE | Source=33.50 | Calculated=26.42 | Category=Formula Difference
BAJAJ-AUTO | 2022 | ROE | Source=26.50 | Calculated=20.65 | Category=Formula Difference
BAJAJ-AUTO | 2022 | ROCE | Source=33.50 | Calculated=26.42 | Category=Formula Difference
BAJAJ-AUTO | 2023 | ROE | Source=26.50 | Calculated=20.64 | Category=Formula Difference
BAJAJ-AUTO | 2023 | ROCE | Source=33.50 | Calculated=27.57 | Category=Formula Difference
BAJAJ-AUTO | 2023 | ROE | Source=26.50 | Calculated=20.64 | Category=Formula Difference
BAJAJ-AUTO | 2023 | ROCE | Source=33.50 | Calculated=27.57 | Category=Formula Difference
AXISBANK | 2013 | ROCE | Source=7.06 | Calculated=0.54 | Category=Formula Difference
AXISBANK | 2014 | ROCE | Source=7.06 | Calculated=0.60 | Category=Formula Difference
AXISBANK | 2015 | ROCE | Source=7.06 | Calculated=0.61 | Category=Formula Difference
AXISBANK | 2016 | ROCE | Source=7.06 | Calculated=0.76 | Category=Formula Difference
AXISBANK | 2017 | ROE | Source=18.40 | Calculated=6.53 | Category=Formula Difference
AXISBANK | 2018 | ROE | Source=18.40 | Calculated=0.43 | Category=Formula Difference
AXISBANK | 2019 | ROE | Source=18.40 | Calculated=6.90 | Category=Formula Difference
AXISBANK | 2019 | ROCE | Source=7.06 | Calculated=1.80 | Category=Formula Difference
AXISBANK | 2020 | ROE | Source=18.40 | Calculated=1.88 | Category=Formula Difference
AXISBANK | 2021 | ROE | Source=18.40 | Calculated=6.36 | Category=Formula Difference
AXISBANK | 2021 | ROCE | Source=7.06 | Calculated=2.04 | Category=Formula Difference
AXISBANK | 2022 | ROE | Source=18.40 | Calculated=11.01 | Category=Formula Difference
AXISBANK | 2022 | ROCE | Source=7.06 | Calculated=1.29 | Category=Formula Difference
AXISBANK | 2023 | ROE | Source=18.40 | Calculated=7.38 | Category=Formula Difference
AXISBANK | 2023 | ROCE | Source=7.06 | Calculated=1.01 | Category=Formula Difference
AXISBANK | 2024 | ROCE | Source=7.06 | Calculated=1.07 | Category=Formula Difference
BAJAJFINSV | 2013 | ROE | Source=11.72 | Calculated=28.38 | Category=Formula Difference
BAJAJFINSV | 2013 | ROCE | Source=21.14 | Calculated=13.12 | Category=Formula Difference
BAJAJFINSV | 2014 | ROE | Source=11.72 | Calculated=23.53 | Category=Formula Difference
BAJAJFINSV | 2014 | ROCE | Source=21.14 | Calculated=10.17 | Category=Formula Difference
BAJAJFINSV | 2015 | ROE | Source=11.72 | Calculated=21.72 | Category=Formula Difference
BAJAJFINSV | 2015 | ROCE | Source=21.14 | Calculated=8.79 | Category=Formula Difference
BAJAJFINSV | 2016 | ROE | Source=11.72 | Calculated=20.41 | Category=Formula Difference
BAJAJFINSV | 2016 | ROCE | Source=21.14 | Calculated=7.78 | Category=Formula Difference
BAJAJFINSV | 2017 | ROE | Source=11.72 | Calculated=21.36 | Category=Formula Difference
BAJAJFINSV | 2017 | ROCE | Source=21.14 | Calculated=7.76 | Category=Formula Difference
BAJAJFINSV | 2018 | ROE | Source=11.72 | Calculated=20.39 | Category=Formula Difference
BAJAJFINSV | 2018 | ROCE | Source=21.14 | Calculated=7.26 | Category=Formula Difference
BAJAJFINSV | 2019 | ROE | Source=11.72 | Calculated=22.64 | Category=Formula Difference
BAJAJFINSV | 2019 | ROCE | Source=21.14 | Calculated=6.79 | Category=Formula Difference
BAJAJFINSV | 2020 | ROE | Source=11.72 | Calculated=19.15 | Category=Formula Difference
BAJAJFINSV | 2020 | ROCE | Source=21.14 | Calculated=5.53 | Category=Formula Difference
BAJAJFINSV | 2021 | ROE | Source=11.72 | Calculated=20.56 | Category=Formula Difference
BAJAJFINSV | 2021 | ROCE | Source=21.14 | Calculated=6.31 | Category=Formula Difference
BAJAJFINSV | 2022 | ROE | Source=11.72 | Calculated=20.66 | Category=Formula Difference
BAJAJFINSV | 2022 | ROCE | Source=21.14 | Calculated=5.88 | Category=Formula Difference
BAJAJFINSV | 2023 | ROE | Source=11.72 | Calculated=26.31 | Category=Formula Difference
BAJAJFINSV | 2023 | ROCE | Source=21.14 | Calculated=6.76 | Category=Formula Difference
BAJAJFINSV | 2024 | ROE | Source=11.72 | Calculated=25.85 | Category=Formula Difference
BAJAJFINSV | 2024 | ROCE | Source=21.14 | Calculated=6.38 | Category=Formula Difference
BAJAJFINSV | 2024 | ROE | Source=11.72 | Calculated=22.82 | Category=Formula Difference
BAJAJFINSV | 2024 | ROCE | Source=21.14 | Calculated=5.76 | Category=Formula Difference
BAJAJHLDNG | 2013 | ROCE | Source=13.10 | Calculated=3.14 | Category=Formula Difference
BAJAJHLDNG | 2014 | ROCE | Source=13.10 | Calculated=3.38 | Category=Formula Difference
BAJAJHLDNG | 2015 | ROCE | Source=13.10 | Calculated=3.88 | Category=Formula Difference
BAJAJHLDNG | 2016 | ROCE | Source=13.10 | Calculated=2.85 | Category=Formula Difference
BAJAJHLDNG | 2017 | ROCE | Source=13.10 | Calculated=3.57 | Category=Formula Difference
BAJAJHLDNG | 2022 | ROE | Source=14.80 | Calculated=9.63 | Category=Formula Difference
BAJFINANCE | 2015 | ROCE | Source=11.90 | Calculated=5.57 | Category=Formula Difference
BAJFINANCE | 2016 | ROCE | Source=11.90 | Calculated=5.28 | Category=Formula Difference
BAJFINANCE | 2017 | ROCE | Source=11.90 | Calculated=5.53 | Category=Formula Difference
BAJFINANCE | 2018 | ROE | Source=22.10 | Calculated=15.75 | Category=Formula Difference
BAJFINANCE | 2018 | ROCE | Source=11.90 | Calculated=5.02 | Category=Formula Difference
BAJFINANCE | 2019 | ROCE | Source=11.90 | Calculated=4.51 | Category=Formula Difference
BAJFINANCE | 2020 | ROE | Source=22.10 | Calculated=16.28 | Category=Formula Difference
BAJFINANCE | 2020 | ROCE | Source=11.90 | Calculated=5.66 | Category=Formula Difference
BAJFINANCE | 2021 | ROE | Source=22.10 | Calculated=11.97 | Category=Formula Difference
BAJFINANCE | 2021 | ROCE | Source=11.90 | Calculated=6.44 | Category=Formula Difference
BAJFINANCE | 2022 | ROE | Source=22.10 | Calculated=16.08 | Category=Formula Difference
BAJFINANCE | 2022 | ROCE | Source=11.90 | Calculated=5.71 | Category=Formula Difference
BAJFINANCE | 2023 | ROCE | Source=11.90 | Calculated=4.70 | Category=Formula Difference
BAJFINANCE | 2024 | ROCE | Source=11.90 | Calculated=4.36 | Category=Formula Difference
BAJFINANCE | 2024 | ROE | Source=22.10 | Calculated=16.65 | Category=Formula Difference
BAJFINANCE | 2024 | ROCE | Source=11.90 | Calculated=3.92 | Category=Formula Difference
BANKBARODA | 2013 | ROCE | Source=6.33 | Calculated=1.19 | Category=Formula Difference
BANKBARODA | 2014 | ROCE | Source=6.33 | Calculated=0.99 | Category=Formula Difference
BANKBARODA | 2015 | ROE | Source=16.70 | Calculated=9.40 | Category=Formula Difference
BANKBARODA | 2015 | ROCE | Source=6.33 | Calculated=1.13 | Category=Formula Difference
BANKBARODA | 2016 | ROE | Source=16.70 | Calculated=-11.84 | Category=Formula Difference
BANKBARODA | 2017 | ROE | Source=16.70 | Calculated=4.31 | Category=Formula Difference
BANKBARODA | 2018 | ROE | Source=16.70 | Calculated=-3.94 | Category=Formula Difference
BANKBARODA | 2019 | ROE | Source=16.70 | Calculated=2.12 | Category=Formula Difference
BANKBARODA | 2020 | ROE | Source=16.70 | Calculated=1.29 | Category=Formula Difference
BANKBARODA | 2021 | ROE | Source=16.70 | Calculated=1.97 | Category=Formula Difference
BANKBARODA | 2022 | ROE | Source=16.70 | Calculated=8.64 | Category=Formula Difference
BHARTIARTL | 2013 | ROE | Source=14.90 | Calculated=4.50 | Category=Formula Difference
BHARTIARTL | 2014 | ROE | Source=14.90 | Calculated=5.05 | Category=Formula Difference
BHARTIARTL | 2015 | ROCE | Source=13.10 | Calculated=24.68 | Category=Formula Difference
BHARTIARTL | 2016 | ROCE | Source=13.10 | Calculated=18.10 | Category=Formula Difference
BHARTIARTL | 2017 | ROE | Source=14.90 | Calculated=6.29 | Category=Formula Difference
BHARTIARTL | 2018 | ROE | Source=14.90 | Calculated=3.14 | Category=Formula Difference
BHARTIARTL | 2019 | ROE | Source=14.90 | Calculated=2.36 | Category=Formula Difference
BHARTIARTL | 2020 | ROE | Source=14.90 | Calculated=-39.75 | Category=Formula Difference
BHARTIARTL | 2020 | ROCE | Source=13.10 | Calculated=-6.73 | Category=Formula Difference
BHARTIARTL | 2021 | ROE | Source=14.90 | Calculated=-20.97 | Category=Formula Difference
BHARTIARTL | 2022 | ROCE | Source=13.10 | Calculated=19.29 | Category=Formula Difference
BHARTIARTL | 2024 | ROE | Source=14.90 | Calculated=9.83 | Category=Formula Difference
BEL | 2013 | ROE | Source=26.30 | Calculated=15183.33 | Category=Formula Difference
BEL | 2013 | ROCE | Source=34.60 | Calculated=4280.00 | Category=Formula Difference
BEL | 2014 | ROE | Source=26.30 | Calculated=13600.00 | Category=Formula Difference
BEL | 2014 | ROCE | Source=34.60 | Calculated=4842.86 | Category=Formula Difference
BEL | 2015 | ROE | Source=26.30 | Calculated=17100.00 | Category=Formula Difference
BEL | 2015 | ROCE | Source=34.60 | Calculated=5087.88 | Category=Formula Difference
BEL | 2016 | ROE | Source=26.30 | Calculated=11141.67 | Category=Formula Difference
BEL | 2016 | ROCE | Source=34.60 | Calculated=5286.49 | Category=Formula Difference
BEL | 2017 | ROE | Source=26.30 | Calculated=10153.33 | Category=Formula Difference
BEL | 2017 | ROCE | Source=34.60 | Calculated=4986.36 | Category=Formula Difference
BEL | 2018 | ROE | Source=26.30 | Calculated=4616.13 | Category=Formula Difference
BEL | 2018 | ROCE | Source=34.60 | Calculated=2821.52 | Category=Formula Difference
BEL | 2019 | ROE | Source=26.30 | Calculated=3851.02 | Category=Formula Difference
BEL | 2019 | ROCE | Source=34.60 | Calculated=3089.58 | Category=Formula Difference
BEL | 2020 | ROE | Source=26.30 | Calculated=3318.18 | Category=Formula Difference
BEL | 2020 | ROCE | Source=34.60 | Calculated=2878.79 | Category=Formula Difference
BEL | 2021 | ROE | Source=26.30 | Calculated=3559.32 | Category=Formula Difference
BEL | 2021 | ROCE | Source=34.60 | Calculated=3082.41 | Category=Formula Difference
BEL | 2022 | ROE | Source=26.30 | Calculated=3478.26 | Category=Formula Difference
BEL | 2022 | ROCE | Source=34.60 | Calculated=2808.66 | Category=Formula Difference
BEL | 2023 | ROE | Source=26.30 | Calculated=3981.33 | Category=Formula Difference
BEL | 2023 | ROCE | Source=34.60 | Calculated=3817.54 | Category=Formula Difference
BEL | 2024 | ROE | Source=26.30 | Calculated=4744.05 | Category=Formula Difference
BEL | 2024 | ROCE | Source=34.60 | Calculated=4495.28 | Category=Formula Difference
BEL | 2024 | ROE | Source=26.30 | Calculated=4379.12 | Category=Formula Difference
BEL | 2024 | ROCE | Source=34.60 | Calculated=3378.11 | Category=Formula Difference
BHEL | 2013 | ROE | Source=1.05 | Calculated=21.91 | Category=Formula Difference
BHEL | 2013 | ROCE | Source=3.28 | Calculated=31.54 | Category=Formula Difference
BHEL | 2014 | ROE | Source=1.05 | Calculated=10.56 | Category=Formula Difference
BHEL | 2014 | ROCE | Source=3.28 | Calculated=16.01 | Category=Formula Difference
BHEL | 2015 | ROCE | Source=3.28 | Calculated=9.06 | Category=Formula Difference
BHEL | 2020 | ROE | Source=1.05 | Calculated=-5.12 | Category=Formula Difference
BHEL | 2021 | ROE | Source=1.05 | Calculated=-10.39 | Category=Formula Difference
BHEL | 2021 | ROCE | Source=3.28 | Calculated=-10.10 | Category=Formula Difference
BOSCHLTD | 2012 | ROCE | Source=20.60 | Calculated=29.52 | Category=Formula Difference
BOSCHLTD | 2015 | ROCE | Source=20.60 | Calculated=33.57 | Category=Formula Difference
BOSCHLTD | 2016 | ROCE | Source=20.60 | Calculated=25.96 | Category=Formula Difference
BOSCHLTD | 2017 | ROCE | Source=20.60 | Calculated=32.37 | Category=Formula Difference
BOSCHLTD | 2019 | ROCE | Source=20.60 | Calculated=30.03 | Category=Formula Difference
BOSCHLTD | 2020 | ROE | Source=16.00 | Calculated=7.01 | Category=Formula Difference
BOSCHLTD | 2020 | ROCE | Source=20.60 | Calculated=14.64 | Category=Formula Difference
BOSCHLTD | 2021 | ROE | Source=16.00 | Calculated=4.91 | Category=Formula Difference
BOSCHLTD | 2021 | ROCE | Source=20.60 | Calculated=9.19 | Category=Formula Difference
BOSCHLTD | 2024 | ROCE | Source=20.60 | Calculated=29.83 | Category=Formula Difference
BOSCHLTD | 2024 | ROCE | Source=20.60 | Calculated=28.27 | Category=Formula Difference
BPCL | 2013 | ROE | Source=41.90 | Calculated=11.54 | Category=Formula Difference
BPCL | 2013 | ROCE | Source=32.10 | Calculated=11.38 | Category=Formula Difference
BPCL | 2014 | ROE | Source=41.90 | Calculated=20.85 | Category=Formula Difference
BPCL | 2014 | ROCE | Source=32.10 | Calculated=16.69 | Category=Formula Difference
BPCL | 2015 | ROE | Source=41.90 | Calculated=22.52 | Category=Formula Difference
BPCL | 2015 | ROCE | Source=32.10 | Calculated=22.30 | Category=Formula Difference
BPCL | 2016 | ROE | Source=41.90 | Calculated=29.10 | Category=Formula Difference
BPCL | 2017 | ROE | Source=41.90 | Calculated=30.85 | Category=Formula Difference
BPCL | 2017 | ROCE | Source=32.10 | Calculated=23.76 | Category=Formula Difference
BPCL | 2018 | ROE | Source=41.90 | Calculated=26.74 | Category=Formula Difference
BPCL | 2018 | ROCE | Source=32.10 | Calculated=22.97 | Category=Formula Difference
BPCL | 2019 | ROE | Source=41.90 | Calculated=22.00 | Category=Formula Difference
BPCL | 2019 | ROCE | Source=32.10 | Calculated=19.52 | Category=Formula Difference
BPCL | 2020 | ROE | Source=41.90 | Calculated=10.04 | Category=Formula Difference
BPCL | 2020 | ROCE | Source=32.10 | Calculated=7.58 | Category=Formula Difference
BPCL | 2021 | ROE | Source=41.90 | Calculated=32.34 | Category=Formula Difference
BPCL | 2021 | ROCE | Source=32.10 | Calculated=24.76 | Category=Formula Difference
BPCL | 2022 | ROE | Source=41.90 | Calculated=22.51 | Category=Formula Difference
BPCL | 2022 | ROCE | Source=32.10 | Calculated=18.44 | Category=Formula Difference
BPCL | 2023 | ROE | Source=41.90 | Calculated=3.98 | Category=Formula Difference
BPCL | 2023 | ROCE | Source=32.10 | Calculated=7.48 | Category=Formula Difference
BPCL | 2024 | ROE | Source=41.90 | Calculated=35.51 | Category=Formula Difference
BPCL | 2024 | ROE | Source=41.90 | Calculated=34.83 | Category=Formula Difference
BRITANNIA | 2013 | ROE | Source=57.10 | Calculated=46.59 | Category=Formula Difference
BRITANNIA | 2014 | ROE | Source=57.10 | Calculated=49.50 | Category=Formula Difference
BRITANNIA | 2014 | ROCE | Source=48.90 | Calculated=68.88 | Category=Formula Difference
BRITANNIA | 2015 | ROCE | Source=48.90 | Calculated=78.71 | Category=Formula Difference
BRITANNIA | 2016 | ROE | Source=57.10 | Calculated=39.44 | Category=Formula Difference
BRITANNIA | 2016 | ROCE | Source=48.90 | Calculated=60.01 | Category=Formula Difference
BRITANNIA | 2017 | ROE | Source=57.10 | Calculated=32.83 | Category=Formula Difference
BRITANNIA | 2018 | ROE | Source=57.10 | Calculated=29.48 | Category=Formula Difference
BRITANNIA | 2019 | ROE | Source=57.10 | Calculated=27.16 | Category=Formula Difference
BRITANNIA | 2019 | ROCE | Source=48.90 | Calculated=43.75 | Category=Formula Difference
BRITANNIA | 2020 | ROE | Source=57.10 | Calculated=31.66 | Category=Formula Difference
BRITANNIA | 2020 | ROCE | Source=48.90 | Calculated=34.15 | Category=Formula Difference
BRITANNIA | 2023 | ROE | Source=57.10 | Calculated=65.53 | Category=Formula Difference
BRITANNIA | 2024 | ROE | Source=57.10 | Calculated=66.48 | Category=Formula Difference
CANBK | 2013 | ROE | Source=17.90 | Calculated=11.90 | Category=Formula Difference
CANBK | 2013 | ROCE | Source=6.63 | Calculated=0.97 | Category=Formula Difference
CANBK | 2014 | ROE | Source=17.90 | Calculated=8.85 | Category=Formula Difference
CANBK | 2014 | ROCE | Source=6.63 | Calculated=1.15 | Category=Formula Difference
CANBK | 2015 | ROE | Source=17.90 | Calculated=9.02 | Category=Formula Difference
CANBK | 2015 | ROCE | Source=6.63 | Calculated=1.05 | Category=Formula Difference
CANBK | 2016 | ROE | Source=17.90 | Calculated=-7.82 | Category=Formula Difference
CANBK | 2017 | ROE | Source=17.90 | Calculated=4.07 | Category=Formula Difference
CANBK | 2017 | ROCE | Source=6.63 | Calculated=1.37 | Category=Formula Difference
CANBK | 2018 | ROE | Source=17.90 | Calculated=-10.50 | Category=Formula Difference
CANBK | 2019 | ROE | Source=17.90 | Calculated=1.85 | Category=Formula Difference
CANBK | 2020 | ROE | Source=17.90 | Calculated=-4.66 | Category=Formula Difference
CANBK | 2021 | ROE | Source=17.90 | Calculated=4.74 | Category=Formula Difference
CANBK | 2022 | ROE | Source=17.90 | Calculated=8.80 | Category=Formula Difference
CANBK | 2022 | ROCE | Source=6.63 | Calculated=1.46 | Category=Formula Difference
CANBK | 2023 | ROCE | Source=6.63 | Calculated=1.33 | Category=Formula Difference
CANBK | 2024 | ROCE | Source=6.63 | Calculated=1.20 | Category=Formula Difference
CHOLAFIN | 2013 | ROCE | Source=10.40 | Calculated=4.09 | Category=Formula Difference
CHOLAFIN | 2014 | ROCE | Source=10.40 | Calculated=4.66 | Category=Formula Difference
CHOLAFIN | 2015 | ROCE | Source=10.40 | Calculated=4.77 | Category=Formula Difference
CHOLAFIN | 2016 | ROCE | Source=10.40 | Calculated=4.90 | Category=Formula Difference
CHOLAFIN | 2017 | ROCE | Source=10.40 | Calculated=4.73 | Category=Formula Difference
CHOLAFIN | 2018 | ROCE | Source=10.40 | Calculated=3.40 | Category=Formula Difference
CHOLAFIN | 2019 | ROCE | Source=10.40 | Calculated=2.92 | Category=Formula Difference
CHOLAFIN | 2020 | ROE | Source=20.20 | Calculated=12.85 | Category=Formula Difference
CHOLAFIN | 2020 | ROCE | Source=10.40 | Calculated=3.86 | Category=Formula Difference
CHOLAFIN | 2021 | ROCE | Source=10.40 | Calculated=3.93 | Category=Formula Difference
CHOLAFIN | 2022 | ROCE | Source=10.40 | Calculated=3.55 | Category=Formula Difference
CHOLAFIN | 2023 | ROCE | Source=10.40 | Calculated=3.07 | Category=Formula Difference
CHOLAFIN | 2024 | ROCE | Source=10.40 | Calculated=3.35 | Category=Formula Difference
CHOLAFIN | 2024 | ROCE | Source=10.40 | Calculated=2.87 | Category=Formula Difference
CIPLA | 2013 | ROCE | Source=22.80 | Calculated=58.55 | Category=Formula Difference
CIPLA | 2014 | ROCE | Source=22.80 | Calculated=69.00 | Category=Formula Difference
CIPLA | 2015 | ROE | Source=16.80 | Calculated=11.38 | Category=Formula Difference
CIPLA | 2015 | ROCE | Source=22.80 | Calculated=72.28 | Category=Formula Difference
CIPLA | 2016 | ROCE | Source=22.80 | Calculated=66.51 | Category=Formula Difference
CIPLA | 2017 | ROE | Source=16.80 | Calculated=8.25 | Category=Formula Difference
CIPLA | 2017 | ROCE | Source=22.80 | Calculated=70.28 | Category=Formula Difference
CIPLA | 2018 | ROE | Source=16.80 | Calculated=9.96 | Category=Formula Difference
CIPLA | 2018 | ROCE | Source=22.80 | Calculated=65.85 | Category=Formula Difference
CIPLA | 2019 | ROE | Source=16.80 | Calculated=9.94 | Category=Formula Difference
CIPLA | 2019 | ROCE | Source=22.80 | Calculated=66.26 | Category=Formula Difference
CIPLA | 2020 | ROE | Source=16.80 | Calculated=9.52 | Category=Formula Difference
CIPLA | 2020 | ROCE | Source=22.80 | Calculated=73.21 | Category=Formula Difference
CIPLA | 2021 | ROCE | Source=22.80 | Calculated=72.09 | Category=Formula Difference
CIPLA | 2022 | ROCE | Source=22.80 | Calculated=78.24 | Category=Formula Difference
CIPLA | 2023 | ROCE | Source=22.80 | Calculated=72.10 | Category=Formula Difference
CIPLA | 2024 | ROCE | Source=22.80 | Calculated=69.52 | Category=Formula Difference
CIPLA | 2024 | ROCE | Source=22.80 | Calculated=65.76 | Category=Formula Difference
COALINDIA | 2013 | ROE | Source=52.00 | Calculated=35.81 | Category=Formula Difference
COALINDIA | 2013 | ROCE | Source=63.60 | Calculated=83.35 | Category=Formula Difference
COALINDIA | 2014 | ROE | Source=52.00 | Calculated=35.64 | Category=Formula Difference
COALINDIA | 2014 | ROCE | Source=63.60 | Calculated=107.32 | Category=Formula Difference
COALINDIA | 2015 | ROE | Source=52.00 | Calculated=34.02 | Category=Formula Difference
COALINDIA | 2015 | ROCE | Source=63.60 | Calculated=123.23 | Category=Formula Difference
COALINDIA | 2016 | ROE | Source=52.00 | Calculated=40.96 | Category=Formula Difference
COALINDIA | 2016 | ROCE | Source=63.60 | Calculated=147.74 | Category=Formula Difference
COALINDIA | 2017 | ROE | Source=52.00 | Calculated=37.85 | Category=Formula Difference
COALINDIA | 2017 | ROCE | Source=63.60 | Calculated=219.44 | Category=Formula Difference
COALINDIA | 2018 | ROE | Source=52.00 | Calculated=34.88 | Category=Formula Difference
COALINDIA | 2018 | ROCE | Source=63.60 | Calculated=326.91 | Category=Formula Difference
COALINDIA | 2019 | ROE | Source=52.00 | Calculated=66.01 | Category=Formula Difference
COALINDIA | 2019 | ROCE | Source=63.60 | Calculated=239.91 | Category=Formula Difference
COALINDIA | 2020 | ROCE | Source=63.60 | Calculated=176.41 | Category=Formula Difference
COALINDIA | 2021 | ROE | Source=52.00 | Calculated=34.78 | Category=Formula Difference
COALINDIA | 2021 | ROCE | Source=63.60 | Calculated=159.61 | Category=Formula Difference
COALINDIA | 2022 | ROE | Source=52.00 | Calculated=40.28 | Category=Formula Difference
COALINDIA | 2022 | ROCE | Source=63.60 | Calculated=173.93 | Category=Formula Difference
COALINDIA | 2023 | ROCE | Source=63.60 | Calculated=134.24 | Category=Formula Difference
COALINDIA | 2024 | ROE | Source=52.00 | Calculated=45.17 | Category=Formula Difference
COALINDIA | 2024 | ROCE | Source=63.60 | Calculated=96.34 | Category=Formula Difference
COALINDIA | 2024 | ROE | Source=52.00 | Calculated=38.85 | Category=Formula Difference
COALINDIA | 2024 | ROCE | Source=63.60 | Calculated=82.67 | Category=Formula Difference
DABUR | 2013 | ROE | Source=19.20 | Calculated=36.56 | Category=Formula Difference
DABUR | 2013 | ROCE | Source=22.30 | Calculated=31.82 | Category=Formula Difference
DABUR | 2014 | ROE | Source=19.20 | Calculated=34.49 | Category=Formula Difference
DABUR | 2014 | ROCE | Source=22.30 | Calculated=36.68 | Category=Formula Difference
DABUR | 2015 | ROE | Source=19.20 | Calculated=31.84 | Category=Formula Difference
DABUR | 2015 | ROCE | Source=22.30 | Calculated=35.08 | Category=Formula Difference
DABUR | 2016 | ROE | Source=19.20 | Calculated=30.06 | Category=Formula Difference
DABUR | 2016 | ROCE | Source=22.30 | Calculated=33.90 | Category=Formula Difference
DABUR | 2017 | ROE | Source=19.20 | Calculated=26.41 | Category=Formula Difference
DABUR | 2017 | ROCE | Source=22.30 | Calculated=30.13 | Category=Formula Difference
DABUR | 2018 | ROCE | Source=22.30 | Calculated=27.92 | Category=Formula Difference
DABUR | 2019 | ROE | Source=19.20 | Calculated=25.67 | Category=Formula Difference
DABUR | 2019 | ROCE | Source=22.30 | Calculated=30.04 | Category=Formula Difference
DABUR | 2020 | ROCE | Source=22.30 | Calculated=27.31 | Category=Formula Difference
DABUR | 2021 | ROCE | Source=22.30 | Calculated=28.09 | Category=Formula Difference
DIVISLAB | 2013 | ROE | Source=12.20 | Calculated=24.07 | Category=Formula Difference
DIVISLAB | 2013 | ROCE | Source=16.50 | Calculated=33.86 | Category=Formula Difference
DIVISLAB | 2014 | ROE | Source=12.20 | Calculated=26.08 | Category=Formula Difference
DIVISLAB | 2014 | ROCE | Source=16.50 | Calculated=36.32 | Category=Formula Difference
DIVISLAB | 2015 | ROE | Source=12.20 | Calculated=24.37 | Category=Formula Difference
DIVISLAB | 2015 | ROCE | Source=16.50 | Calculated=34.29 | Category=Formula Difference
DIVISLAB | 2016 | ROE | Source=12.20 | Calculated=26.23 | Category=Formula Difference
DIVISLAB | 2016 | ROCE | Source=16.50 | Calculated=34.86 | Category=Formula Difference
DIVISLAB | 2017 | ROE | Source=12.20 | Calculated=19.79 | Category=Formula Difference
DIVISLAB | 2017 | ROCE | Source=16.50 | Calculated=28.17 | Category=Formula Difference
DIVISLAB | 2018 | ROCE | Source=16.50 | Calculated=22.95 | Category=Formula Difference
DIVISLAB | 2019 | ROE | Source=12.20 | Calculated=19.45 | Category=Formula Difference
DIVISLAB | 2019 | ROCE | Source=16.50 | Calculated=28.64 | Category=Formula Difference
DIVISLAB | 2020 | ROE | Source=12.20 | Calculated=18.84 | Category=Formula Difference
DIVISLAB | 2020 | ROCE | Source=16.50 | Calculated=27.28 | Category=Formula Difference
DIVISLAB | 2021 | ROE | Source=12.20 | Calculated=21.34 | Category=Formula Difference
DIVISLAB | 2021 | ROCE | Source=16.50 | Calculated=31.42 | Category=Formula Difference
DIVISLAB | 2022 | ROE | Source=12.20 | Calculated=25.24 | Category=Formula Difference
DIVISLAB | 2022 | ROCE | Source=16.50 | Calculated=34.05 | Category=Formula Difference
DLF | 2015 | ROE | Source=6.95 | Calculated=1.85 | Category=Formula Difference
DLF | 2016 | ROE | Source=6.95 | Calculated=1.27 | Category=Formula Difference
DLF | 2018 | ROE | Source=6.95 | Calculated=12.68 | Category=Formula Difference
DLF | 2018 | ROCE | Source=5.74 | Calculated=17.33 | Category=Formula Difference
DLF | 2020 | ROE | Source=6.95 | Calculated=-1.71 | Category=Formula Difference
DMART | 2013 | ROCE | Source=19.40 | Calculated=14.22 | Category=Formula Difference
DMART | 2016 | ROE | Source=14.50 | Calculated=21.04 | Category=Formula Difference
DMART | 2018 | ROCE | Source=19.40 | Calculated=27.04 | Category=Formula Difference
DMART | 2019 | ROCE | Source=19.40 | Calculated=25.99 | Category=Formula Difference
DMART | 2021 | ROE | Source=14.50 | Calculated=9.02 | Category=Formula Difference
DRREDDY | 2017 | ROE | Source=21.40 | Calculated=10.54 | Category=Formula Difference
DRREDDY | 2017 | ROCE | Source=26.50 | Calculated=14.93 | Category=Formula Difference
DRREDDY | 2018 | ROE | Source=21.40 | Calculated=7.53 | Category=Formula Difference
DRREDDY | 2018 | ROCE | Source=26.50 | Calculated=13.76 | Category=Formula Difference
DRREDDY | 2019 | ROE | Source=21.40 | Calculated=13.90 | Category=Formula Difference
DRREDDY | 2019 | ROCE | Source=26.50 | Calculated=19.43 | Category=Formula Difference
DRREDDY | 2020 | ROE | Source=21.40 | Calculated=12.99 | Category=Formula Difference
DRREDDY | 2020 | ROCE | Source=26.50 | Calculated=17.12 | Category=Formula Difference
DRREDDY | 2021 | ROE | Source=21.40 | Calculated=11.07 | Category=Formula Difference
DRREDDY | 2021 | ROCE | Source=26.50 | Calculated=19.89 | Category=Formula Difference
DRREDDY | 2022 | ROE | Source=21.40 | Calculated=11.36 | Category=Formula Difference
DRREDDY | 2022 | ROCE | Source=26.50 | Calculated=18.71 | Category=Formula Difference
EICHERMOT | 2012 | ROCE | Source=31.10 | Calculated=38.36 | Category=Formula Difference
EICHERMOT | 2013 | ROCE | Source=31.10 | Calculated=37.40 | Category=Formula Difference
EICHERMOT | 2014 | ROCE | Source=31.10 | Calculated=47.13 | Category=Formula Difference
EICHERMOT | 2016 | ROE | Source=24.20 | Calculated=36.63 | Category=Formula Difference
EICHERMOT | 2016 | ROCE | Source=31.10 | Calculated=54.79 | Category=Formula Difference
EICHERMOT | 2017 | ROE | Source=24.20 | Calculated=31.19 | Category=Formula Difference
EICHERMOT | 2017 | ROCE | Source=31.10 | Calculated=47.39 | Category=Formula Difference
EICHERMOT | 2018 | ROCE | Source=31.10 | Calculated=46.51 | Category=Formula Difference
EICHERMOT | 2019 | ROCE | Source=31.10 | Calculated=39.52 | Category=Formula Difference
EICHERMOT | 2020 | ROE | Source=24.20 | Calculated=18.30 | Category=Formula Difference
EICHERMOT | 2021 | ROE | Source=24.20 | Calculated=11.78 | Category=Formula Difference
EICHERMOT | 2021 | ROCE | Source=31.10 | Calculated=19.29 | Category=Formula Difference
EICHERMOT | 2022 | ROE | Source=24.20 | Calculated=13.30 | Category=Formula Difference
EICHERMOT | 2022 | ROCE | Source=31.10 | Calculated=20.88 | Category=Formula Difference
GAIL | 2016 | ROE | Source=14.00 | Calculated=5.15 | Category=Formula Difference
GAIL | 2017 | ROE | Source=14.00 | Calculated=8.58 | Category=Formula Difference
GAIL | 2019 | ROCE | Source=14.70 | Calculated=23.84 | Category=Formula Difference
GAIL | 2020 | ROE | Source=14.00 | Calculated=19.31 | Category=Formula Difference
GAIL | 2020 | ROCE | Source=14.70 | Calculated=22.27 | Category=Formula Difference
GAIL | 2022 | ROE | Source=14.00 | Calculated=19.19 | Category=Formula Difference
GAIL | 2022 | ROCE | Source=14.70 | Calculated=24.39 | Category=Formula Difference
GAIL | 2023 | ROE | Source=14.00 | Calculated=8.62 | Category=Formula Difference
GODREJCP | 2013 | ROE | Source=6.77 | Calculated=25.51 | Category=Formula Difference
GODREJCP | 2013 | ROCE | Source=26.49 | Calculated=19.10 | Category=Formula Difference
GODREJCP | 2014 | ROE | Source=6.77 | Calculated=21.70 | Category=Formula Difference
GODREJCP | 2014 | ROCE | Source=26.49 | Calculated=18.07 | Category=Formula Difference
GODREJCP | 2015 | ROE | Source=6.77 | Calculated=22.64 | Category=Formula Difference
GODREJCP | 2015 | ROCE | Source=26.49 | Calculated=19.07 | Category=Formula Difference
GODREJCP | 2016 | ROE | Source=6.77 | Calculated=19.48 | Category=Formula Difference
GODREJCP | 2016 | ROCE | Source=26.49 | Calculated=17.70 | Category=Formula Difference
GODREJCP | 2017 | ROE | Source=6.77 | Calculated=24.67 | Category=Formula Difference
GODREJCP | 2017 | ROCE | Source=26.49 | Calculated=19.66 | Category=Formula Difference
GODREJCP | 2018 | ROE | Source=6.77 | Calculated=26.11 | Category=Formula Difference
GODREJCP | 2019 | ROE | Source=6.77 | Calculated=32.23 | Category=Formula Difference
GODREJCP | 2019 | ROCE | Source=26.49 | Calculated=21.19 | Category=Formula Difference
GODREJCP | 2020 | ROE | Source=6.77 | Calculated=18.95 | Category=Formula Difference
GODREJCP | 2020 | ROCE | Source=26.49 | Calculated=17.07 | Category=Formula Difference
GODREJCP | 2021 | ROE | Source=6.77 | Calculated=18.23 | Category=Formula Difference
GODREJCP | 2021 | ROCE | Source=26.49 | Calculated=20.21 | Category=Formula Difference
GODREJCP | 2022 | ROE | Source=6.77 | Calculated=15.43 | Category=Formula Difference
GODREJCP | 2022 | ROCE | Source=26.49 | Calculated=17.84 | Category=Formula Difference
GODREJCP | 2023 | ROE | Source=6.77 | Calculated=12.34 | Category=Formula Difference
GODREJCP | 2023 | ROCE | Source=26.49 | Calculated=15.87 | Category=Formula Difference
GODREJCP | 2024 | ROE | Source=6.77 | Calculated=-4.45 | Category=Formula Difference
GODREJCP | 2024 | ROCE | Source=26.49 | Calculated=2.77 | Category=Formula Difference
GODREJCP | 2024 | ROE | Source=6.77 | Calculated=-4.61 | Category=Formula Difference
GODREJCP | 2024 | ROCE | Source=26.49 | Calculated=2.74 | Category=Formula Difference
GRASIM | 2013 | ROE | Source=6.90 | Calculated=19.22 | Category=Formula Difference
GRASIM | 2013 | ROCE | Source=9.30 | Calculated=21.99 | Category=Formula Difference
GRASIM | 2014 | ROE | Source=6.90 | Calculated=13.67 | Category=Formula Difference
GRASIM | 2014 | ROCE | Source=9.30 | Calculated=16.12 | Category=Formula Difference
GRASIM | 2016 | ROE | Source=6.90 | Calculated=12.60 | Category=Formula Difference
GRASIM | 2016 | ROCE | Source=9.30 | Calculated=16.31 | Category=Formula Difference
GRASIM | 2017 | ROE | Source=6.90 | Calculated=13.53 | Category=Formula Difference
GRASIM | 2017 | ROCE | Source=9.30 | Calculated=19.12 | Category=Formula Difference
GRASIM | 2022 | ROE | Source=6.90 | Calculated=14.80 | Category=Formula Difference
GRASIM | 2023 | ROE | Source=6.90 | Calculated=14.07 | Category=Formula Difference
HAL | 2017 | ROE | Source=28.90 | Calculated=1966.92 | Category=Formula Difference
HAL | 2017 | ROCE | Source=38.90 | Calculated=3158.52 | Category=Formula Difference
HAL | 2018 | ROE | Source=28.90 | Calculated=1528.46 | Category=Formula Difference
HAL | 2018 | ROCE | Source=38.90 | Calculated=3147.37 | Category=Formula Difference
HAL | 2019 | ROE | Source=28.90 | Calculated=1763.91 | Category=Formula Difference
HAL | 2019 | ROCE | Source=38.90 | Calculated=3381.56 | Category=Formula Difference
HAL | 2020 | ROE | Source=28.90 | Calculated=2059.42 | Category=Formula Difference
HAL | 2020 | ROCE | Source=38.90 | Calculated=3525.71 | Category=Formula Difference
HAL | 2021 | ROE | Source=28.90 | Calculated=2249.31 | Category=Formula Difference
HAL | 2021 | ROCE | Source=38.90 | Calculated=3622.67 | Category=Formula Difference
HAL | 2022 | ROE | Source=28.90 | Calculated=3324.18 | Category=Formula Difference
HAL | 2022 | ROCE | Source=38.90 | Calculated=3843.03 | Category=Formula Difference
HAL | 2023 | ROE | Source=28.90 | Calculated=3283.05 | Category=Formula Difference
HAL | 2023 | ROCE | Source=38.90 | Calculated=3695.09 | Category=Formula Difference
HAL | 2024 | ROE | Source=28.90 | Calculated=3816.58 | Category=Formula Difference
HAL | 2024 | ROCE | Source=38.90 | Calculated=3604.04 | Category=Formula Difference
HAL | 2024 | ROE | Source=28.90 | Calculated=3669.08 | Category=Formula Difference
HAL | 2024 | ROCE | Source=38.90 | Calculated=3506.04 | Category=Formula Difference
HAVELLS | 2013 | ROE | Source=18.00 | Calculated=40.29 | Category=Formula Difference
HAVELLS | 2013 | ROCE | Source=24.40 | Calculated=31.89 | Category=Formula Difference
HAVELLS | 2014 | ROE | Source=18.00 | Calculated=26.77 | Category=Formula Difference
HAVELLS | 2015 | ROCE | Source=24.40 | Calculated=31.53 | Category=Formula Difference
HAVELLS | 2016 | ROE | Source=18.00 | Calculated=42.95 | Category=Formula Difference
HAVELLS | 2016 | ROCE | Source=24.40 | Calculated=52.33 | Category=Formula Difference
HAVELLS | 2019 | ROCE | Source=24.40 | Calculated=30.22 | Category=Formula Difference
HAVELLS | 2021 | ROCE | Source=24.40 | Calculated=29.59 | Category=Formula Difference
HCLTECH | 2013 | ROE | Source=23.30 | Calculated=30.69 | Category=Formula Difference
HCLTECH | 2013 | ROCE | Source=29.60 | Calculated=41.57 | Category=Formula Difference
HCLTECH | 2014 | ROE | Source=23.30 | Calculated=33.39 | Category=Formula Difference
HCLTECH | 2014 | ROCE | Source=29.60 | Calculated=41.80 | Category=Formula Difference
HCLTECH | 2015 | ROE | Source=23.30 | Calculated=30.31 | Category=Formula Difference
HCLTECH | 2015 | ROCE | Source=29.60 | Calculated=38.28 | Category=Formula Difference
HDFCBANK | 2013 | ROCE | Source=7.67 | Calculated=1.48 | Category=Formula Difference
HDFCBANK | 2014 | ROCE | Source=7.67 | Calculated=1.13 | Category=Formula Difference
HDFCBANK | 2015 | ROCE | Source=7.67 | Calculated=1.16 | Category=Formula Difference
HDFCBANK | 2016 | ROCE | Source=7.67 | Calculated=1.22 | Category=Formula Difference
HDFCBANK | 2017 | ROCE | Source=7.67 | Calculated=1.32 | Category=Formula Difference
HDFCBANK | 2018 | ROCE | Source=7.67 | Calculated=1.28 | Category=Formula Difference
HDFCBANK | 2019 | ROCE | Source=7.67 | Calculated=1.29 | Category=Formula Difference
HDFCBANK | 2020 | ROCE | Source=7.67 | Calculated=1.36 | Category=Formula Difference
HDFCBANK | 2021 | ROCE | Source=7.67 | Calculated=1.46 | Category=Formula Difference
HDFCBANK | 2022 | ROCE | Source=7.67 | Calculated=1.22 | Category=Formula Difference
HDFCBANK | 2023 | ROCE | Source=7.67 | Calculated=1.20 | Category=Formula Difference
HDFCBANK | 2024 | ROCE | Source=7.67 | Calculated=1.40 | Category=Formula Difference
HDFCLIFE | 2013 | ROE | Source=11.40 | Calculated=33.43 | Category=Formula Difference
HDFCLIFE | 2013 | ROCE | Source=6.61 | Calculated=1010.55 | Category=Formula Difference
HDFCLIFE | 2014 | ROE | Source=11.40 | Calculated=37.60 | Category=Formula Difference
HDFCLIFE | 2014 | ROCE | Source=6.61 | Calculated=846.68 | Category=Formula Difference
HDFCLIFE | 2015 | ROE | Source=11.40 | Calculated=30.93 | Category=Formula Difference
HDFCLIFE | 2015 | ROCE | Source=6.61 | Calculated=1033.65 | Category=Formula Difference
HDFCLIFE | 2016 | ROE | Source=11.40 | Calculated=26.33 | Category=Formula Difference
HDFCLIFE | 2016 | ROCE | Source=6.61 | Calculated=550.56 | Category=Formula Difference
HDFCLIFE | 2017 | ROE | Source=11.40 | Calculated=23.18 | Category=Formula Difference
HDFCLIFE | 2017 | ROCE | Source=6.61 | Calculated=772.03 | Category=Formula Difference
HDFCLIFE | 2018 | ROE | Source=11.40 | Calculated=23.53 | Category=Formula Difference
HDFCLIFE | 2018 | ROCE | Source=6.61 | Calculated=656.90 | Category=Formula Difference
HDFCLIFE | 2019 | ROE | Source=11.40 | Calculated=22.65 | Category=Formula Difference
HDFCLIFE | 2019 | ROCE | Source=6.61 | Calculated=664.78 | Category=Formula Difference
HDFCLIFE | 2020 | ROE | Source=11.40 | Calculated=19.05 | Category=Formula Difference
HDFCLIFE | 2020 | ROCE | Source=6.61 | Calculated=409.49 | Category=Formula Difference
HDFCLIFE | 2021 | ROCE | Source=6.61 | Calculated=755.96 | Category=Formula Difference
HDFCLIFE | 2022 | ROCE | Source=6.61 | Calculated=404.48 | Category=Formula Difference
HDFCLIFE | 2023 | ROCE | Source=6.61 | Calculated=492.65 | Category=Formula Difference
HDFCLIFE | 2024 | ROCE | Source=6.61 | Calculated=643.10 | Category=Formula Difference
HDFCLIFE | 2024 | ROCE | Source=6.61 | Calculated=606.66 | Category=Formula Difference
HEROMOTOCO | 2014 | ROE | Source=22.00 | Calculated=37.38 | Category=Formula Difference
HEROMOTOCO | 2014 | ROCE | Source=29.10 | Calculated=360.69 | Category=Formula Difference
HEROMOTOCO | 2015 | ROE | Source=22.00 | Calculated=36.15 | Category=Formula Difference
HEROMOTOCO | 2015 | ROCE | Source=29.10 | Calculated=357.02 | Category=Formula Difference
HEROMOTOCO | 2016 | ROE | Source=22.00 | Calculated=35.23 | Category=Formula Difference
HEROMOTOCO | 2016 | ROCE | Source=29.10 | Calculated=260.62 | Category=Formula Difference
HEROMOTOCO | 2017 | ROE | Source=22.00 | Calculated=34.37 | Category=Formula Difference
HEROMOTOCO | 2017 | ROCE | Source=29.10 | Calculated=219.45 | Category=Formula Difference
HEROMOTOCO | 2018 | ROE | Source=22.00 | Calculated=31.09 | Category=Formula Difference
HEROMOTOCO | 2018 | ROCE | Source=29.10 | Calculated=217.84 | Category=Formula Difference
HEROMOTOCO | 2019 | ROCE | Source=29.10 | Calculated=210.10 | Category=Formula Difference
HEROMOTOCO | 2020 | ROCE | Source=29.10 | Calculated=159.93 | Category=Formula Difference
HEROMOTOCO | 2021 | ROCE | Source=29.10 | Calculated=164.76 | Category=Formula Difference
HEROMOTOCO | 2022 | ROE | Source=22.00 | Calculated=14.70 | Category=Formula Difference
HEROMOTOCO | 2022 | ROCE | Source=29.10 | Calculated=156.58 | Category=Formula Difference
HEROMOTOCO | 2023 | ROE | Source=22.00 | Calculated=16.81 | Category=Formula Difference
HEROMOTOCO | 2023 | ROCE | Source=29.10 | Calculated=171.30 | Category=Formula Difference
HEROMOTOCO | 2024 | ROCE | Source=29.10 | Calculated=174.15 | Category=Formula Difference
HEROMOTOCO | 2024 | ROCE | Source=29.10 | Calculated=162.66 | Category=Formula Difference
HINDALCO | 2013 | ROCE | Source=11.30 | Calculated=77.36 | Category=Formula Difference
HINDALCO | 2014 | ROCE | Source=11.30 | Calculated=74.98 | Category=Formula Difference
HINDALCO | 2015 | ROE | Source=10.20 | Calculated=0.68 | Category=Formula Difference
HINDALCO | 2015 | ROCE | Source=11.30 | Calculated=90.15 | Category=Formula Difference
HINDALCO | 2016 | ROE | Source=10.20 | Calculated=-1.73 | Category=Formula Difference
HINDALCO | 2016 | ROCE | Source=11.30 | Calculated=82.74 | Category=Formula Difference
HINDALCO | 2017 | ROE | Source=10.20 | Calculated=4.09 | Category=Formula Difference
HINDALCO | 2017 | ROCE | Source=11.30 | Calculated=78.89 | Category=Formula Difference
HINDALCO | 2018 | ROCE | Source=11.30 | Calculated=92.23 | Category=Formula Difference
HINDALCO | 2019 | ROCE | Source=11.30 | Calculated=103.64 | Category=Formula Difference
HINDALCO | 2020 | ROCE | Source=11.30 | Calculated=81.24 | Category=Formula Difference
HINDALCO | 2021 | ROCE | Source=11.30 | Calculated=86.32 | Category=Formula Difference
HINDALCO | 2022 | ROE | Source=10.20 | Calculated=17.56 | Category=Formula Difference
HINDALCO | 2022 | ROCE | Source=11.30 | Calculated=115.98 | Category=Formula Difference
HINDALCO | 2023 | ROCE | Source=11.30 | Calculated=128.46 | Category=Formula Difference
HINDALCO | 2024 | ROCE | Source=11.30 | Calculated=117.28 | Category=Formula Difference
HINDALCO | 2024 | ROCE | Source=11.30 | Calculated=108.20 | Category=Formula Difference
HINDUNILVR | 2013 | ROE | Source=20.20 | Calculated=134.00 | Category=Formula Difference
HINDUNILVR | 2013 | ROCE | Source=27.20 | Calculated=750.07 | Category=Formula Difference
HINDUNILVR | 2014 | ROE | Source=20.20 | Calculated=111.85 | Category=Formula Difference
HINDUNILVR | 2014 | ROCE | Source=27.20 | Calculated=661.43 | Category=Formula Difference
HINDUNILVR | 2015 | ROE | Source=20.20 | Calculated=108.67 | Category=Formula Difference
HINDUNILVR | 2015 | ROCE | Source=27.20 | Calculated=622.36 | Category=Formula Difference
HINDUNILVR | 2016 | ROE | Source=20.20 | Calculated=63.15 | Category=Formula Difference
HINDUNILVR | 2016 | ROCE | Source=27.20 | Calculated=382.34 | Category=Formula Difference
HINDUNILVR | 2017 | ROE | Source=20.20 | Calculated=66.58 | Category=Formula Difference
HINDUNILVR | 2017 | ROCE | Source=27.20 | Calculated=373.84 | Category=Formula Difference
HINDUNILVR | 2018 | ROE | Source=20.20 | Calculated=71.79 | Category=Formula Difference
HINDUNILVR | 2018 | ROCE | Source=27.20 | Calculated=380.63 | Category=Formula Difference
HINDUNILVR | 2019 | ROE | Source=20.20 | Calculated=77.03 | Category=Formula Difference
HINDUNILVR | 2019 | ROCE | Source=27.20 | Calculated=378.25 | Category=Formula Difference
HINDUNILVR | 2020 | ROE | Source=20.20 | Calculated=82.10 | Category=Formula Difference
HINDUNILVR | 2020 | ROCE | Source=27.20 | Calculated=358.77 | Category=Formula Difference
HINDUNILVR | 2021 | ROCE | Source=27.20 | Calculated=73.95 | Category=Formula Difference
HINDUNILVR | 2022 | ROCE | Source=27.20 | Calculated=78.63 | Category=Formula Difference
HINDUNILVR | 2023 | ROCE | Source=27.20 | Calculated=89.30 | Category=Formula Difference
HINDUNILVR | 2024 | ROCE | Source=27.20 | Calculated=88.13 | Category=Formula Difference
HINDUNILVR | 2024 | ROCE | Source=27.20 | Calculated=88.59 | Category=Formula Difference
ICICIBANK | 2013 | ROCE | Source=7.60 | Calculated=0.42 | Category=Formula Difference
ICICIBANK | 2014 | ROCE | Source=7.60 | Calculated=0.44 | Category=Formula Difference
ICICIBANK | 2015 | ROCE | Source=7.60 | Calculated=0.51 | Category=Formula Difference
ICICIBANK | 2016 | ROE | Source=18.80 | Calculated=11.61 | Category=Formula Difference
ICICIBANK | 2016 | ROCE | Source=7.60 | Calculated=1.32 | Category=Formula Difference
ICICIBANK | 2017 | ROE | Source=18.80 | Calculated=10.84 | Category=Formula Difference
ICICIBANK | 2017 | ROCE | Source=7.60 | Calculated=1.41 | Category=Formula Difference
ICICIBANK | 2018 | ROE | Source=18.80 | Calculated=8.23 | Category=Formula Difference
ICICIBANK | 2018 | ROCE | Source=7.60 | Calculated=1.72 | Category=Formula Difference
ICICIBANK | 2019 | ROE | Source=18.80 | Calculated=4.98 | Category=Formula Difference
ICICIBANK | 2019 | ROCE | Source=7.60 | Calculated=2.42 | Category=Formula Difference
ICICIBANK | 2020 | ROE | Source=18.80 | Calculated=9.13 | Category=Formula Difference
ICICIBANK | 2020 | ROCE | Source=7.60 | Calculated=1.79 | Category=Formula Difference
ICICIBANK | 2021 | ROE | Source=18.80 | Calculated=12.92 | Category=Formula Difference
ICICIBANK | 2021 | ROCE | Source=7.60 | Calculated=1.51 | Category=Formula Difference
ICICIBANK | 2022 | ROCE | Source=7.60 | Calculated=1.30 | Category=Formula Difference
ICICIBANK | 2023 | ROCE | Source=7.60 | Calculated=1.41 | Category=Formula Difference
ICICIBANK | 2024 | ROCE | Source=7.60 | Calculated=1.21 | Category=Formula Difference
ICICIGI | 2013 | ROCE | Source=22.50 | Calculated=192.57 | Category=Formula Difference
ICICIGI | 2014 | ROCE | Source=22.50 | Calculated=156.89 | Category=Formula Difference
ICICIGI | 2015 | ROCE | Source=22.50 | Calculated=119.85 | Category=Formula Difference
ICICIGI | 2016 | ROCE | Source=22.50 | Calculated=163.18 | Category=Formula Difference
ICICIGI | 2017 | ROCE | Source=22.50 | Calculated=150.82 | Category=Formula Difference
ICICIGI | 2018 | ROCE | Source=22.50 | Calculated=111.44 | Category=Formula Difference
ICICIGI | 2019 | ROCE | Source=22.50 | Calculated=161.61 | Category=Formula Difference
ICICIGI | 2020 | ROCE | Source=22.50 | Calculated=147.23 | Category=Formula Difference
ICICIGI | 2021 | ROCE | Source=22.50 | Calculated=124.88 | Category=Formula Difference
ICICIGI | 2022 | ROCE | Source=22.50 | Calculated=150.37 | Category=Formula Difference
ICICIGI | 2023 | ROCE | Source=22.50 | Calculated=149.14 | Category=Formula Difference
ICICIGI | 2024 | ROCE | Source=22.50 | Calculated=145.51 | Category=Formula Difference
ICICIGI | 2024 | ROCE | Source=22.50 | Calculated=130.72 | Category=Formula Difference
ICICIPRULI | 2013 | ROE | Source=8.07 | Calculated=38.25 | Category=Formula Difference
ICICIPRULI | 2013 | ROCE | Source=8.75 | Calculated=464.13 | Category=Formula Difference
ICICIPRULI | 2014 | ROE | Source=8.07 | Calculated=35.61 | Category=Formula Difference
ICICIPRULI | 2014 | ROCE | Source=8.75 | Calculated=462.29 | Category=Formula Difference
ICICIPRULI | 2015 | ROE | Source=8.07 | Calculated=31.15 | Category=Formula Difference
ICICIPRULI | 2015 | ROCE | Source=8.75 | Calculated=622.22 | Category=Formula Difference
ICICIPRULI | 2016 | ROE | Source=8.07 | Calculated=31.00 | Category=Formula Difference
ICICIPRULI | 2016 | ROCE | Source=8.75 | Calculated=299.39 | Category=Formula Difference
ICICIPRULI | 2017 | ROE | Source=8.07 | Calculated=26.26 | Category=Formula Difference
ICICIPRULI | 2017 | ROCE | Source=8.75 | Calculated=560.18 | Category=Formula Difference
ICICIPRULI | 2018 | ROE | Source=8.07 | Calculated=24.63 | Category=Formula Difference
ICICIPRULI | 2018 | ROCE | Source=8.75 | Calculated=561.83 | Category=Formula Difference
ICICIPRULI | 2019 | ROE | Source=8.07 | Calculated=16.58 | Category=Formula Difference
ICICIPRULI | 2019 | ROCE | Source=8.75 | Calculated=583.76 | Category=Formula Difference
ICICIPRULI | 2020 | ROE | Source=8.07 | Calculated=14.79 | Category=Formula Difference
ICICIPRULI | 2020 | ROCE | Source=8.75 | Calculated=274.01 | Category=Formula Difference
ICICIPRULI | 2021 | ROCE | Source=8.75 | Calculated=794.48 | Category=Formula Difference
ICICIPRULI | 2022 | ROCE | Source=8.75 | Calculated=603.73 | Category=Formula Difference
ICICIPRULI | 2023 | ROCE | Source=8.75 | Calculated=436.73 | Category=Formula Difference
ICICIPRULI | 2024 | ROCE | Source=8.75 | Calculated=730.55 | Category=Formula Difference
ICICIPRULI | 2024 | ROCE | Source=8.75 | Calculated=770.38 | Category=Formula Difference
INDUSINDBK | 2013 | ROCE | Source=7.93 | Calculated=0.83 | Category=Formula Difference
INDUSINDBK | 2014 | ROCE | Source=7.93 | Calculated=0.79 | Category=Formula Difference
INDUSINDBK | 2015 | ROCE | Source=7.93 | Calculated=0.56 | Category=Formula Difference
INDUSINDBK | 2016 | ROCE | Source=7.93 | Calculated=0.66 | Category=Formula Difference
INDUSINDBK | 2017 | ROCE | Source=7.93 | Calculated=0.89 | Category=Formula Difference
INDUSINDBK | 2018 | ROCE | Source=7.93 | Calculated=0.85 | Category=Formula Difference
INDUSINDBK | 2019 | ROCE | Source=7.93 | Calculated=1.35 | Category=Formula Difference
INDUSINDBK | 2020 | ROCE | Source=7.93 | Calculated=1.90 | Category=Formula Difference
INDUSINDBK | 2021 | ROE | Source=15.20 | Calculated=6.54 | Category=Formula Difference
INDUSINDBK | 2021 | ROCE | Source=7.93 | Calculated=2.69 | Category=Formula Difference
INDUSINDBK | 2022 | ROE | Source=15.20 | Calculated=9.67 | Category=Formula Difference
INDUSINDBK | 2022 | ROCE | Source=7.93 | Calculated=2.19 | Category=Formula Difference
INDUSINDBK | 2023 | ROCE | Source=7.93 | Calculated=1.67 | Category=Formula Difference
INDUSINDBK | 2024 | ROCE | Source=7.93 | Calculated=1.67 | Category=Formula Difference
INFY | 2013 | ROE | Source=31.80 | Calculated=24.82 | Category=Formula Difference
INFY | 2014 | ROE | Source=31.80 | Calculated=23.93 | Category=Formula Difference
INFY | 2015 | ROE | Source=31.80 | Calculated=24.39 | Category=Formula Difference
INFY | 2016 | ROE | Source=31.80 | Calculated=21.85 | Category=Formula Difference
INFY | 2016 | ROCE | Source=40.00 | Calculated=32.71 | Category=Formula Difference
INFY | 2017 | ROE | Source=31.80 | Calculated=20.81 | Category=Formula Difference
INFY | 2017 | ROCE | Source=40.00 | Calculated=31.39 | Category=Formula Difference
INFY | 2018 | ROE | Source=31.80 | Calculated=24.69 | Category=Formula Difference
INFY | 2018 | ROCE | Source=40.00 | Calculated=34.09 | Category=Formula Difference
INFY | 2019 | ROE | Source=31.80 | Calculated=23.73 | Category=Formula Difference
INFY | 2020 | ROE | Source=31.80 | Calculated=25.42 | Category=Formula Difference
INFY | 2021 | ROE | Source=31.80 | Calculated=25.44 | Category=Formula Difference
IOC | 2013 | ROE | Source=25.44 | Calculated=5.75 | Category=Formula Difference
IOC | 2013 | ROCE | Source=21.31 | Calculated=6.68 | Category=Formula Difference
IOC | 2014 | ROE | Source=25.44 | Calculated=10.26 | Category=Formula Difference
IOC | 2014 | ROCE | Source=21.31 | Calculated=10.03 | Category=Formula Difference
IOC | 2015 | ROE | Source=25.44 | Calculated=7.08 | Category=Formula Difference
IOC | 2015 | ROCE | Source=21.31 | Calculated=9.15 | Category=Formula Difference
IOC | 2016 | ROE | Source=25.44 | Calculated=13.80 | Category=Formula Difference
IOC | 2016 | ROCE | Source=21.31 | Calculated=16.00 | Category=Formula Difference
IOC | 2017 | ROE | Source=25.44 | Calculated=19.97 | Category=Formula Difference
IOC | 2018 | ROE | Source=25.44 | Calculated=19.87 | Category=Formula Difference
IOC | 2019 | ROE | Source=25.44 | Calculated=15.36 | Category=Formula Difference
IOC | 2020 | ROE | Source=25.44 | Calculated=-1.97 | Category=Formula Difference
IOC | 2020 | ROCE | Source=21.31 | Calculated=1.37 | Category=Formula Difference
IOC | 2021 | ROE | Source=25.44 | Calculated=19.46 | Category=Formula Difference
IOC | 2022 | ROE | Source=25.44 | Calculated=19.27 | Category=Formula Difference
IOC | 2023 | ROE | Source=25.44 | Calculated=8.38 | Category=Formula Difference
IOC | 2023 | ROCE | Source=21.31 | Calculated=9.77 | Category=Formula Difference
IRCTC | 2015 | ROE | Source=40.40 | Calculated=29.50 | Category=Formula Difference
IRCTC | 2016 | ROE | Source=40.40 | Calculated=34.87 | Category=Formula Difference
IRCTC | 2016 | ROCE | Source=53.80 | Calculated=60.70 | Category=Formula Difference
IRCTC | 2017 | ROE | Source=40.40 | Calculated=29.10 | Category=Formula Difference
IRCTC | 2017 | ROCE | Source=53.80 | Calculated=48.03 | Category=Formula Difference
IRCTC | 2018 | ROE | Source=40.40 | Calculated=23.14 | Category=Formula Difference
IRCTC | 2018 | ROCE | Source=53.80 | Calculated=38.74 | Category=Formula Difference
IRCTC | 2019 | ROE | Source=40.40 | Calculated=28.85 | Category=Formula Difference
IRCTC | 2019 | ROCE | Source=53.80 | Calculated=47.34 | Category=Formula Difference
IRCTC | 2021 | ROE | Source=40.40 | Calculated=12.84 | Category=Formula Difference
IRCTC | 2021 | ROCE | Source=53.80 | Calculated=19.80 | Category=Formula Difference
IRCTC | 2022 | ROE | Source=40.40 | Calculated=35.29 | Category=Formula Difference
IRCTC | 2022 | ROCE | Source=53.80 | Calculated=47.34 | Category=Formula Difference
IRCTC | 2024 | ROE | Source=40.40 | Calculated=34.40 | Category=Formula Difference
IRCTC | 2024 | ROCE | Source=53.80 | Calculated=47.20 | Category=Formula Difference
IRCTC | 2024 | ROE | Source=40.40 | Calculated=31.54 | Category=Formula Difference
IRCTC | 2024 | ROCE | Source=53.80 | Calculated=43.56 | Category=Formula Difference
IRFC | 2016 | ROE | Source=13.70 | Calculated=7.37 | Category=Formula Difference
IRFC | 2017 | ROE | Source=13.70 | Calculated=7.78 | Category=Formula Difference
ITC | 2013 | ROCE | Source=34.76 | Calculated=51.44 | Category=Formula Difference
ITC | 2014 | ROCE | Source=34.76 | Calculated=51.01 | Category=Formula Difference
ITC | 2015 | ROCE | Source=34.76 | Calculated=48.09 | Category=Formula Difference
ITC | 2016 | ROE | Source=29.47 | Calculated=22.26 | Category=Formula Difference
ITC | 2017 | ROE | Source=29.47 | Calculated=22.57 | Category=Formula Difference
ITC | 2018 | ROE | Source=29.47 | Calculated=21.89 | Category=Formula Difference
ITC | 2019 | ROE | Source=29.47 | Calculated=21.70 | Category=Formula Difference
ITC | 2020 | ROE | Source=29.47 | Calculated=23.89 | Category=Formula Difference
ITC | 2021 | ROE | Source=29.47 | Calculated=22.18 | Category=Formula Difference
ITC | 2023 | ROCE | Source=34.76 | Calculated=39.91 | Category=Formula Difference
JINDALSTEL | 2014 | ROE | Source=14.10 | Calculated=8.39 | Category=Formula Difference
JINDALSTEL | 2014 | ROCE | Source=13.20 | Calculated=7.36 | Category=Formula Difference
JINDALSTEL | 2015 | ROE | Source=14.10 | Calculated=-6.90 | Category=Formula Difference
JINDALSTEL | 2015 | ROCE | Source=13.20 | Calculated=1.79 | Category=Formula Difference
JINDALSTEL | 2016 | ROE | Source=14.10 | Calculated=-9.52 | Category=Formula Difference
JINDALSTEL | 2016 | ROCE | Source=13.20 | Calculated=0.13 | Category=Formula Difference
JINDALSTEL | 2017 | ROE | Source=14.10 | Calculated=-8.45 | Category=Formula Difference
JINDALSTEL | 2017 | ROCE | Source=13.20 | Calculated=1.19 | Category=Formula Difference
JINDALSTEL | 2018 | ROE | Source=14.10 | Calculated=-5.32 | Category=Formula Difference
JINDALSTEL | 2018 | ROCE | Source=13.20 | Calculated=2.75 | Category=Formula Difference
JINDALSTEL | 2019 | ROE | Source=14.10 | Calculated=-7.52 | Category=Formula Difference
JINDALSTEL | 2019 | ROCE | Source=13.20 | Calculated=3.74 | Category=Formula Difference
JINDALSTEL | 2020 | ROE | Source=14.10 | Calculated=-1.24 | Category=Formula Difference
JINDALSTEL | 2020 | ROCE | Source=13.20 | Calculated=4.55 | Category=Formula Difference
JINDALSTEL | 2022 | ROCE | Source=13.20 | Calculated=23.99 | Category=Formula Difference
JSWENERGY | 2013 | ROE | Source=8.40 | Calculated=14.52 | Category=Formula Difference
JSWENERGY | 2015 | ROE | Source=8.40 | Calculated=18.06 | Category=Formula Difference
JSWENERGY | 2015 | ROCE | Source=8.59 | Calculated=15.96 | Category=Formula Difference
JSWENERGY | 2016 | ROE | Source=8.40 | Calculated=15.05 | Category=Formula Difference
JSWENERGY | 2018 | ROE | Source=8.40 | Calculated=0.77 | Category=Formula Difference
JSWSTEEL | 2013 | ROE | Source=11.66 | Calculated=5.44 | Category=Formula Difference
JSWSTEEL | 2014 | ROE | Source=11.66 | Calculated=1.90 | Category=Formula Difference
JSWSTEEL | 2014 | ROCE | Source=13.36 | Calculated=7.92 | Category=Formula Difference
JSWSTEEL | 2016 | ROE | Source=11.66 | Calculated=-2.54 | Category=Formula Difference
JSWSTEEL | 2016 | ROCE | Source=13.36 | Calculated=1.40 | Category=Formula Difference
JSWSTEEL | 2018 | ROE | Source=11.66 | Calculated=21.83 | Category=Formula Difference
JSWSTEEL | 2019 | ROE | Source=11.66 | Calculated=21.62 | Category=Formula Difference
JSWSTEEL | 2019 | ROCE | Source=13.36 | Calculated=18.50 | Category=Formula Difference
JSWSTEEL | 2020 | ROCE | Source=13.36 | Calculated=7.41 | Category=Formula Difference
JSWSTEEL | 2021 | ROE | Source=11.66 | Calculated=16.84 | Category=Formula Difference
JSWSTEEL | 2022 | ROE | Source=11.66 | Calculated=31.11 | Category=Formula Difference
JSWSTEEL | 2022 | ROCE | Source=13.36 | Calculated=25.62 | Category=Formula Difference
JSWSTEEL | 2023 | ROE | Source=11.66 | Calculated=6.30 | Category=Formula Difference
KOTAKBANK | 2013 | ROCE | Source=7.86 | Calculated=1.46 | Category=Formula Difference
KOTAKBANK | 2014 | ROCE | Source=7.86 | Calculated=1.67 | Category=Formula Difference
KOTAKBANK | 2015 | ROCE | Source=7.86 | Calculated=1.22 | Category=Formula Difference
KOTAKBANK | 2016 | ROCE | Source=7.86 | Calculated=1.83 | Category=Formula Difference
KOTAKBANK | 2017 | ROCE | Source=7.86 | Calculated=1.29 | Category=Formula Difference
KOTAKBANK | 2018 | ROCE | Source=7.86 | Calculated=1.03 | Category=Formula Difference
KOTAKBANK | 2019 | ROCE | Source=7.86 | Calculated=1.03 | Category=Formula Difference
KOTAKBANK | 2020 | ROCE | Source=7.86 | Calculated=1.44 | Category=Formula Difference
KOTAKBANK | 2021 | ROCE | Source=7.86 | Calculated=1.51 | Category=Formula Difference
KOTAKBANK | 2022 | ROCE | Source=7.86 | Calculated=1.24 | Category=Formula Difference
KOTAKBANK | 2023 | ROCE | Source=7.86 | Calculated=1.41 | Category=Formula Difference
KOTAKBANK | 2024 | ROCE | Source=7.86 | Calculated=1.38 | Category=Formula Difference
LICI | 2019 | ROE | Source=63.61 | Calculated=324.32 | Category=Formula Difference
LICI | 2019 | ROCE | Source=63.79 | Calculated=3.16 | Category=Formula Difference
LICI | 2020 | ROE | Source=63.61 | Calculated=270.46 | Category=Formula Difference
LICI | 2020 | ROCE | Source=63.79 | Calculated=5.47 | Category=Formula Difference
LICI | 2021 | ROE | Source=63.61 | Calculated=43.20 | Category=Formula Difference
LICI | 2021 | ROCE | Source=63.79 | Calculated=182.46 | Category=Formula Difference
LICI | 2022 | ROE | Source=63.61 | Calculated=36.38 | Category=Formula Difference
LICI | 2022 | ROCE | Source=63.79 | Calculated=110.89 | Category=Formula Difference
LICI | 2023 | ROE | Source=63.61 | Calculated=77.86 | Category=Formula Difference
LICI | 2023 | ROCE | Source=63.79 | Calculated=90.69 | Category=Formula Difference
LICI | 2024 | ROE | Source=63.61 | Calculated=49.45 | Category=Formula Difference
LICI | 2024 | ROCE | Source=63.79 | Calculated=57.38 | Category=Formula Difference
LICI | 2024 | ROE | Source=63.61 | Calculated=41.91 | Category=Formula Difference
LICI | 2024 | ROCE | Source=63.79 | Calculated=48.62 | Category=Formula Difference
LODHA | 2016 | ROE | Source=10.70 | Calculated=17.69 | Category=Formula Difference
LODHA | 2018 | ROCE | Source=11.10 | Calculated=5.68 | Category=Formula Difference
LODHA | 2019 | ROE | Source=10.70 | Calculated=42.80 | Category=Formula Difference
LODHA | 2020 | ROE | Source=10.70 | Calculated=16.30 | Category=Formula Difference
LODHA | 2020 | ROCE | Source=11.10 | Calculated=5.64 | Category=Formula Difference
LODHA | 2021 | ROE | Source=10.70 | Calculated=1.04 | Category=Formula Difference
LODHA | 2021 | ROCE | Source=11.10 | Calculated=0.47 | Category=Formula Difference
LODHA | 2023 | ROE | Source=10.70 | Calculated=3.87 | Category=Formula Difference
LODHA | 2023 | ROCE | Source=11.10 | Calculated=2.51 | Category=Formula Difference
LT | 2013 | ROE | Source=10.49 | Calculated=395.15 | Category=Formula Difference
LT | 2013 | ROCE | Source=17.18 | Calculated=589.64 | Category=Formula Difference
LT | 2014 | ROE | Source=10.49 | Calculated=303.42 | Category=Formula Difference
LT | 2014 | ROCE | Source=17.18 | Calculated=519.13 | Category=Formula Difference
LT | 2015 | ROE | Source=10.49 | Calculated=245.11 | Category=Formula Difference
LT | 2015 | ROCE | Source=17.18 | Calculated=438.50 | Category=Formula Difference
LT | 2016 | ROE | Source=10.49 | Calculated=216.09 | Category=Formula Difference
LT | 2016 | ROCE | Source=17.18 | Calculated=449.82 | Category=Formula Difference
LT | 2017 | ROE | Source=10.49 | Calculated=206.30 | Category=Formula Difference
LT | 2017 | ROCE | Source=17.18 | Calculated=358.05 | Category=Formula Difference
LT | 2018 | ROE | Source=10.49 | Calculated=207.36 | Category=Formula Difference
LT | 2018 | ROCE | Source=17.18 | Calculated=359.12 | Category=Formula Difference
LT | 2019 | ROE | Source=10.49 | Calculated=208.81 | Category=Formula Difference
LT | 2019 | ROCE | Source=17.18 | Calculated=331.66 | Category=Formula Difference
LT | 2020 | ROE | Source=10.49 | Calculated=201.59 | Category=Formula Difference
LT | 2020 | ROCE | Source=17.18 | Calculated=261.99 | Category=Formula Difference
LT | 2021 | ROE | Source=10.49 | Calculated=176.90 | Category=Formula Difference
LT | 2021 | ROCE | Source=17.18 | Calculated=244.64 | Category=Formula Difference
LT | 2022 | ROE | Source=10.49 | Calculated=72.92 | Category=Formula Difference
LT | 2022 | ROCE | Source=17.18 | Calculated=119.92 | Category=Formula Difference
LT | 2023 | ROE | Source=10.49 | Calculated=75.52 | Category=Formula Difference
LT | 2023 | ROCE | Source=17.18 | Calculated=113.67 | Category=Formula Difference
LT | 2024 | ROE | Source=10.49 | Calculated=77.67 | Category=Formula Difference
LT | 2024 | ROCE | Source=17.18 | Calculated=109.56 | Category=Formula Difference
LT | 2024 | ROE | Source=10.49 | Calculated=73.77 | Category=Formula Difference
LT | 2024 | ROCE | Source=17.18 | Calculated=103.41 | Category=Formula Difference
LTIM | 2013 | ROE | Source=26.04 | Calculated=41.97 | Category=Formula Difference
LTIM | 2013 | ROCE | Source=34.10 | Calculated=55.37 | Category=Formula Difference
LTIM | 2014 | ROE | Source=26.04 | Calculated=61.86 | Category=Formula Difference
LTIM | 2014 | ROCE | Source=34.10 | Calculated=77.50 | Category=Formula Difference
LTIM | 2015 | ROE | Source=26.04 | Calculated=37.96 | Category=Formula Difference
LTIM | 2015 | ROCE | Source=34.10 | Calculated=48.75 | Category=Formula Difference
LTIM | 2016 | ROE | Source=26.04 | Calculated=39.34 | Category=Formula Difference
LTIM | 2016 | ROCE | Source=34.10 | Calculated=55.46 | Category=Formula Difference
LTIM | 2017 | ROCE | Source=34.10 | Calculated=44.97 | Category=Formula Difference
LTIM | 2018 | ROCE | Source=34.10 | Calculated=41.37 | Category=Formula Difference
LTIM | 2019 | ROCE | Source=34.10 | Calculated=44.43 | Category=Formula Difference
LTIM | 2022 | ROCE | Source=34.10 | Calculated=40.51 | Category=Formula Difference
M&M | 2013 | ROCE | Source=26.98 | Calculated=15.74 | Category=Formula Difference
M&M | 2014 | ROCE | Source=26.98 | Calculated=13.66 | Category=Formula Difference
M&M | 2015 | ROCE | Source=26.98 | Calculated=10.09 | Category=Formula Difference
M&M | 2016 | ROCE | Source=26.98 | Calculated=11.92 | Category=Formula Difference
M&M | 2017 | ROCE | Source=26.98 | Calculated=11.67 | Category=Formula Difference
M&M | 2018 | ROCE | Source=26.98 | Calculated=14.68 | Category=Formula Difference
M&M | 2019 | ROCE | Source=26.98 | Calculated=11.61 | Category=Formula Difference
M&M | 2020 | ROE | Source=17.99 | Calculated=-0.80 | Category=Formula Difference
M&M | 2020 | ROCE | Source=26.98 | Calculated=4.11 | Category=Formula Difference
M&M | 2021 | ROE | Source=17.99 | Calculated=3.64 | Category=Formula Difference
M&M | 2021 | ROCE | Source=26.98 | Calculated=5.35 | Category=Formula Difference
M&M | 2022 | ROCE | Source=26.98 | Calculated=10.32 | Category=Formula Difference
M&M | 2023 | ROCE | Source=26.98 | Calculated=12.39 | Category=Formula Difference
M&M | 2024 | ROCE | Source=26.98 | Calculated=11.84 | Category=Formula Difference
M&M | 2024 | ROCE | Source=26.98 | Calculated=11.05 | Category=Formula Difference
MARUTI | 2015 | ROCE | Source=23.67 | Calculated=29.98 | Category=Formula Difference
MARUTI | 2016 | ROCE | Source=23.67 | Calculated=33.73 | Category=Formula Difference
MARUTI | 2017 | ROCE | Source=23.67 | Calculated=33.90 | Category=Formula Difference
MARUTI | 2018 | ROCE | Source=23.67 | Calculated=32.63 | Category=Formula Difference
MARUTI | 2019 | ROCE | Source=23.67 | Calculated=28.87 | Category=Formula Difference
MARUTI | 2021 | ROE | Source=15.75 | Calculated=8.36 | Category=Formula Difference
MARUTI | 2021 | ROCE | Source=23.67 | Calculated=15.75 | Category=Formula Difference
MARUTI | 2022 | ROE | Source=15.75 | Calculated=7.01 | Category=Formula Difference
MARUTI | 2022 | ROCE | Source=23.67 | Calculated=13.43 | Category=Formula Difference
MOTHERSON | 2013 | ROE | Source=11.80 | Calculated=19.75 | Category=Formula Difference
MOTHERSON | 2013 | ROCE | Source=13.70 | Calculated=21.52 | Category=Formula Difference
MOTHERSON | 2014 | ROE | Source=11.80 | Calculated=37.07 | Category=Formula Difference
MOTHERSON | 2014 | ROCE | Source=13.70 | Calculated=30.95 | Category=Formula Difference
MOTHERSON | 2015 | ROE | Source=11.80 | Calculated=38.87 | Category=Formula Difference
MOTHERSON | 2015 | ROCE | Source=13.70 | Calculated=32.38 | Category=Formula Difference
MOTHERSON | 2016 | ROE | Source=11.80 | Calculated=40.35 | Category=Formula Difference
MOTHERSON | 2016 | ROCE | Source=13.70 | Calculated=32.30 | Category=Formula Difference
MOTHERSON | 2017 | ROE | Source=11.80 | Calculated=26.26 | Category=Formula Difference
MOTHERSON | 2017 | ROCE | Source=13.70 | Calculated=22.24 | Category=Formula Difference
MOTHERSON | 2018 | ROE | Source=11.80 | Calculated=22.87 | Category=Formula Difference
MOTHERSON | 2018 | ROCE | Source=13.70 | Calculated=23.90 | Category=Formula Difference
MOTHERSON | 2019 | ROE | Source=11.80 | Calculated=19.14 | Category=Formula Difference
MOTHERSON | 2019 | ROCE | Source=13.70 | Calculated=23.37 | Category=Formula Difference
MOTHERSON | 2020 | ROCE | Source=13.70 | Calculated=19.28 | Category=Formula Difference
MOTHERSON | 2022 | ROE | Source=11.80 | Calculated=5.74 | Category=Formula Difference
NAUKRI | 2013 | ROE | Source=2.44 | Calculated=12.50 | Category=Formula Difference
NAUKRI | 2013 | ROCE | Source=3.65 | Calculated=23.32 | Category=Formula Difference
NAUKRI | 2014 | ROE | Source=2.44 | Calculated=8.93 | Category=Formula Difference
NAUKRI | 2014 | ROCE | Source=3.65 | Calculated=21.10 | Category=Formula Difference
NAUKRI | 2016 | ROE | Source=2.44 | Calculated=7.65 | Category=Formula Difference
NAUKRI | 2016 | ROCE | Source=3.65 | Calculated=12.89 | Category=Formula Difference
NAUKRI | 2017 | ROE | Source=2.44 | Calculated=-2.70 | Category=Formula Difference
NAUKRI | 2018 | ROE | Source=2.44 | Calculated=24.50 | Category=Formula Difference
NAUKRI | 2018 | ROCE | Source=3.65 | Calculated=30.06 | Category=Formula Difference
NAUKRI | 2019 | ROE | Source=2.44 | Calculated=23.28 | Category=Formula Difference
NAUKRI | 2019 | ROCE | Source=3.65 | Calculated=29.05 | Category=Formula Difference
NAUKRI | 2020 | ROE | Source=2.44 | Calculated=-11.21 | Category=Formula Difference
NAUKRI | 2020 | ROCE | Source=3.65 | Calculated=-3.43 | Category=Formula Difference
NAUKRI | 2021 | ROE | Source=2.44 | Calculated=26.28 | Category=Formula Difference
NAUKRI | 2021 | ROCE | Source=3.65 | Calculated=30.16 | Category=Formula Difference
NAUKRI | 2022 | ROE | Source=2.44 | Calculated=74.71 | Category=Formula Difference
NAUKRI | 2022 | ROCE | Source=3.65 | Calculated=82.31 | Category=Formula Difference
NESTLEIND | 2013 | ROE | Source=135.61 | Calculated=47.17 | Category=Formula Difference
NESTLEIND | 2013 | ROCE | Source=185.43 | Calculated=56.45 | Category=Formula Difference
NESTLEIND | 2014 | ROE | Source=135.61 | Calculated=41.77 | Category=Formula Difference
NESTLEIND | 2014 | ROCE | Source=185.43 | Calculated=73.92 | Category=Formula Difference
NESTLEIND | 2015 | ROE | Source=135.61 | Calculated=19.99 | Category=Formula Difference
NESTLEIND | 2015 | ROCE | Source=185.43 | Calculated=40.95 | Category=Formula Difference
NESTLEIND | 2016 | ROE | Source=135.61 | Calculated=30.50 | Category=Formula Difference
NESTLEIND | 2016 | ROCE | Source=185.43 | Calculated=57.29 | Category=Formula Difference
NESTLEIND | 2017 | ROE | Source=135.61 | Calculated=35.82 | Category=Formula Difference
NESTLEIND | 2017 | ROCE | Source=185.43 | Calculated=63.15 | Category=Formula Difference
NESTLEIND | 2018 | ROE | Source=135.61 | Calculated=43.75 | Category=Formula Difference
NESTLEIND | 2018 | ROCE | Source=185.43 | Calculated=74.57 | Category=Formula Difference
NESTLEIND | 2019 | ROE | Source=135.61 | Calculated=102.61 | Category=Formula Difference
NESTLEIND | 2019 | ROCE | Source=185.43 | Calculated=144.47 | Category=Formula Difference
NESTLEIND | 2020 | ROE | Source=135.61 | Calculated=103.12 | Category=Formula Difference
NESTLEIND | 2020 | ROCE | Source=185.43 | Calculated=147.00 | Category=Formula Difference
NESTLEIND | 2021 | ROE | Source=135.61 | Calculated=108.84 | Category=Formula Difference
NESTLEIND | 2021 | ROCE | Source=185.43 | Calculated=146.84 | Category=Formula Difference
NESTLEIND | 2022 | ROE | Source=135.61 | Calculated=97.23 | Category=Formula Difference
NESTLEIND | 2022 | ROCE | Source=185.43 | Calculated=133.99 | Category=Formula Difference
NESTLEIND | 2023 | ROE | Source=135.61 | Calculated=121.96 | Category=Formula Difference
NESTLEIND | 2023 | ROCE | Source=185.43 | Calculated=163.66 | Category=Formula Difference
NESTLEIND | 2024 | ROE | Source=135.61 | Calculated=117.75 | Category=Formula Difference
NESTLEIND | 2024 | ROCE | Source=185.43 | Calculated=158.13 | Category=Formula Difference
NESTLEIND | 2024 | ROE | Source=135.61 | Calculated=98.57 | Category=Formula Difference
NESTLEIND | 2024 | ROCE | Source=185.43 | Calculated=133.65 | Category=Formula Difference
ONGC | 2013 | ROCE | Source=19.71 | Calculated=28.00 | Category=Formula Difference
ONGC | 2014 | ROCE | Source=19.71 | Calculated=25.16 | Category=Formula Difference
ONGC | 2016 | ROE | Source=14.32 | Calculated=6.62 | Category=Formula Difference
ONGC | 2020 | ROE | Source=14.32 | Calculated=5.59 | Category=Formula Difference
ONGC | 2020 | ROCE | Source=19.71 | Calculated=13.63 | Category=Formula Difference
PFC | 2013 | ROCE | Source=9.96 | Calculated=-3.06 | Category=Formula Difference
PFC | 2014 | ROCE | Source=9.96 | Calculated=-2.90 | Category=Formula Difference
PFC | 2015 | ROCE | Source=9.96 | Calculated=-3.18 | Category=Formula Difference
PFC | 2016 | ROCE | Source=9.96 | Calculated=-3.16 | Category=Formula Difference
PFC | 2017 | ROE | Source=19.49 | Calculated=6.07 | Category=Formula Difference
PFC | 2017 | ROCE | Source=9.96 | Calculated=-4.78 | Category=Formula Difference
PFC | 2018 | ROCE | Source=9.96 | Calculated=-3.85 | Category=Formula Difference
PFC | 2019 | ROE | Source=19.49 | Calculated=26.82 | Category=Formula Difference
PFC | 2019 | ROCE | Source=9.96 | Calculated=-2.86 | Category=Formula Difference
PFC | 2020 | ROCE | Source=9.96 | Calculated=-4.14 | Category=Formula Difference
PFC | 2021 | ROE | Source=19.49 | Calculated=25.86 | Category=Formula Difference
PFC | 2021 | ROCE | Source=9.96 | Calculated=-3.44 | Category=Formula Difference
PFC | 2022 | ROE | Source=19.49 | Calculated=26.18 | Category=Formula Difference
PFC | 2022 | ROCE | Source=9.96 | Calculated=-2.91 | Category=Formula Difference
PFC | 2023 | ROE | Source=19.49 | Calculated=25.17 | Category=Formula Difference
PFC | 2023 | ROCE | Source=9.96 | Calculated=-2.45 | Category=Formula Difference
PFC | 2024 | ROE | Source=19.49 | Calculated=26.16 | Category=Formula Difference
PFC | 2024 | ROCE | Source=9.96 | Calculated=-2.53 | Category=Formula Difference
PFC | 2024 | ROCE | Source=9.96 | Calculated=-2.38 | Category=Formula Difference
PIDILITIND | 2013 | ROCE | Source=29.70 | Calculated=36.83 | Category=Formula Difference
PIDILITIND | 2014 | ROCE | Source=29.70 | Calculated=34.73 | Category=Formula Difference
PIDILITIND | 2016 | ROE | Source=22.80 | Calculated=30.59 | Category=Formula Difference
PIDILITIND | 2016 | ROCE | Source=29.70 | Calculated=45.66 | Category=Formula Difference
PIDILITIND | 2017 | ROCE | Source=29.70 | Calculated=38.19 | Category=Formula Difference
PIDILITIND | 2018 | ROCE | Source=29.70 | Calculated=39.96 | Category=Formula Difference
PNB | 2013 | ROE | Source=8.70 | Calculated=812.30 | Category=Formula Difference
PNB | 2013 | ROE | Source=8.70 | Calculated=812.30 | Category=Formula Difference
PNB | 2013 | ROE | Source=8.70 | Calculated=812.30 | Category=Formula Difference
PNB | 2013 | ROE | Source=8.70 | Calculated=812.30 | Category=Formula Difference
PNB | 2013 | ROE | Source=8.70 | Calculated=812.30 | Category=Formula Difference
PNB | 2014 | ROE | Source=8.70 | Calculated=393.36 | Category=Formula Difference
PNB | 2014 | ROE | Source=8.70 | Calculated=393.36 | Category=Formula Difference
PNB | 2014 | ROE | Source=8.70 | Calculated=393.36 | Category=Formula Difference
PNB | 2014 | ROE | Source=8.70 | Calculated=393.36 | Category=Formula Difference
PNB | 2014 | ROE | Source=8.70 | Calculated=393.36 | Category=Formula Difference
PNB | 2015 | ROE | Source=8.70 | Calculated=223.24 | Category=Formula Difference
PNB | 2015 | ROE | Source=8.70 | Calculated=223.24 | Category=Formula Difference
PNB | 2015 | ROE | Source=8.70 | Calculated=223.24 | Category=Formula Difference
PNB | 2015 | ROE | Source=8.70 | Calculated=223.24 | Category=Formula Difference
PNB | 2015 | ROE | Source=8.70 | Calculated=223.24 | Category=Formula Difference
PNB | 2016 | ROE | Source=8.70 | Calculated=-163.56 | Category=Formula Difference
PNB | 2016 | ROE | Source=8.70 | Calculated=-163.56 | Category=Formula Difference
PNB | 2016 | ROE | Source=8.70 | Calculated=-163.56 | Category=Formula Difference
PNB | 2016 | ROE | Source=8.70 | Calculated=-163.56 | Category=Formula Difference
PNB | 2016 | ROE | Source=8.70 | Calculated=-163.56 | Category=Formula Difference
PNB | 2017 | ROE | Source=8.70 | Calculated=22.21 | Category=Formula Difference
PNB | 2017 | ROE | Source=8.70 | Calculated=22.21 | Category=Formula Difference
PNB | 2017 | ROE | Source=8.70 | Calculated=22.21 | Category=Formula Difference
PNB | 2017 | ROE | Source=8.70 | Calculated=22.21 | Category=Formula Difference
PNB | 2017 | ROE | Source=8.70 | Calculated=22.21 | Category=Formula Difference
PNB | 2018 | ROE | Source=8.70 | Calculated=-184.37 | Category=Formula Difference
PNB | 2018 | ROE | Source=8.70 | Calculated=-184.37 | Category=Formula Difference
PNB | 2018 | ROE | Source=8.70 | Calculated=-184.37 | Category=Formula Difference
PNB | 2018 | ROE | Source=8.70 | Calculated=-184.37 | Category=Formula Difference
PNB | 2018 | ROE | Source=8.70 | Calculated=-184.37 | Category=Formula Difference
PNB | 2019 | ROE | Source=8.70 | Calculated=-128.45 | Category=Formula Difference
PNB | 2019 | ROE | Source=8.70 | Calculated=-128.45 | Category=Formula Difference
PNB | 2019 | ROE | Source=8.70 | Calculated=-128.45 | Category=Formula Difference
PNB | 2019 | ROE | Source=8.70 | Calculated=-128.45 | Category=Formula Difference
PNB | 2019 | ROE | Source=8.70 | Calculated=-128.45 | Category=Formula Difference
PNB | 2021 | ROE | Source=8.70 | Calculated=30.39 | Category=Formula Difference
PNB | 2021 | ROE | Source=8.70 | Calculated=30.39 | Category=Formula Difference
PNB | 2021 | ROE | Source=8.70 | Calculated=30.39 | Category=Formula Difference
PNB | 2021 | ROE | Source=8.70 | Calculated=30.39 | Category=Formula Difference
PNB | 2021 | ROE | Source=8.70 | Calculated=30.39 | Category=Formula Difference
PNB | 2022 | ROE | Source=8.70 | Calculated=39.87 | Category=Formula Difference
PNB | 2022 | ROE | Source=8.70 | Calculated=39.87 | Category=Formula Difference
PNB | 2022 | ROE | Source=8.70 | Calculated=39.87 | Category=Formula Difference
PNB | 2022 | ROE | Source=8.70 | Calculated=39.87 | Category=Formula Difference
PNB | 2022 | ROE | Source=8.70 | Calculated=39.87 | Category=Formula Difference
PNB | 2023 | ROE | Source=8.70 | Calculated=30.67 | Category=Formula Difference
PNB | 2023 | ROE | Source=8.70 | Calculated=30.67 | Category=Formula Difference
PNB | 2023 | ROE | Source=8.70 | Calculated=30.67 | Category=Formula Difference
PNB | 2023 | ROE | Source=8.70 | Calculated=30.67 | Category=Formula Difference
PNB | 2023 | ROE | Source=8.70 | Calculated=30.67 | Category=Formula Difference
PNB | 2024 | ROE | Source=8.70 | Calculated=61.32 | Category=Formula Difference
PNB | 2024 | ROE | Source=8.70 | Calculated=61.32 | Category=Formula Difference
PNB | 2024 | ROE | Source=8.70 | Calculated=61.32 | Category=Formula Difference
PNB | 2024 | ROE | Source=8.70 | Calculated=61.32 | Category=Formula Difference
PNB | 2024 | ROE | Source=8.70 | Calculated=61.32 | Category=Formula Difference
POWERGRID | 2014 | ROE | Source=19.00 | Calculated=13.11 | Category=Formula Difference
POWERGRID | 2014 | ROE | Source=19.00 | Calculated=13.11 | Category=Formula Difference
POWERGRID | 2015 | ROE | Source=19.00 | Calculated=13.13 | Category=Formula Difference
POWERGRID | 2015 | ROE | Source=19.00 | Calculated=13.13 | Category=Formula Difference
POWERGRID | 2016 | ROE | Source=19.00 | Calculated=13.55 | Category=Formula Difference
POWERGRID | 2016 | ROE | Source=19.00 | Calculated=13.55 | Category=Formula Difference
RECLTD | 2013 | ROCE | Source=10.00 | Calculated=4.14 | Category=Formula Difference
RECLTD | 2014 | ROCE | Source=10.00 | Calculated=4.50 | Category=Formula Difference
RECLTD | 2015 | ROCE | Source=10.00 | Calculated=4.29 | Category=Formula Difference
RECLTD | 2016 | ROCE | Source=10.00 | Calculated=4.12 | Category=Formula Difference
RECLTD | 2017 | ROCE | Source=10.00 | Calculated=4.47 | Category=Formula Difference
RECLTD | 2018 | ROE | Source=22.20 | Calculated=13.66 | Category=Formula Difference
RECLTD | 2018 | ROCE | Source=10.00 | Calculated=2.52 | Category=Formula Difference
RECLTD | 2019 | ROE | Source=22.20 | Calculated=16.62 | Category=Formula Difference
RECLTD | 2019 | ROCE | Source=10.00 | Calculated=2.91 | Category=Formula Difference
RECLTD | 2020 | ROE | Source=22.20 | Calculated=14.05 | Category=Formula Difference
RECLTD | 2020 | ROCE | Source=10.00 | Calculated=2.19 | Category=Formula Difference
RECLTD | 2021 | ROCE | Source=10.00 | Calculated=2.89 | Category=Formula Difference
RECLTD | 2022 | ROCE | Source=10.00 | Calculated=3.24 | Category=Formula Difference
RECLTD | 2023 | ROCE | Source=10.00 | Calculated=3.17 | Category=Formula Difference
RECLTD | 2024 | ROCE | Source=10.00 | Calculated=3.49 | Category=Formula Difference
RECLTD | 2024 | ROCE | Source=10.00 | Calculated=3.23 | Category=Formula Difference
SBILIFE | 2013 | ROE | Source=12.00 | Calculated=23.03 | Category=Formula Difference
SBILIFE | 2013 | ROCE | Source=13.20 | Calculated=26.13 | Category=Formula Difference
SBILIFE | 2014 | ROE | Source=12.00 | Calculated=21.69 | Category=Formula Difference
SBILIFE | 2014 | ROCE | Source=13.20 | Calculated=25.33 | Category=Formula Difference
SBILIFE | 2015 | ROE | Source=12.00 | Calculated=20.09 | Category=Formula Difference
SBILIFE | 2015 | ROCE | Source=13.20 | Calculated=23.99 | Category=Formula Difference
SBILIFE | 2016 | ROE | Source=12.00 | Calculated=17.83 | Category=Formula Difference
SBILIFE | 2016 | ROCE | Source=13.20 | Calculated=22.06 | Category=Formula Difference
SBILIFE | 2017 | ROE | Source=12.00 | Calculated=17.20 | Category=Formula Difference
SBILIFE | 2017 | ROCE | Source=13.20 | Calculated=21.65 | Category=Formula Difference
SBILIFE | 2018 | ROE | Source=12.00 | Calculated=17.62 | Category=Formula Difference
SBILIFE | 2018 | ROCE | Source=13.20 | Calculated=22.70 | Category=Formula Difference
SBILIFE | 2019 | ROE | Source=12.00 | Calculated=17.52 | Category=Formula Difference
SBILIFE | 2019 | ROCE | Source=13.20 | Calculated=22.86 | Category=Formula Difference
SBILIFE | 2020 | ROCE | Source=13.20 | Calculated=21.50 | Category=Formula Difference
SHREECEM | 2013 | ROE | Source=12.20 | Calculated=26.12 | Category=Formula Difference
SHREECEM | 2013 | ROCE | Source=14.80 | Calculated=30.30 | Category=Formula Difference
SHREECEM | 2014 | ROCE | Source=14.80 | Calculated=23.09 | Category=Formula Difference
SHREECEM | 2015 | ROCE | Source=14.80 | Calculated=21.40 | Category=Formula Difference
SHREECEM | 2016 | ROCE | Source=14.80 | Calculated=25.94 | Category=Formula Difference
SHREECEM | 2017 | ROE | Source=12.20 | Calculated=17.39 | Category=Formula Difference
SHREECEM | 2017 | ROCE | Source=14.80 | Calculated=30.54 | Category=Formula Difference
SHREECEM | 2018 | ROCE | Source=14.80 | Calculated=22.17 | Category=Formula Difference
SHREECEM | 2019 | ROCE | Source=14.80 | Calculated=20.99 | Category=Formula Difference
SHREECEM | 2020 | ROCE | Source=14.80 | Calculated=22.94 | Category=Formula Difference
SHREECEM | 2021 | ROCE | Source=14.80 | Calculated=24.20 | Category=Formula Difference
SHREECEM | 2022 | ROCE | Source=14.80 | Calculated=20.37 | Category=Formula Difference
SHREECEM | 2024 | ROCE | Source=14.80 | Calculated=21.72 | Category=Formula Difference
SHREECEM | 2024 | ROCE | Source=14.80 | Calculated=21.53 | Category=Formula Difference
SHRIRAMFIN | 2013 | ROCE | Source=11.30 | Calculated=-2.22 | Category=Formula Difference
SHRIRAMFIN | 2014 | ROCE | Source=11.30 | Calculated=-4.73 | Category=Formula Difference
SHRIRAMFIN | 2015 | ROCE | Source=11.30 | Calculated=-5.38 | Category=Formula Difference
SHRIRAMFIN | 2016 | ROCE | Source=11.30 | Calculated=-5.44 | Category=Formula Difference
SHRIRAMFIN | 2017 | ROCE | Source=11.30 | Calculated=-5.04 | Category=Formula Difference
SHRIRAMFIN | 2018 | ROCE | Source=11.30 | Calculated=-2.59 | Category=Formula Difference
SHRIRAMFIN | 2019 | ROCE | Source=11.30 | Calculated=-3.60 | Category=Formula Difference
SHRIRAMFIN | 2020 | ROCE | Source=11.30 | Calculated=-4.19 | Category=Formula Difference
SHRIRAMFIN | 2021 | ROCE | Source=11.30 | Calculated=-4.42 | Category=Formula Difference
SHRIRAMFIN | 2022 | ROE | Source=15.90 | Calculated=10.43 | Category=Formula Difference
SHRIRAMFIN | 2022 | ROCE | Source=11.30 | Calculated=-4.32 | Category=Formula Difference
SHRIRAMFIN | 2023 | ROCE | Source=11.30 | Calculated=-2.01 | Category=Formula Difference
SHRIRAMFIN | 2024 | ROCE | Source=11.30 | Calculated=-2.06 | Category=Formula Difference
SHRIRAMFIN | 2024 | ROCE | Source=11.30 | Calculated=-1.94 | Category=Formula Difference
SIEMENS | 2011 | ROCE | Source=25.60 | Calculated=37.84 | Category=Formula Difference
SIEMENS | 2014 | ROE | Source=19.10 | Calculated=13.78 | Category=Formula Difference
SIEMENS | 2015 | ROCE | Source=25.60 | Calculated=37.16 | Category=Formula Difference
SIEMENS | 2016 | ROE | Source=19.10 | Calculated=42.83 | Category=Formula Difference
SIEMENS | 2016 | ROCE | Source=25.60 | Calculated=61.01 | Category=Formula Difference
SIEMENS | 2018 | ROE | Source=19.10 | Calculated=10.86 | Category=Formula Difference
SIEMENS | 2018 | ROCE | Source=25.60 | Calculated=19.27 | Category=Formula Difference
SIEMENS | 2019 | ROE | Source=19.10 | Calculated=12.14 | Category=Formula Difference
SIEMENS | 2020 | ROE | Source=19.10 | Calculated=8.10 | Category=Formula Difference
SIEMENS | 2020 | ROCE | Source=25.60 | Calculated=13.57 | Category=Formula Difference
SIEMENS | 2021 | ROE | Source=19.10 | Calculated=10.52 | Category=Formula Difference
SIEMENS | 2021 | ROCE | Source=25.60 | Calculated=16.90 | Category=Formula Difference
SIEMENS | 2022 | ROE | Source=19.10 | Calculated=13.29 | Category=Formula Difference
SIEMENS | 2022 | ROCE | Source=25.60 | Calculated=19.60 | Category=Formula Difference
SUNPHARMA | 2013 | ROE | Source=16.70 | Calculated=23.14 | Category=Formula Difference
SUNPHARMA | 2013 | ROCE | Source=17.30 | Calculated=30.50 | Category=Formula Difference
SUNPHARMA | 2014 | ROCE | Source=17.30 | Calculated=23.67 | Category=Formula Difference
SUNPHARMA | 2018 | ROE | Source=16.70 | Calculated=6.63 | Category=Formula Difference
SUNPHARMA | 2018 | ROCE | Source=17.30 | Calculated=10.22 | Category=Formula Difference
SUNPHARMA | 2019 | ROE | Source=16.70 | Calculated=7.75 | Category=Formula Difference
SUNPHARMA | 2019 | ROCE | Source=17.30 | Calculated=10.72 | Category=Formula Difference
SUNPHARMA | 2020 | ROE | Source=16.70 | Calculated=9.22 | Category=Formula Difference
SUNPHARMA | 2021 | ROE | Source=16.70 | Calculated=4.89 | Category=Formula Difference
SUNPHARMA | 2021 | ROCE | Source=17.30 | Calculated=9.70 | Category=Formula Difference
SUNPHARMA | 2022 | ROE | Source=16.70 | Calculated=7.06 | Category=Formula Difference
TATACONSUM | 2016 | ROE | Source=8.32 | Calculated=-0.59 | Category=Formula Difference
TATACONSUM | 2016 | ROCE | Source=10.60 | Calculated=3.78 | Category=Formula Difference
TATAMOTORS | 2013 | ROE | Source=49.40 | Calculated=26.51 | Category=Formula Difference
TATAMOTORS | 2014 | ROE | Source=49.40 | Calculated=21.42 | Category=Formula Difference
TATAMOTORS | 2015 | ROE | Source=49.40 | Calculated=25.01 | Category=Formula Difference
TATAMOTORS | 2015 | ROCE | Source=20.10 | Calculated=27.02 | Category=Formula Difference
TATAMOTORS | 2016 | ROE | Source=49.40 | Calculated=14.79 | Category=Formula Difference
TATAMOTORS | 2017 | ROE | Source=49.40 | Calculated=13.02 | Category=Formula Difference
TATAMOTORS | 2018 | ROE | Source=49.40 | Calculated=9.53 | Category=Formula Difference
TATAMOTORS | 2019 | ROE | Source=49.40 | Calculated=-47.73 | Category=Formula Difference
TATAMOTORS | 2019 | ROCE | Source=20.10 | Calculated=-4.68 | Category=Formula Difference
TATAMOTORS | 2020 | ROE | Source=49.40 | Calculated=-18.98 | Category=Formula Difference
TATAMOTORS | 2020 | ROCE | Source=20.10 | Calculated=5.77 | Category=Formula Difference
TATAMOTORS | 2021 | ROE | Source=49.40 | Calculated=-24.25 | Category=Formula Difference
TATAMOTORS | 2021 | ROCE | Source=20.10 | Calculated=6.62 | Category=Formula Difference
TATAMOTORS | 2022 | ROE | Source=49.40 | Calculated=-25.38 | Category=Formula Difference
TATAMOTORS | 2022 | ROCE | Source=20.10 | Calculated=9.34 | Category=Formula Difference
TATAMOTORS | 2023 | ROE | Source=49.40 | Calculated=5.94 | Category=Formula Difference
TATAMOTORS | 2024 | ROE | Source=49.40 | Calculated=37.46 | Category=Formula Difference
TATAMOTORS | 2024 | ROCE | Source=20.10 | Calculated=28.74 | Category=Formula Difference
TATAMOTORS | 2024 | ROE | Source=49.40 | Calculated=31.47 | Category=Formula Difference
TATAMOTORS | 2024 | ROCE | Source=20.10 | Calculated=26.60 | Category=Formula Difference
TATAPOWER | 2013 | ROE | Source=11.30 | Calculated=1.00 | Category=Formula Difference
TATAPOWER | 2014 | ROE | Source=11.30 | Calculated=0.10 | Category=Formula Difference
TATAPOWER | 2015 | ROE | Source=11.30 | Calculated=3.19 | Category=Formula Difference
TATAPOWER | 2016 | ROCE | Source=11.10 | Calculated=5.80 | Category=Formula Difference
TATAPOWER | 2017 | ROCE | Source=11.10 | Calculated=5.49 | Category=Formula Difference
TATASTEEL | 2013 | ROE | Source=6.55 | Calculated=-21.28 | Category=Formula Difference
TATASTEEL | 2013 | ROCE | Source=7.02 | Calculated=1.40 | Category=Formula Difference
TATASTEEL | 2015 | ROE | Source=6.55 | Calculated=-12.56 | Category=Formula Difference
TATASTEEL | 2016 | ROE | Source=6.55 | Calculated=-1.14 | Category=Formula Difference
TATASTEEL | 2017 | ROE | Source=6.55 | Calculated=-11.02 | Category=Formula Difference
TATASTEEL | 2018 | ROE | Source=6.55 | Calculated=29.15 | Category=Formula Difference
TATASTEEL | 2018 | ROCE | Source=7.02 | Calculated=17.56 | Category=Formula Difference
TATASTEEL | 2019 | ROE | Source=6.55 | Calculated=13.23 | Category=Formula Difference
TATASTEEL | 2019 | ROCE | Source=7.02 | Calculated=13.66 | Category=Formula Difference
TATASTEEL | 2021 | ROCE | Source=7.02 | Calculated=14.18 | Category=Formula Difference
TATASTEEL | 2022 | ROE | Source=6.55 | Calculated=36.48 | Category=Formula Difference
TATASTEEL | 2022 | ROCE | Source=7.02 | Calculated=31.22 | Category=Formula Difference
TATASTEEL | 2023 | ROCE | Source=7.02 | Calculated=14.67 | Category=Formula Difference
TATASTEEL | 2024 | ROE | Source=6.55 | Calculated=-5.33 | Category=Formula Difference
TATASTEEL | 2024 | ROE | Source=6.55 | Calculated=-5.45 | Category=Formula Difference
TCS | 2013 | ROE | Source=0.52 | Calculated=36.52 | Category=Formula Difference
TCS | 2013 | ROCE | Source=64.30 | Calculated=49.31 | Category=Formula Difference
TCS | 2014 | ROE | Source=0.52 | Calculated=39.30 | Category=Formula Difference
TCS | 2014 | ROCE | Source=64.30 | Calculated=54.05 | Category=Formula Difference
TCS | 2015 | ROE | Source=0.52 | Calculated=39.62 | Category=Formula Difference
TCS | 2015 | ROCE | Source=64.30 | Calculated=55.10 | Category=Formula Difference
TCS | 2016 | ROE | Source=0.52 | Calculated=34.24 | Category=Formula Difference
TCS | 2016 | ROCE | Source=64.30 | Calculated=47.29 | Category=Formula Difference
TCS | 2017 | ROE | Source=0.52 | Calculated=30.57 | Category=Formula Difference
TCS | 2017 | ROCE | Source=64.30 | Calculated=42.20 | Category=Formula Difference
TCS | 2018 | ROE | Source=0.52 | Calculated=30.40 | Category=Formula Difference
TCS | 2018 | ROCE | Source=64.30 | Calculated=42.29 | Category=Formula Difference
TCS | 2019 | ROE | Source=0.52 | Calculated=35.29 | Category=Formula Difference
TCS | 2019 | ROCE | Source=64.30 | Calculated=48.73 | Category=Formula Difference
TCS | 2020 | ROE | Source=0.52 | Calculated=38.57 | Category=Formula Difference
TCS | 2020 | ROCE | Source=64.30 | Calculated=49.60 | Category=Formula Difference
TCS | 2021 | ROE | Source=0.52 | Calculated=37.67 | Category=Formula Difference
TCS | 2021 | ROCE | Source=64.30 | Calculated=50.75 | Category=Formula Difference
TCS | 2022 | ROE | Source=0.52 | Calculated=43.13 | Category=Formula Difference
TCS | 2022 | ROCE | Source=64.30 | Calculated=58.06 | Category=Formula Difference
TCS | 2023 | ROE | Source=0.52 | Calculated=46.78 | Category=Formula Difference
TCS | 2024 | ROE | Source=0.52 | Calculated=50.94 | Category=Formula Difference
TCS | 2024 | ROE | Source=0.52 | Calculated=45.42 | Category=Formula Difference
TECHM | 2013 | ROE | Source=8.63 | Calculated=24.09 | Category=Formula Difference
TECHM | 2013 | ROCE | Source=11.90 | Calculated=17.31 | Category=Formula Difference
TECHM | 2013 | ROE | Source=8.63 | Calculated=24.09 | Category=Formula Difference
TECHM | 2013 | ROCE | Source=11.90 | Calculated=17.31 | Category=Formula Difference
TECHM | 2014 | ROE | Source=8.63 | Calculated=33.35 | Category=Formula Difference
TECHM | 2014 | ROCE | Source=11.90 | Calculated=45.43 | Category=Formula Difference
TECHM | 2014 | ROE | Source=8.63 | Calculated=33.35 | Category=Formula Difference
TECHM | 2014 | ROCE | Source=11.90 | Calculated=45.43 | Category=Formula Difference
TECHM | 2015 | ROE | Source=8.63 | Calculated=21.71 | Category=Formula Difference
TECHM | 2015 | ROCE | Source=11.90 | Calculated=32.67 | Category=Formula Difference
TECHM | 2015 | ROE | Source=8.63 | Calculated=21.71 | Category=Formula Difference
TECHM | 2015 | ROCE | Source=11.90 | Calculated=32.67 | Category=Formula Difference
TECHM | 2016 | ROE | Source=8.63 | Calculated=20.75 | Category=Formula Difference
TECHM | 2016 | ROCE | Source=11.90 | Calculated=29.44 | Category=Formula Difference
TECHM | 2016 | ROE | Source=8.63 | Calculated=20.75 | Category=Formula Difference
TECHM | 2016 | ROCE | Source=11.90 | Calculated=29.44 | Category=Formula Difference
TECHM | 2017 | ROE | Source=8.63 | Calculated=17.35 | Category=Formula Difference
TECHM | 2017 | ROCE | Source=11.90 | Calculated=27.13 | Category=Formula Difference
TECHM | 2017 | ROE | Source=8.63 | Calculated=17.35 | Category=Formula Difference
TECHM | 2017 | ROCE | Source=11.90 | Calculated=27.13 | Category=Formula Difference
TECHM | 2018 | ROE | Source=8.63 | Calculated=20.09 | Category=Formula Difference
TECHM | 2018 | ROCE | Source=11.90 | Calculated=28.08 | Category=Formula Difference
TECHM | 2018 | ROE | Source=8.63 | Calculated=20.09 | Category=Formula Difference
TECHM | 2018 | ROCE | Source=11.90 | Calculated=28.08 | Category=Formula Difference
TECHM | 2019 | ROE | Source=8.63 | Calculated=21.14 | Category=Formula Difference
TECHM | 2019 | ROCE | Source=11.90 | Calculated=29.94 | Category=Formula Difference
TECHM | 2019 | ROE | Source=8.63 | Calculated=21.14 | Category=Formula Difference
TECHM | 2019 | ROCE | Source=11.90 | Calculated=29.94 | Category=Formula Difference
TECHM | 2020 | ROE | Source=8.63 | Calculated=17.87 | Category=Formula Difference
TECHM | 2020 | ROCE | Source=11.90 | Calculated=25.52 | Category=Formula Difference
TECHM | 2020 | ROE | Source=8.63 | Calculated=17.87 | Category=Formula Difference
TECHM | 2020 | ROCE | Source=11.90 | Calculated=25.52 | Category=Formula Difference
TECHM | 2021 | ROE | Source=8.63 | Calculated=17.51 | Category=Formula Difference
TECHM | 2021 | ROCE | Source=11.90 | Calculated=26.69 | Category=Formula Difference
TECHM | 2021 | ROE | Source=8.63 | Calculated=17.51 | Category=Formula Difference
TECHM | 2021 | ROCE | Source=11.90 | Calculated=26.69 | Category=Formula Difference
TECHM | 2022 | ROE | Source=8.63 | Calculated=20.94 | Category=Formula Difference
TECHM | 2022 | ROCE | Source=11.90 | Calculated=30.41 | Category=Formula Difference
TECHM | 2022 | ROE | Source=8.63 | Calculated=20.94 | Category=Formula Difference
TECHM | 2022 | ROCE | Source=11.90 | Calculated=30.41 | Category=Formula Difference
TECHM | 2023 | ROE | Source=8.63 | Calculated=17.39 | Category=Formula Difference
TECHM | 2023 | ROCE | Source=11.90 | Calculated=27.40 | Category=Formula Difference
TECHM | 2023 | ROE | Source=8.63 | Calculated=17.39 | Category=Formula Difference
TECHM | 2023 | ROCE | Source=11.90 | Calculated=27.40 | Category=Formula Difference
TECHM | 2024 | ROCE | Source=11.90 | Calculated=17.26 | Category=Formula Difference
TECHM | 2024 | ROCE | Source=11.90 | Calculated=17.70 | Category=Formula Difference
TECHM | 2024 | ROCE | Source=11.90 | Calculated=17.26 | Category=Formula Difference
TECHM | 2024 | ROCE | Source=11.90 | Calculated=17.70 | Category=Formula Difference
TITAN | 2013 | ROCE | Source=22.70 | Calculated=53.91 | Category=Formula Difference
TITAN | 2014 | ROCE | Source=22.70 | Calculated=32.34 | Category=Formula Difference
TITAN | 2015 | ROE | Source=32.90 | Calculated=26.46 | Category=Formula Difference
TITAN | 2015 | ROCE | Source=22.70 | Calculated=35.77 | Category=Formula Difference
TITAN | 2016 | ROE | Source=32.90 | Calculated=19.25 | Category=Formula Difference
TITAN | 2017 | ROE | Source=32.90 | Calculated=16.47 | Category=Formula Difference
TITAN | 2018 | ROE | Source=32.90 | Calculated=21.65 | Category=Formula Difference
TITAN | 2019 | ROE | Source=32.90 | Calculated=22.88 | Category=Formula Difference
TITAN | 2020 | ROE | Source=32.90 | Calculated=22.39 | Category=Formula Difference
TITAN | 2021 | ROE | Source=32.90 | Calculated=12.99 | Category=Formula Difference
TITAN | 2021 | ROCE | Source=22.70 | Calculated=12.96 | Category=Formula Difference
TITAN | 2022 | ROE | Source=32.90 | Calculated=23.63 | Category=Formula Difference
TITAN | 2023 | ROE | Source=32.90 | Calculated=27.63 | Category=Formula Difference
TITAN | 2024 | ROCE | Source=22.70 | Calculated=16.59 | Category=Formula Difference
TORNTPHARM | 2013 | ROE | Source=24.20 | Calculated=30.59 | Category=Formula Difference
TORNTPHARM | 2013 | ROCE | Source=23.20 | Calculated=31.39 | Category=Formula Difference
TORNTPHARM | 2014 | ROE | Source=24.20 | Calculated=34.89 | Category=Formula Difference
TORNTPHARM | 2014 | ROCE | Source=23.20 | Calculated=30.64 | Category=Formula Difference
TORNTPHARM | 2015 | ROE | Source=24.20 | Calculated=30.15 | Category=Formula Difference
TORNTPHARM | 2016 | ROE | Source=24.20 | Calculated=49.60 | Category=Formula Difference
TORNTPHARM | 2016 | ROCE | Source=23.20 | Calculated=44.15 | Category=Formula Difference
TORNTPHARM | 2018 | ROE | Source=24.20 | Calculated=14.67 | Category=Formula Difference
TORNTPHARM | 2018 | ROCE | Source=23.20 | Calculated=12.09 | Category=Formula Difference
TORNTPHARM | 2019 | ROE | Source=24.20 | Calculated=9.23 | Category=Formula Difference
TORNTPHARM | 2019 | ROCE | Source=23.20 | Calculated=10.95 | Category=Formula Difference
TORNTPHARM | 2020 | ROCE | Source=23.20 | Calculated=17.35 | Category=Formula Difference
TORNTPHARM | 2022 | ROE | Source=24.20 | Calculated=13.05 | Category=Formula Difference
TORNTPHARM | 2024 | ROCE | Source=23.20 | Calculated=29.05 | Category=Formula Difference
TORNTPHARM | 2024 | ROCE | Source=23.20 | Calculated=29.72 | Category=Formula Difference
TRENT | 2013 | ROE | Source=27.20 | Calculated=-2.19 | Category=Formula Difference
TRENT | 2013 | ROCE | Source=23.80 | Calculated=2.16 | Category=Formula Difference
TRENT | 2014 | ROE | Source=27.20 | Calculated=-1.92 | Category=Formula Difference
TRENT | 2014 | ROCE | Source=23.80 | Calculated=4.16 | Category=Formula Difference
TRENT | 2015 | ROE | Source=27.20 | Calculated=9.07 | Category=Formula Difference
TRENT | 2015 | ROCE | Source=23.80 | Calculated=16.22 | Category=Formula Difference
TRENT | 2016 | ROE | Source=27.20 | Calculated=3.76 | Category=Formula Difference
TRENT | 2016 | ROCE | Source=23.80 | Calculated=6.87 | Category=Formula Difference
TRENT | 2017 | ROE | Source=27.20 | Calculated=5.49 | Category=Formula Difference
TRENT | 2017 | ROCE | Source=23.80 | Calculated=8.72 | Category=Formula Difference
TRENT | 2018 | ROE | Source=27.20 | Calculated=5.45 | Category=Formula Difference
TRENT | 2018 | ROCE | Source=23.80 | Calculated=9.62 | Category=Formula Difference
TRENT | 2019 | ROE | Source=27.20 | Calculated=5.77 | Category=Formula Difference
TRENT | 2019 | ROCE | Source=23.80 | Calculated=10.28 | Category=Formula Difference
TRENT | 2020 | ROE | Source=27.20 | Calculated=4.44 | Category=Formula Difference
TRENT | 2020 | ROCE | Source=23.80 | Calculated=15.36 | Category=Formula Difference
TRENT | 2021 | ROE | Source=27.20 | Calculated=-7.83 | Category=Formula Difference
TRENT | 2021 | ROCE | Source=23.80 | Calculated=1.99 | Category=Formula Difference
TRENT | 2022 | ROE | Source=27.20 | Calculated=1.48 | Category=Formula Difference
TRENT | 2022 | ROCE | Source=23.80 | Calculated=5.95 | Category=Formula Difference
TRENT | 2023 | ROE | Source=27.20 | Calculated=15.18 | Category=Formula Difference
TRENT | 2023 | ROCE | Source=23.80 | Calculated=14.82 | Category=Formula Difference
TRENT | 2024 | ROE | Source=27.20 | Calculated=36.31 | Category=Formula Difference
TRENT | 2024 | ROCE | Source=23.80 | Calculated=44.53 | Category=Formula Difference
TRENT | 2024 | ROCE | Source=23.80 | Calculated=39.74 | Category=Formula Difference
INDIGO | 2013 | ROCE | Source=24.50 | Calculated=52344.16 | Category=Formula Difference
INDIGO | 2014 | ROCE | Source=24.50 | Calculated=55961.96 | Category=Formula Difference
INDIGO | 2015 | ROCE | Source=24.50 | Calculated=38292.76 | Category=Formula Difference
INDIGO | 2016 | ROCE | Source=24.50 | Calculated=9083.70 | Category=Formula Difference
INDIGO | 2017 | ROCE | Source=24.50 | Calculated=10390.00 | Category=Formula Difference
INDIGO | 2018 | ROCE | Source=24.50 | Calculated=12374.68 | Category=Formula Difference
INDIGO | 2019 | ROCE | Source=24.50 | Calculated=12590.78 | Category=Formula Difference
INDIGO | 2020 | ROCE | Source=24.50 | Calculated=11876.77 | Category=Formula Difference
INDIGO | 2021 | ROCE | Source=24.50 | Calculated=2373.82 | Category=Formula Difference
INDIGO | 2022 | ROCE | Source=24.50 | Calculated=3723.56 | Category=Formula Difference
INDIGO | 2023 | ROCE | Source=24.50 | Calculated=5894.42 | Category=Formula Difference
INDIGO | 2024 | ROCE | Source=24.50 | Calculated=5393.88 | Category=Formula Difference
INDIGO | 2024 | ROCE | Source=24.50 | Calculated=5166.60 | Category=Formula Difference
