company_id,year,net_profit_margin,operating_profit_margin,roe,roce,roa,debt_equity,high_leverage,interest_coverage,interest_label,interest_warning,net_debt,asset_turnover,book_value_per_share,dividend_payout_ratio,free_cash_flow,cfo_quality_score,cfo_quality_label,capex_intensity,capex_label,fcf_conversion,cfo_sign,cfi_sign,cff_sign,pattern_label,revenue_cagr_3yr,revenue_cagr_5yr,revenue_cagr_10yr,pat_cagr_3yr,pat_cagr_5yr,pat_cagr_10yr,eps_cagr_3yr,eps_cagr_5yr,eps_cagr_10yr,revenue_cagr_3yr_flag,revenue_cagr_5yr_flag,revenue_cagr_10yr_flag,pat_cagr_3yr_flag,pat_cagr_5yr_flag,pat_cagr_10yr_flag,eps_cagr_3yr_flag,eps_cagr_5yr_flag,eps_cagr_10yr_flag,quality_score
ABB,2012,8.77,12.22,22.41,36.32,15.99,0.0,0,,Debt Free,0,0.0,1.82,30.81,25.0,42.0,0.7,Moderate,3.57,Moderate,20.79,+,-,-,Reinvestor,,,,,,,,,,INSUFFICIENT,INSUFFICIENT,INSUFFICIENT,INSUFFICIENT,INSUFFICIENT,INSUFFICIENT,INSUFFICIENT,INSUFFICIENT,INSUFFICIENT,44.44
ABB,2014,8.7,11.73,25.13,40.1,17.38,0.0,0,,Debt Free,0,0.0,2.0,37.52,25.0,11.0,0.78,Moderate,6.33,Moderate,4.12,+,-,-,Reinvestor,,,,,,,,,,INSUFFICIENT,INSUFFICIENT,INSUFFICIENT,INSUFFICIENT,INSUFFICIENT,INSUFFICIENT,INSUFFICIENT,INSUFFICIENT,INSUFFICIENT,44.44
ABB,2014,8.7,11.73,25.13,40.1,17.38,0.0,0,,Debt Free,0,0.0,2.0,37.52,25.0,0.0,0.0,Accrual Risk,0.0,Asset Light,0.0,0,0,0,Unknown,,,,,,,,,,INSUFFICIENT,INSUFFICIENT,INSUFFICIENT,INSUFFICIENT,INSUFFICIENT,INSUFFICIENT,INSUFFICIENT,INSUFFICIENT,INSUFFICIENT,33.33
ABB,2015,10.0,13.63,24.44,38.42,16.67,0.0,0,,Debt Free,0,0.0,1.67,44.62,29.0,28.0,0.94,Moderate,8.17,Capital Intensive,8.97,+,-,-,Reinvestor,11.46,,,16.45,,,16.67,,,NORMAL,INSUFFICIENT,INSUFFICIENT,NORMAL,INSUFFICIENT,INSUFFICIENT,NORMAL,INSUFFICIENT,INSUFFICIENT,44.44
ABB,2015,10.0,13.63,24.44,38.42,16.67,0.0,0,,Debt Free,0,0.0,1.67,44.62,29.0,-1899.0,0.15,Accrual Risk,81.43,Capital Intensive,-608.65,-,-,+,Growth Funded by Debt,11.46,,,16.45,,,16.67,,,NORMAL,INSUFFICIENT,INSUFFICIENT,NORMAL,INSUFFICIENT,INSUFFICIENT,NORMAL,INSUFFICIENT,INSUFFICIENT,33.33
ABB,2016,9.76,13.96,21.34,34.48,15.78,0.0,0,138.33,Interest Bearing,0,0.0,1.62,56.9,29.0,172.0,0.98,Moderate,2.95,Asset Light,47.12,+,-,-,Reinvestor,,,,,,,,,,INSUFFICIENT,INSUFFICIENT,INSUFFICIENT,INSUFFICIENT,INSUFFICIENT,INSUFFICIENT,INSUFFICIENT,INSUFFICIENT,INSUFFICIENT,55.56
ABB,2016,9.76,13.96,21.34,34.48,15.78,0.0,0,138.33,Interest Bearing,0,0.0,1.62,56.9,29.0,728.0,6.05,High Quality,31.22,Capital Intensive,199.45,+,-,-,Shareholder Returns,,,,,,,,,,INSUFFICIENT,INSUFFICIENT,INSUFFICIENT,INSUFFICIENT,INSUFFICIENT,INSUFFICIENT,INSUFFICIENT,INSUFFICIENT,INSUFFICIENT,66.67
ABB,2017,9.54,13.71,19.97,32.66,13.41,0.0,0,227.5,Interest Bearing,0,0.0,1.41,66.05,31.0,152.0,1.11,High Quality,5.34,Moderate,38.19,+,-,-,Shareholder Returns,8.45,11.92,,11.84,13.82,,11.81,13.84,,NORMAL,NORMAL,INSUFFICIENT,NORMAL,NORMAL,INSUFFICIENT,NORMAL,NORMAL,INSUFFICIENT,100.0
ABB,2017,9.54,13.71,19.97,32.66,13.41,0.0,0,227.5,Interest Bearing,0,0.0,1.41,66.05,31.0,459.0,7.9,High Quality,59.59,Capital Intensive,115.33,+,-,-,Shareholder Returns,8.45,11.92,,11.84,13.82,,11.81,13.84,,NORMAL,NORMAL,INSUFFICIENT,NORMAL,NORMAL,INSUFFICIENT,NORMAL,NORMAL,INSUFFICIENT,100.0
ABB,2018,12.16,15.92,23.69,37.68,16.6,0.0,0,160.5,Interest Bearing,0,0.0,1.37,80.62,29.0,-62.0,0.38,Accrual Risk,6.52,Moderate,-11.81,+,-,-,Reinvestor,12.95,,,20.53,,,20.51,,,NORMAL,INSUFFICIENT,INSUFFICIENT,NORMAL,INSUFFICIENT,INSUFFICIENT,NORMAL,INSUFFICIENT,INSUFFICIENT,44.44
ABB,2018,12.16,15.92,23.69,37.68,16.6,0.0,0,160.5,Interest Bearing,0,0.0,1.37,80.62,29.0,-994.0,5.48,High Quality,96.79,Capital Intensive,-189.33,+,-,+,Mixed,12.95,,,20.53,,,20.51,,,NORMAL,INSUFFICIENT,INSUFFICIENT,NORMAL,INSUFFICIENT,INSUFFICIENT,NORMAL,INSUFFICIENT,INSUFFICIENT,55.56
ABB,2019,12.23,16.44,22.41,35.66,15.3,0.0,0,359.0,Interest Bearing,0,0.0,1.25,95.62,31.0,242.0,1.11,High Quality,6.99,Moderate,40.0,+,-,-,Shareholder Returns,12.07,10.08,,20.84,17.84,,20.89,17.92,,NORMAL,NORMAL,INSUFFICIENT,NORMAL,NORMAL,INSUFFICIENT,NORMAL,NORMAL,INSUFFICIENT,100.0
ABB,2019,12.23,16.44,22.41,35.66,15.3,0.0,0,359.0,Interest Bearing,0,0.0,1.25,95.62,31.0,-459.0,5.76,High Quality,82.9,Capital Intensive,-75.87,+,-,+,Mixed,12.07,10.08,,20.84,17.84,,20.89,17.92,,NORMAL,NORMAL,INSUFFICIENT,NORMAL,NORMAL,INSUFFICIENT,NORMAL,NORMAL,INSUFFICIENT,88.89
ABB,2020,14.49,18.49,24.39,33.08,16.72,0.07,0,96.78,Interest Bearing,0,175.0,1.15,115.76,90.0,225.0,1.06,High Quality,9.8,Capital Intensive,29.72,+,-,-,Shareholder Returns,12.13,12.33,,28.88,20.96,,28.99,20.9,,NORMAL,NORMAL,INSUFFICIENT,NORMAL,NORMAL,INSUFFICIENT,NORMAL,NORMAL,INSUFFICIENT,100.0
ABB,2020,14.49,18.49,24.39,33.08,16.72,0.07,0,96.78,Interest Bearing,0,175.0,1.15,115.76,90.0,-206.0,9.17,High Quality,137.87,Capital Intensive,-27.21,+,-,+,Mixed,12.13,12.33,,28.88,20.96,,28.99,20.9,,NORMAL,NORMAL,INSUFFICIENT,NORMAL,NORMAL,INSUFFICIENT,NORMAL,NORMAL,INSUFFICIENT,88.89
ABB,2021,16.03,21.39,26.56,35.75,17.99,0.06,0,55.72,Interest Bearing,0,153.0,1.12,123.9,85.0,655.0,1.05,High Quality,1.67,Asset Light,71.04,+,-,-,Shareholder Returns,9.33,10.52,,19.89,22.06,,19.8,22.05,,NORMAL,NORMAL,INSUFFICIENT,NORMAL,NORMAL,INSUFFICIENT,NORMAL,NORMAL,INSUFFICIENT,100.0
ABB,2021,16.03,21.39,26.56,35.75,17.99,0.06,0,55.72,Interest Bearing,0,153.0,1.12,123.9,85.0,-225.0,5.48,High Quality,93.02,Capital Intensive,-24.4,+,-,-,Shareholder Returns,9.33,10.52,,19.89,22.06,,19.8,22.05,,NORMAL,NORMAL,INSUFFICIENT,NORMAL,NORMAL,INSUFFICIENT,NORMAL,NORMAL,INSUFFICIENT,88.89
ABB,2022,16.26,22.02,28.33,38.56,18.92,0.05,0,61.32,Interest Bearing,0,152.0,1.16,134.29,73.0,552.0,1.19,High Quality,8.06,Capital Intensive,51.02,+,-,-,Shareholder Returns,10.12,11.1,11.51,21.09,23.6,18.61,21.05,23.67,18.65,NORMAL,NORMAL,NORMAL,NORMAL,NORMAL,NORMAL,NORMAL,NORMAL,NORMAL,100.0
ABB,2022,16.26,22.02,28.33,38.56,18.92,0.05,0,61.32,Interest Bearing,0,152.0,1.16,134.29,73.0,161.0,5.13,High Quality,80.11,Capital Intensive,14.88,+,-,-,Shareholder Returns,10.12,11.1,11.51,21.09,23.6,18.61,21.05,23.67,18.65,NORMAL,NORMAL,NORMAL,NORMAL,NORMAL,NORMAL,NORMAL,NORMAL,NORMAL,100.0
ABB,2023,17.74,22.55,29.77,40.71,20.83,0.04,0,85.0,Interest Bearing,0,113.0,1.17,151.81,73.0,745.0,0.94,Moderate,2.77,Asset Light,61.77,+,-,-,Reinvestor,9.33,10.16,,16.97,18.8,,17.01,18.79,,NORMAL,NORMAL,INSUFFICIENT,NORMAL,NORMAL,INSUFFICIENT,NORMAL,NORMAL,INSUFFICIENT,88.89
ABB,2023,17.74,22.55,29.77,40.71,20.83,0.04,0,85.0,Interest Bearing,0,113.0,1.17,151.81,73.0,-922.0,3.98,High Quality,87.85,Capital Intensive,-76.45,+,-,+,Mixed,9.33,10.16,,16.97,18.8,,17.01,18.79,,NORMAL,NORMAL,INSUFFICIENT,NORMAL,NORMAL,INSUFFICIENT,NORMAL,NORMAL,INSUFFICIENT,88.89
ABB,2024,20.53,24.84,32.47,44.66,23.13,0.02,0,141.75,Interest Bearing,0,83.0,1.13,176.14,73.0,797.0,1.01,High Quality,7.11,Moderate,54.85,+,-,-,Shareholder Returns,10.71,9.72,9.9,20.23,21.69,19.75,20.24,21.66,19.77,NORMAL,NORMAL,NORMAL,NORMAL,NORMAL,NORMAL,NORMAL,NORMAL,NORMAL,88.89
ABB,2024,20.53,24.84,32.47,44.66,23.13,0.02,0,141.75,Interest Bearing,0,83.0,1.13,176.14,73.0,1095.0,5.03,High Quality,84.51,Capital Intensive,75.36,+,-,-,Shareholder Returns,10.71,9.72,9.9,20.23,21.69,19.75,20.24,21.66,19.77,NORMAL,NORMAL,NORMAL,NORMAL,NORMAL,NORMAL,NORMAL,NORMAL,NORMAL,88.89
ABB,2024,20.53,24.84,34.11,47.17,23.72,0.02,0,141.75,Interest Bearing,0,60.0,1.16,167.67,73.0,797.0,1.01,High Quality,7.11,Moderate,54.85,+,-,-,Shareholder Returns,10.71,9.72,9.9,20.23,21.69,19.75,20.24,21.66,19.77,NORMAL,NORMAL,NORMAL,NORMAL,NORMAL,NORMAL,NORMAL,NORMAL,NORMAL,88.89
ABB,2024,20.53,24.84,34.11,47.17,23.72,0.02,0,141.75,Interest Bearing,0,60.0,1.16,167.67,73.0,1095.0,5.03,High Quality,84.51,Capital Intensive,75.36,+,-,-,Shareholder Returns,10.71,9.72,9.9,20.23,21.69,19.75,20.24,21.66,19.77,NORMAL,NORMAL,NORMAL,NORMAL,NORMAL,NORMAL,NORMAL,NORMAL,NORMAL,88.89
ADANIENSOL,2014,,,0.0,0.0,,0.0,0,,Debt Free,0,0.0,,1.0,0.0,0.0,0.0,Insufficient Data,,,,0,0,0,Unknown,,,,,,,,,,INSUFFICIENT,INSUFFICIENT,INSUFFICIENT,INSUFFICIENT,INSUFFICIENT,INSUFFICIENT,INSUFFICIENT,INSUFFICIENT,INSUFFICIENT,11.11
ADANIENSOL,2015,-5.34,77.1,-0.65,0.29,-0.06,8.96,1,1.42,Interest Bearing,1,9701.0,0.01,0.99,0.0,-1899.0,5.0,High Quality,1422.9,Capital Intensive,-1880.2,-,-,+,Growth Funded by Debt,,,,,,,,,,INSUFFICIENT,INSUFFICIENT,INSUFFICIENT,INSUFFICIENT,INSUFFICIENT,INSUFFICIENT,INSUFFICIENT,INSUFFICIENT,INSUFFICIENT,11.11
ADANIENSOL,2016,16.77,87.83,13.77,9.24,3.13,3.21,1,2.09,Interest Bearing,0,8565.0,0.19,2.43,0.0,728.0,4.2,High Quality,37.19,Capital Intensive,37.78,+,-,-,Shareholder Returns,,,,,,,,,,INSUFFICIENT,INSUFFICIENT,INSUFFICIENT,INSUFFICIENT,INSUFFICIENT,INSUFFICIENT,INSUFFICIENT,INSUFFICIENT,INSUFFICIENT,22.22
ADANIENSOL,2017,14.46,68.95,14.12,9.24,3.25,3.05,1,2.22,Interest Bearing,0,8870.0,0.22,2.68,0.0,459.0,5.26,High Quality,60.15,Capital Intensive,23.15,+,-,-,Shareholder Returns,,,,,,,,,,INSUFFICIENT,INSUFFICIENT,INSUFFICIENT,INSUFFICIENT,INSUFFICIENT,INSUFFICIENT,INSUFFICIENT,INSUFFICIENT,INSUFFICIENT,22.22
ADANIENSOL,2018,28.98,71.65,18.87,12.44,6.62,1.72,0,3.31,Interest Bearing,0,10428.0,0.23,5.51,0.0,-994.0,1.92,High Quality,80.93,Capital Intensive,-35.17,+,-,+,Mixed,211.09,,,,,,,,,NORMAL,INSUFFICIENT,INSUFFICIENT,TURNAROUND,INSUFFICIENT,INSUFFICIENT,INSUFFICIENT,INSUFFICIENT,INSUFFICIENT,33.33
ADANIENSOL,2019,7.65,38.03,6.95,6.11,1.72,2.5,1,2.24,Interest Bearing,0,19801.0,0.22,7.31,0.0,-459.0,4.64,High Quality,41.75,Capital Intensive,-16.52,+,-,+,Mixed,49.32,,,14.95,,,18.56,,,NORMAL,INSUFFICIENT,INSUFFICIENT,NORMAL,INSUFFICIENT,INSUFFICIENT,NORMAL,INSUFFICIENT,INSUFFICIENT,11.11
ADANIENSOL,2020,6.18,37.3,8.31,6.97,1.78,2.85,1,2.02,Interest Bearing,0,23933.0,0.29,7.73,0.0,-206.0,7.7,High Quality,49.43,Capital Intensive,-4.84,+,-,+,Mixed,58.33,144.37,,19.28,,,20.51,,,NORMAL,NORMAL,INSUFFICIENT,NORMAL,TURNAROUND,INSUFFICIENT,NORMAL,INSUFFICIENT,INSUFFICIENT,22.22
ADANIENSOL,2021,13.0,39.79,14.46,8.19,2.98,3.04,1,2.39,Interest Bearing,0,26653.0,0.23,8.11,0.0,-225.0,2.93,High Quality,40.39,Capital Intensive,-5.7,+,-,-,Shareholder Returns,36.02,35.24,,4.12,28.51,,3.23,29.67,,NORMAL,NORMAL,INSUFFICIENT,NORMAL,NORMAL,INSUFFICIENT,NORMAL,NORMAL,INSUFFICIENT,44.44
ADANIENSOL,2022,10.98,37.36,12.47,7.85,2.6,3.02,1,2.32,Interest Bearing,0,29341.0,0.24,9.01,0.0,161.0,3.31,High Quality,34.96,Capital Intensive,3.83,+,-,-,Shareholder Returns,15.51,31.38,,30.28,24.33,,30.06,22.42,,NORMAL,NORMAL,INSUFFICIENT,NORMAL,NORMAL,INSUFFICIENT,NORMAL,NORMAL,INSUFFICIENT,55.56
ADANIENSOL,2023,9.64,33.99,10.9,7.21,2.38,2.92,1,2.19,Interest Bearing,0,32900.0,0.25,10.54,0.0,-922.0,2.95,High Quality,35.35,Capital Intensive,-20.41,+,-,+,Mixed,5.2,27.51,,21.97,2.31,,16.26,1.92,,NORMAL,NORMAL,INSUFFICIENT,NORMAL,NORMAL,INSUFFICIENT,NORMAL,NORMAL,INSUFFICIENT,22.22
ADANIENSOL,2024,7.2,34.39,9.46,7.15,2.04,2.93,1,2.28,Interest Bearing,0,36304.0,0.28,11.34,0.0,1095.0,5.05,High Quality,29.76,Capital Intensive,19.17,+,-,-,Shareholder Returns,18.72,17.85,,-2.49,16.43,,-3.13,14.87,,NORMAL,NORMAL,INSUFFICIENT,NORMAL,NORMAL,INSUFFICIENT,NORMAL,NORMAL,INSUFFICIENT,55.56
ADANIENSOL,2024,7.2,34.39,5.7,5.93,1.73,1.86,0,2.28,Interest Bearing,0,37401.0,0.24,17.47,0.0,1095.0,5.05,High Quality,29.76,Capital Intensive,19.17,+,-,-,Shareholder Returns,18.72,17.85,,-2.49,16.43,,-3.13,14.87,,NORMAL,NORMAL,INSUFFICIENT,NORMAL,NORMAL,INSUFFICIENT,NORMAL,NORMAL,INSUFFICIENT,55.56
ADANIENT,2013,2.63,12.98,5.69,4.74,1.09,3.24,1,2.23,Interest Bearing,0,69009.0,0.41,194.51,10.0,-7124.0,6.29,High Quality,31.89,Capital Intensive,-118.32,+,-,+,Mixed,,,,,,,,,,INSUFFICIENT,INSUFFICIENT,INSUFFICIENT,INSUFFICIENT,INSUFFICIENT,INSUFFICIENT,INSUFFICIENT,INSUFFICIENT,INSUFFICIENT,11.11
ADANIENT,2014,4.82,17.08,11.14,5.05,2.24,3.03,1,1.85,Interest Bearing,0,71692.0,0.47,215.97,7.0,221.0,3.11,High Quality,14.57,Capital Intensive,2.36,+,-,-,Shareholder Returns,,,,,,,,,,INSUFFICIENT,INSUFFICIENT,INSUFFICIENT,INSUFFICIENT,INSUFFICIENT,INSUFFICIENT,INSUFFICIENT,INSUFFICIENT,INSUFFICIENT,22.22
ADANIENT,2015,3.56,19.31,8.93,5.66,1.76,3.25,1,1.88,Interest Bearing,0,82827.0,0.49,233.89,8.0,-2933.0,3.71,High Quality,17.78,Capital Intensive,-23.56,+,-,+,Mixed,,,,,,,,,,INSUFFICIENT,INSUFFICIENT,INSUFFICIENT,INSUFFICIENT,INSUFFICIENT,INSUFFICIENT,INSUFFICIENT,INSUFFICIENT,INSUFFICIENT,11.11
ADANIENT,2016,2.94,4.95,7.47,4.21,2.4,1.43,0,2.01,Interest Bearing,0,18364.0,0.82,121.62,4.0,3287.0,5.11,High Quality,5.37,Moderate,195.19,+,-,-,Shareholder Returns,-9.82,,,-6.36,,,-15.66,,,NORMAL,INSUFFICIENT,INSUFFICIENT,NORMAL,INSUFFICIENT,INSUFFICIENT,NORMAL,INSUFFICIENT,INSUFFICIENT,22.22
ADANIENT,2017,2.53,5.21,6.54,3.98,1.94,1.47,0,2.11,Interest Bearing,0,19804.0,0.77,128.51,4.0,-686.0,0.84,Moderate,4.0,Moderate,-36.07,+,-,+,Mixed,-12.72,,,-29.55,,,-23.37,,,NORMAL,INSUFFICIENT,INSUFFICIENT,NORMAL,INSUFFICIENT,INSUFFICIENT,NORMAL,INSUFFICIENT,INSUFFICIENT,0.0
ADANIENT,2018,1.65,5.67,3.94,3.52,1.05,1.17,0,1.92,Interest Bearing,0,16176.0,0.64,137.17,6.0,-4707.0,4.95,High Quality,21.29,Capital Intensive,-230.96,+,-,+,Mixed,-17.71,-4.98,,-36.3,-13.38,,-27.01,-14.14,,NORMAL,NORMAL,INSUFFICIENT,NORMAL,NORMAL,INSUFFICIENT,NORMAL,NORMAL,INSUFFICIENT,11.11
ADANIENT,2019,1.25,4.88,3.43,3.26,1.19,0.76,0,1.52,Interest Bearing,0,9732.0,0.95,134.15,6.0,5723.0,6.4,High Quality,6.16,Moderate,290.66,+,+,-,Liquidating Assets,5.89,-5.98,,-20.31,-28.17,,-8.04,-18.94,,NORMAL,NORMAL,INSUFFICIENT,NORMAL,NORMAL,INSUFFICIENT,NORMAL,NORMAL,INSUFFICIENT,33.33
ADANIENT,2020,2.4,5.29,6.14,5.43,2.22,0.73,0,2.01,Interest Bearing,0,10467.0,0.93,154.06,10.0,1372.0,2.36,High Quality,2.49,Asset Light,59.81,+,-,-,Shareholder Returns,5.91,-7.61,,3.98,-14.66,,3.57,-11.09,,NORMAL,NORMAL,INSUFFICIENT,NORMAL,NORMAL,INSUFFICIENT,NORMAL,NORMAL,INSUFFICIENT,33.33
ADANIENT,2021,2.65,6.34,6.1,4.86,2.03,0.95,0,2.18,Interest Bearing,0,10724.0,0.77,155.99,12.0,-4568.0,3.87,High Quality,21.78,Capital Intensive,-182.28,+,-,+,Mixed,3.25,3.06,,20.76,0.9,,4.55,-2.33,,NORMAL,NORMAL,INSUFFICIENT,NORMAL,NORMAL,INSUFFICIENT,NORMAL,NORMAL,INSUFFICIENT,22.22
ADANIENT,2022,1.14,5.35,3.54,3.44,0.78,1.87,0,1.87,Interest Bearing,0,37312.0,0.68,202.34,14.0,-15656.0,1.76,High Quality,24.55,Capital Intensive,-421.54,+,-,+,Mixed,19.8,13.7,,15.91,-3.16,,0.0,-4.9,,NORMAL,NORMAL,INSUFFICIENT,NORMAL,NORMAL,INSUFFICIENT,NORMAL,NORMAL,INSUFFICIENT,22.22
ADANIENT,2023,1.9,6.91,7.33,6.59,1.71,1.61,0,2.43,Interest Bearing,0,46890.0,0.9,289.92,6.0,2167.0,7.28,High Quality,12.12,Capital Intensive,24.57,+,-,-,Shareholder Returns,43.23,28.84,10.65,32.55,32.46,7.12,30.06,25.74,3.9,NORMAL,NORMAL,NORMAL,NORMAL,NORMAL,NORMAL,NORMAL,NORMAL,NORMAL,55.56
ADANIENT,2024,3.46,11.8,8.53,7.63,2.08,1.67,0,2.75,Interest Bearing,0,56609.0,0.6,342.77,5.0,-8455.0,3.09,High Quality,19.46,Capital Intensive,-74.32,+,-,+,Mixed,34.6,19.02,5.78,47.18,45.81,2.34,51.83,31.95,3.42,NORMAL,NORMAL,NORMAL,NORMAL,NORMAL,NORMAL,NORMAL,NORMAL,NORMAL,44.44
ADANIENT,2024,3.46,11.8,7.96,6.51,1.83,1.92,0,2.75,Interest Bearing,0,70105.0,0.53,367.51,5.0,-8455.0,3.09,High Quality,19.46,Capital Intensive,-74.32,+,-,+,Mixed,34.6,19.02,5.78,47.18,45.81,2.34,51.83,31.95,3.42,NORMAL,NORMAL,NORMAL,NORMAL,NORMAL,NORMAL,NORMAL,NORMAL,NORMAL,44.44
ADANIGREEN,2017,-9.36,80.28,-3.91,2.68,-0.76,3.61,1,1.45,Interest Bearing,1,4321.0,0.08,0.94,0.0,-1483.0,0.6,Moderate,301.0,Capital Intensive,-367.99,+,-,+,Mixed,,,,,,,,,,INSUFFICIENT,INSUFFICIENT,INSUFFICIENT,INSUFFICIENT,INSUFFICIENT,INSUFFICIENT,INSUFFICIENT,INSUFFICIENT,INSUFFICIENT,0.0
ADANIGREEN,2018,-9.32,56.96,-10.29,2.97,-0.88,7.36,1,1.6,Interest Bearing,0,9777.0,0.09,0.86,0.0,-3779.0,4.7,High Quality,299.19,Capital Intensive,-448.28,+,-,+,Mixed,,,,,,,,,,INSUFFICIENT,INSUFFICIENT,INSUFFICIENT,INSUFFICIENT,INSUFFICIENT,INSUFFICIENT,INSUFFICIENT,INSUFFICIENT,INSUFFICIENT,11.11
ADANIGREEN,2019,-23.08,74.15,-24.57,3.66,-3.24,5.76,1,1.43,Interest Bearing,1,11065.0,0.14,1.24,0.0,-1041.0,3.42,High Quality,129.54,Capital Intensive,-68.22,+,-,+,Mixed,,,,,,,,,,INSUFFICIENT,INSUFFICIENT,INSUFFICIENT,INSUFFICIENT,INSUFFICIENT,INSUFFICIENT,INSUFFICIENT,INSUFFICIENT,INSUFFICIENT,11.11
ADANIGREEN,2020,-2.67,56.89,-2.89,2.0,-0.37,6.31,1,1.35,Interest Bearing,1,14390.0,0.14,1.51,0.0,-1778.0,28.9,High Quality,146.84,Capital Intensive,-122.62,+,-,+,Mixed,71.88,,,,,,,,,NORMAL,INSUFFICIENT,INSUFFICIENT,BOTH_NEGATIVE,INSUFFICIENT,INSUFFICIENT,INSUFFICIENT,INSUFFICIENT,INSUFFICIENT,11.11
ADANIGREEN,2021,5.83,71.73,8.27,2.57,0.63,11.0,1,1.35,Interest Bearing,1,23707.0,0.11,1.41,0.0,-7536.0,8.8,High Quality,292.48,Capital Intensive,-336.28,+,-,+,Mixed,28.28,,,,,,,,,NORMAL,INSUFFICIENT,INSUFFICIENT,TURNAROUND,INSUFFICIENT,INSUFFICIENT,TURNAROUND,INSUFFICIENT,INSUFFICIENT,11.11
ADANIGREEN,2022,9.53,68.42,18.71,2.53,0.83,20.21,1,1.54,Interest Bearing,0,52258.0,0.09,1.67,0.0,-15603.0,6.39,High Quality,364.89,Capital Intensive,-444.28,+,-,+,Mixed,35.62,59.2,,,,,,,,NORMAL,NORMAL,INSUFFICIENT,TURNAROUND,TURNAROUND,INSUFFICIENT,TURNAROUND,INSUFFICIENT,INSUFFICIENT,33.33
ADANIGREEN,2023,12.51,63.91,13.32,4.43,1.45,7.42,1,1.94,Interest Bearing,0,53074.0,0.12,4.61,0.0,3408.0,7.47,High Quality,49.6,Capital Intensive,68.57,+,-,-,Shareholder Returns,45.03,39.35,,,,,,,,NORMAL,NORMAL,INSUFFICIENT,TURNAROUND,TURNAROUND,INSUFFICIENT,INSUFFICIENT,TURNAROUND,INSUFFICIENT,33.33
ADANIGREEN,2024,13.67,79.37,12.81,4.78,1.43,6.6,1,1.71,Interest Bearing,0,63343.0,0.1,6.21,0.0,-13347.0,6.12,High Quality,228.42,Capital Intensive,-182.39,+,-,+,Mixed,43.44,34.98,,90.59,,,91.29,,,NORMAL,NORMAL,INSUFFICIENT,NORMAL,TURNAROUND,INSUFFICIENT,NORMAL,TURNAROUND,INSUFFICIENT,22.22
ADANIGREEN,2024,13.67,79.37,11.91,4.58,1.28,6.38,1,1.71,Interest Bearing,0,65099.0,0.09,6.68,0.0,-13347.0,6.12,High Quality,228.42,Capital Intensive,-182.39,+,-,+,Mixed,43.44,34.98,,90.59,,,91.29,,,NORMAL,NORMAL,INSUFFICIENT,NORMAL,TURNAROUND,INSUFFICIENT,NORMAL,TURNAROUND,INSUFFICIENT,22.22
ADANIPORTS,2013,45.82,66.59,25.63,12.12,7.79,1.82,0,5.03,Interest Bearing,0,11398.0,0.17,15.95,12.0,-3757.0,0.84,Moderate,143.58,Capital Intensive,-157.72,+,-,+,Mixed,,,,,,,,,,INSUFFICIENT,INSUFFICIENT,INSUFFICIENT,INSUFFICIENT,INSUFFICIENT,INSUFFICIENT,INSUFFICIENT,INSUFFICIENT,INSUFFICIENT,22.22
ADANIPORTS,2013,45.82,66.59,25.63,12.12,7.79,1.82,0,5.03,Interest Bearing,0,11398.0,0.17,15.95,12.0,-3757.0,0.84,Moderate,143.58,Capital Intensive,-157.72,+,-,+,Mixed,,,,,,,,,,INSUFFICIENT,INSUFFICIENT,INSUFFICIENT,INSUFFICIENT,INSUFFICIENT,INSUFFICIENT,INSUFFICIENT,INSUFFICIENT,INSUFFICIENT,22.22
ADANIPORTS,2014,36.05,60.43,19.86,12.08,7.06,1.48,0,3.69,Interest Bearing,0,12916.0,0.2,21.17,12.0,-1378.0,0.65,Moderate,51.97,Capital Intensive,-47.21,+,-,+,Mixed,,,,,,,,,,INSUFFICIENT,INSUFFICIENT,INSUFFICIENT,INSUFFICIENT,INSUFFICIENT,INSUFFICIENT,INSUFFICIENT,INSUFFICIENT,INSUFFICIENT,22.22
ADANIPORTS,2014,36.05,60.43,19.86,12.08,7.06,1.48,0,3.69,Interest Bearing,0,12916.0,0.2,21.17,12.0,-1378.0,0.65,Moderate,51.97,Capital Intensive,-47.21,+,-,+,Mixed,,,,,,,,,,INSUFFICIENT,INSUFFICIENT,INSUFFICIENT,INSUFFICIENT,INSUFFICIENT,INSUFFICIENT,INSUFFICIENT,INSUFFICIENT,INSUFFICIENT,22.22
ADANIPORTS,2015,37.78,63.43,21.59,11.96,7.24,1.65,0,3.9,Interest Bearing,0,17516.0,0.19,26.0,10.0,572.0,1.32,High Quality,40.39,Capital Intensive,14.66,+,-,-,Shareholder Returns,,,,,,,,,,INSUFFICIENT,INSUFFICIENT,INSUFFICIENT,INSUFFICIENT,INSUFFICIENT,INSUFFICIENT,INSUFFICIENT,INSUFFICIENT,INSUFFICIENT,44.44
ADANIPORTS,2015,37.78,63.43,21.59,11.96,7.24,1.65,0,3.9,Interest Bearing,0,17516.0,0.19,26.0,10.0,572.0,1.32,High Quality,40.39,Capital Intensive,14.66,+,-,-,Shareholder Returns,,,,,,,,,,INSUFFICIENT,INSUFFICIENT,INSUFFICIENT,INSUFFICIENT,INSUFFICIENT,INSUFFICIENT,INSUFFICIENT,INSUFFICIENT,INSUFFICIENT,44.44
ADANIPORTS,2016,40.17,64.38,21.15,11.67,7.44,1.65,0,4.72,Interest Bearing,0,21797.0,0.19,32.62,8.0,-1772.0,0.83,Moderate,58.42,Capital Intensive,-38.72,+,-,+,Mixed,25.73,,,20.34,,,20.51,,,NORMAL,INSUFFICIENT,INSUFFICIENT,NORMAL,INSUFFICIENT,INSUFFICIENT,NORMAL,INSUFFICIENT,INSUFFICIENT,22.22
ADANIPORTS,2016,40.17,64.38,21.15,11.67,7.44,1.65,0,4.72,Interest Bearing,0,21797.0,0.19,32.62,8.0,-1772.0,0.83,Moderate,58.42,Capital Intensive,-38.72,+,-,+,Mixed,25.73,,,20.34,,,20.51,,,NORMAL,INSUFFICIENT,INSUFFICIENT,NORMAL,INSUFFICIENT,INSUFFICIENT,NORMAL,INSUFFICIENT,INSUFFICIENT,22.22
ADANIPORTS,2017,46.24,64.2,22.26,13.43,9.0,1.27,0,5.78,Interest Bearing,0,21053.0,0.19,42.33,7.0,1434.0,1.04,High Quality,31.15,Capital Intensive,26.47,+,-,-,Shareholder Returns,20.44,,,30.87,,,33.42,,,NORMAL,INSUFFICIENT,INSUFFICIENT,NORMAL,INSUFFICIENT,INSUFFICIENT,NORMAL,INSUFFICIENT,INSUFFICIENT,44.44
ADANIPORTS,2017,46.24,64.2,22.26,13.43,9.0,1.27,0,5.78,Interest Bearing,0,21053.0,0.19,42.33,7.0,1434.0,1.04,High Quality,31.15,Capital Intensive,26.47,+,-,-,Shareholder Returns,20.44,,,30.87,,,33.42,,,NORMAL,INSUFFICIENT,INSUFFICIENT,NORMAL,INSUFFICIENT,INSUFFICIENT,NORMAL,INSUFFICIENT,INSUFFICIENT,44.44
ADANIPORTS,2018,32.59,63.21,17.65,14.84,7.81,1.07,0,5.07,Interest Bearing,0,21291.0,0.24,50.49,11.0,1762.0,1.52,High Quality,33.97,Capital Intensive,24.62,+,-,-,Shareholder Returns,22.55,25.92,,16.66,17.62,,17.84,17.61,,NORMAL,NORMAL,INSUFFICIENT,NORMAL,NORMAL,INSUFFICIENT,NORMAL,NORMAL,INSUFFICIENT,77.78
ADANIPORTS,2018,32.59,63.21,17.65,14.84,7.81,1.07,0,5.07,Interest Bearing,0,21291.0,0.24,50.49,11.0,1762.0,1.52,High Quality,33.97,Capital Intensive,24.62,+,-,-,Shareholder Returns,22.55,25.92,,16.66,17.62,,17.84,17.61,,NORMAL,NORMAL,INSUFFICIENT,NORMAL,NORMAL,INSUFFICIENT,NORMAL,NORMAL,INSUFFICIENT,77.78
ADANIPORTS,2019,37.03,60.38,16.6,12.48,7.18,1.14,0,5.69,Interest Bearing,0,26930.0,0.19,58.87,1.0,1661.0,1.49,High Quality,39.98,Capital Intensive,25.18,+,-,+,Mixed,15.4,17.73,,12.3,18.37,,10.72,18.89,,NORMAL,NORMAL,INSUFFICIENT,NORMAL,NORMAL,INSUFFICIENT,NORMAL,NORMAL,INSUFFICIENT,77.78
ADANIPORTS,2019,37.03,60.38,16.6,12.48,7.18,1.14,0,5.69,Interest Bearing,0,26930.0,0.19,58.87,1.0,1661.0,1.49,High Quality,39.98,Capital Intensive,25.18,+,-,+,Mixed,15.4,17.73,,12.3,18.37,,10.72,18.89,,NORMAL,NORMAL,INSUFFICIENT,NORMAL,NORMAL,INSUFFICIENT,NORMAL,NORMAL,INSUFFICIENT,77.78
ADANIPORTS,2020,31.88,50.09,14.87,10.64,6.11,1.19,0,4.04,Interest Bearing,0,29064.0,0.19,62.7,17.0,6653.0,1.96,High Quality,6.31,Moderate,111.87,+,-,-,Shareholder Returns,12.05,14.05,,-1.01,10.25,,0.0,11.55,,NORMAL,NORMAL,INSUFFICIENT,NORMAL,NORMAL,INSUFFICIENT,NORMAL,NORMAL,INSUFFICIENT,66.67
ADANIPORTS,2020,31.88,50.09,14.87,10.64,6.11,1.19,0,4.04,Interest Bearing,0,29064.0,0.19,62.7,17.0,6653.0,1.96,High Quality,6.31,Moderate,111.87,+,-,-,Shareholder Returns,12.05,14.05,,-1.01,10.25,,0.0,11.55,,NORMAL,NORMAL,INSUFFICIENT,NORMAL,NORMAL,INSUFFICIENT,NORMAL,NORMAL,INSUFFICIENT,66.67
ADANIPORTS,2021,40.23,69.23,16.59,12.67,6.77,1.18,0,4.73,Interest Bearing,0,33619.0,0.17,74.98,20.0,-6508.0,1.5,High Quality,112.06,Capital Intensive,-74.91,+,-,+,Mixed,3.49,12.04,,11.02,12.07,,11.57,12.3,,NORMAL,NORMAL,INSUFFICIENT,NORMAL,NORMAL,INSUFFICIENT,NORMAL,NORMAL,INSUFFICIENT,66.67
ADANIPORTS,2021,40.23,69.23,16.59,12.67,6.77,1.18,0,4.73,Interest Bearing,0,33619.0,0.17,74.98,20.0,-6508.0,1.5,High Quality,112.06,Capital Intensive,-74.91,+,-,+,Mixed,3.49,12.04,,11.02,12.07,,11.57,12.3,,NORMAL,NORMAL,INSUFFICIENT,NORMAL,NORMAL,INSUFFICIENT,NORMAL,NORMAL,INSUFFICIENT,66.67
ADANIPORTS,2022,28.93,55.66,11.84,9.82,5.04,1.15,0,4.47,Interest Bearing,0,44774.0,0.17,99.1,22.0,4927.0,2.1,High Quality,32.09,Capital Intensive,51.71,+,-,-,Shareholder Returns,16.15,15.2,,6.98,4.89,,6.58,3.9,,NORMAL,NORMAL,INSUFFICIENT,NORMAL,NORMAL,INSUFFICIENT,NORMAL,NORMAL,INSUFFICIENT,44.44
ADANIPORTS,2022,28.93,55.66,11.84,9.82,5.04,1.15,0,4.47,Interest Bearing,0,44774.0,0.17,99.1,22.0,4927.0,2.1,High Quality,32.09,Capital Intensive,51.71,+,-,-,Shareholder Returns,16.15,15.2,,6.98,4.89,,6.58,3.9,,NORMAL,NORMAL,INSUFFICIENT,NORMAL,NORMAL,INSUFFICIENT,NORMAL,NORMAL,INSUFFICIENT,44.44
ADANIPORTS,2023,25.85,52.5,11.88,9.02,4.79,1.18,0,4.77,Interest Bearing,0,46002.0,0.19,105.07,20.0,-4816.0,2.21,High Quality,80.16,Capital Intensive,-43.99,+,-,-,Shareholder Returns,20.65,12.99,19.28,12.51,7.88,12.64,9.58,6.79,12.07,NORMAL,NORMAL,NORMAL,NORMAL,NORMAL,NORMAL,NORMAL,NORMAL,NORMAL,33.33
ADANIPORTS,2023,25.85,52.5,11.88,9.02,4.79,1.18,0,4.77,Interest Bearing,0,46002.0,0.19,105.07,20.0,-4816.0,2.21,High Quality,80.16,Capital Intensive,-43.99,+,-,-,Shareholder Returns,20.65,12.99,19.28,12.51,7.88,12.64,9.58,6.79,12.07,NORMAL,NORMAL,NORMAL,NORMAL,NORMAL,NORMAL,NORMAL,NORMAL,NORMAL,33.33
ADANIPORTS,2024,30.34,58.36,15.35,13.23,6.93,0.94,0,5.95,Interest Bearing,0,45181.0,0.23,122.17,16.0,8250.0,1.85,High Quality,25.34,Capital Intensive,52.92,+,-,-,Shareholder Returns,28.63,19.58,18.65,17.08,14.91,16.62,14.98,14.87,16.86,NORMAL,NORMAL,NORMAL,NORMAL,NORMAL,NORMAL,NORMAL,NORMAL,NORMAL,88.89
ADANIPORTS,2024,30.34,58.36,14.17,12.56,6.43,0.88,0,5.95,Interest Bearing,0,45996.0,0.21,132.35,16.0,8250.0,1.85,High Quality,25.34,Capital Intensive,52.92,+,-,-,Shareholder Returns,28.63,19.58,18.65,17.08,14.91,16.62,14.98,14.87,16.86,NORMAL,NORMAL,NORMAL,NORMAL,NORMAL,NORMAL,NORMAL,NORMAL,NORMAL,77.78
ADANIPORTS,2024,30.34,58.36,15.35,13.23,6.93,0.94,0,5.95,Interest Bearing,0,45181.0,0.23,122.17,16.0,8250.0,1.85,High Quality,25.34,Capital Intensive,52.92,+,-,-,Shareholder Returns,28.63,19.58,18.65,17.08,14.91,16.62,14.98,14.87,16.86,NORMAL,NORMAL,NORMAL,NORMAL,NORMAL,NORMAL,NORMAL,NORMAL,NORMAL,88.89
ADANIPORTS,2024,30.34,58.36,14.17,12.56,6.43,0.88,0,5.95,Interest Bearing,0,45996.0,0.21,132.35,16.0,8250.0,1.85,High Quality,25.34,Capital Intensive,52.92,+,-,-,Shareholder Returns,28.63,19.58,18.65,17.08,14.91,16.62,14.98,14.87,16.86,NORMAL,NORMAL,NORMAL,NORMAL,NORMAL,NORMAL,NORMAL,NORMAL,NORMAL,77.78
ADANIPOWER,2013,-34.29,14.35,-53.46,-1.15,-4.2,9.74,1,0.69,Interest Bearing,1,41773.0,0.12,1.79,0.0,-1063.0,1.31,High Quality,60.73,Capital Intensive,-110.73,+,-,+,Mixed,,,,,,,,,,INSUFFICIENT,INSUFFICIENT,INSUFFICIENT,INSUFFICIENT,INSUFFICIENT,INSUFFICIENT,INSUFFICIENT,INSUFFICIENT,INSUFFICIENT,11.11
ADANIPOWER,2014,-1.9,29.96,-4.45,1.12,-0.5,6.75,1,1.14,Interest Bearing,1,44035.0,0.26,2.28,0.0,-1462.0,11.13,High Quality,30.66,Capital Intensive,-31.83,+,-,+,Mixed,,,,,,,,,,INSUFFICIENT,INSUFFICIENT,INSUFFICIENT,INSUFFICIENT,INSUFFICIENT,INSUFFICIENT,INSUFFICIENT,INSUFFICIENT,INSUFFICIENT,11.11
ADANIPOWER,2015,-4.37,25.04,-14.25,1.99,-1.4,7.82,1,1.21,Interest Bearing,1,44385.0,0.32,1.99,0.0,1087.0,7.14,High Quality,25.35,Capital Intensive,23.24,+,-,-,Shareholder Returns,,,,,,,,,,INSUFFICIENT,INSUFFICIENT,INSUFFICIENT,INSUFFICIENT,INSUFFICIENT,INSUFFICIENT,INSUFFICIENT,INSUFFICIENT,INSUFFICIENT,22.22
ADANIPOWER,2016,2.17,34.68,7.38,5.05,0.73,7.06,1,1.55,Interest Bearing,0,52729.0,0.33,2.24,0.0,2565.0,9.54,High Quality,10.61,Capital Intensive,29.14,+,-,-,Shareholder Returns,55.94,,,,,,,,,NORMAL,INSUFFICIENT,INSUFFICIENT,TURNAROUND,INSUFFICIENT,INSUFFICIENT,TURNAROUND,INSUFFICIENT,INSUFFICIENT,22.22
ADANIPOWER,2017,-27.3,26.44,-205.8,-6.47,-8.63,17.49,1,0.39,Interest Bearing,1,52320.0,0.32,0.78,0.0,3513.0,0.77,Moderate,5.36,Moderate,58.75,+,-,-,Reinvestor,13.84,,,,,,,,,NORMAL,INSUFFICIENT,INSUFFICIENT,BOTH_NEGATIVE,INSUFFICIENT,INSUFFICIENT,BOTH_NEGATIVE,INSUFFICIENT,INSUFFICIENT,11.11
ADANIPOWER,2018,-10.36,26.77,-236.56,1.15,-3.02,59.43,1,1.11,Interest Bearing,1,52835.0,0.29,0.23,0.0,4581.0,2.43,High Quality,2.56,Asset Light,84.27,+,-,-,Shareholder Returns,2.81,24.85,,,,,,,,NORMAL,NORMAL,INSUFFICIENT,BOTH_NEGATIVE,BOTH_NEGATIVE,INSUFFICIENT,BOTH_NEGATIVE,BOTH_NEGATIVE,INSUFFICIENT,33.33
ADANIPOWER,2019,-4.12,20.86,-12.76,3.24,-1.45,6.09,1,1.31,Interest Bearing,1,46977.0,0.35,2.0,0.0,4626.0,5.7,High Quality,4.12,Moderate,92.84,+,-,-,Shareholder Returns,-2.0,9.28,,,,,,,,NORMAL,NORMAL,INSUFFICIENT,DECLINE_TO_LOSS,BOTH_NEGATIVE,INSUFFICIENT,DECLINE_TO_LOSS,BOTH_NEGATIVE,INSUFFICIENT,22.22
ADANIPOWER,2020,-8.6,21.66,-35.1,1.2,-3.03,8.52,1,1.14,Interest Bearing,1,55196.0,0.35,1.68,0.0,3294.0,2.46,High Quality,8.7,Capital Intensive,57.45,+,-,-,Shareholder Returns,5.38,7.21,,,,,,,,NORMAL,NORMAL,INSUFFICIENT,BOTH_NEGATIVE,BOTH_NEGATIVE,INSUFFICIENT,BOTH_NEGATIVE,BOTH_NEGATIVE,INSUFFICIENT,22.22
ADANIPOWER,2021,4.84,33.13,9.69,8.37,1.61,4.01,1,2.08,Interest Bearing,0,52499.0,0.33,3.4,0.0,4826.0,5.52,High Quality,8.34,Capital Intensive,55.55,+,-,-,Shareholder Returns,8.9,0.66,,,18.18,,,8.45,,NORMAL,NORMAL,INSUFFICIENT,TURNAROUND,NORMAL,INSUFFICIENT,TURNAROUND,NORMAL,INSUFFICIENT,33.33
ADANIPOWER,2022,17.73,35.66,26.61,14.34,5.99,2.66,1,3.37,Interest Bearing,0,48962.0,0.34,4.79,0.0,11007.0,2.08,High Quality,2.79,Asset Light,111.4,+,+,-,Liquidating Assets,5.08,4.15,,,,,,,,NORMAL,NORMAL,INSUFFICIENT,TURNAROUND,TURNAROUND,INSUFFICIENT,TURNAROUND,TURNAROUND,INSUFFICIENT,44.44
ADANIPOWER,2023,27.67,26.04,35.91,15.2,12.5,1.42,0,4.29,Interest Bearing,0,41696.0,0.45,7.75,0.0,9976.0,0.79,Moderate,3.98,Moderate,98.81,+,+,-,Liquidating Assets,13.57,13.81,19.21,,,,,,,NORMAL,NORMAL,NORMAL,TURNAROUND,TURNAROUND,TURNAROUND,TURNAROUND,TURNAROUND,TURNAROUND,55.56
ADANIPOWER,2024,41.37,36.2,48.28,31.79,22.64,0.8,0,8.3,Interest Bearing,0,34242.0,0.55,11.19,0.0,17651.0,0.68,Moderate,6.91,Moderate,96.83,+,+,-,Liquidating Assets,24.29,16.09,12.63,154.07,,,162.07,,,NORMAL,NORMAL,NORMAL,NORMAL,TURNAROUND,TURNAROUND,NORMAL,TURNAROUND,TURNAROUND,66.67
ADANIPOWER,2024,41.37,36.2,37.23,26.4,18.8,0.67,0,8.3,Interest Bearing,0,37384.0,0.45,14.51,0.0,17651.0,0.68,Moderate,6.91,Moderate,96.83,+,+,-,Liquidating Assets,24.29,16.09,12.63,154.07,,,162.07,,,NORMAL,NORMAL,NORMAL,NORMAL,TURNAROUND,TURNAROUND,NORMAL,TURNAROUND,TURNAROUND,66.67
AMBUJACEM,2012,13.25,25.37,14.69,27.82,10.47,0.01,0,32.59,Interest Bearing,0,-1521.0,0.79,28.56,43.0,1472.0,1.44,High Quality,3.98,Moderate,59.52,+,-,-,Shareholder Returns,,,,,,,,,,INSUFFICIENT,INSUFFICIENT,INSUFFICIENT,INSUFFICIENT,INSUFFICIENT,INSUFFICIENT,INSUFFICIENT,INSUFFICIENT,INSUFFICIENT,55.56
AMBUJACEM,2013,13.95,18.22,13.51,20.95,9.86,0.01,0,30.73,Interest Bearing,0,-1666.0,0.71,30.62,44.0,771.0,0.99,Moderate,5.41,Moderate,46.2,+,-,-,Reinvestor,,,,,,,,,,INSUFFICIENT,INSUFFICIENT,INSUFFICIENT,INSUFFICIENT,INSUFFICIENT,INSUFFICIENT,INSUFFICIENT,INSUFFICIENT,INSUFFICIENT,44.44
AMBUJACEM,2014,14.94,19.43,14.77,22.63,10.71,0.0,0,35.65,Interest Bearing,0,-2063.0,0.72,32.48,46.0,1219.0,1.13,High Quality,4.58,Moderate,63.03,+,-,-,Shareholder Returns,,,,,,,,,,INSUFFICIENT,INSUFFICIENT,INSUFFICIENT,INSUFFICIENT,INSUFFICIENT,INSUFFICIENT,INSUFFICIENT,INSUFFICIENT,INSUFFICIENT,55.56
AMBUJACEM,2015,8.56,16.34,7.87,17.49,5.72,0.0,0,20.6,Interest Bearing,0,-2114.0,0.67,33.13,54.0,1474.0,1.93,High Quality,0.88,Asset Light,95.59,+,-,-,Shareholder Returns,-1.08,,,-14.48,,,-14.5,,,NORMAL,INSUFFICIENT,INSUFFICIENT,NORMAL,INSUFFICIENT,INSUFFICIENT,NORMAL,INSUFFICIENT,INSUFFICIENT,55.56
AMBUJACEM,2016,7.14,15.83,7.23,17.48,4.37,0.0,0,23.67,Interest Bearing,0,-146.0,0.61,49.93,50.0,-1355.0,1.96,High Quality,20.73,Capital Intensive,-42.6,+,-,-,Shareholder Returns,29.93,,,3.91,,,-9.14,,,NORMAL,INSUFFICIENT,INSUFFICIENT,NORMAL,INSUFFICIENT,INSUFFICIENT,NORMAL,INSUFFICIENT,INSUFFICIENT,44.44
AMBUJACEM,2017,8.24,16.34,9.41,19.26,5.48,0.0,0,20.35,Interest Bearing,0,-129.0,0.66,52.07,47.0,2678.0,1.76,High Quality,3.13,Moderate,69.41,+,-,-,Shareholder Returns,33.36,19.35,,9.36,8.53,,-7.17,0.0,,NORMAL,NORMAL,INSUFFICIENT,NORMAL,NORMAL,INSUFFICIENT,NORMAL,NORMAL,INSUFFICIENT,66.67
AMBUJACEM,2018,11.42,15.4,13.29,18.17,7.95,0.0,0,24.96,Interest Bearing,0,-93.0,0.7,56.35,14.0,938.0,0.57,Moderate,2.94,Asset Light,23.39,+,-,-,Reinvestor,40.26,23.24,,54.38,18.39,,30.06,6.58,,NORMAL,NORMAL,INSUFFICIENT,NORMAL,NORMAL,INSUFFICIENT,NORMAL,NORMAL,INSUFFICIENT,66.67
AMBUJACEM,2019,10.27,16.96,11.56,20.85,6.93,0.0,0,30.58,Interest Bearing,0,-109.0,0.67,60.65,14.0,3548.0,1.7,High Quality,4.39,Moderate,77.18,+,-,-,Shareholder Returns,10.49,22.18,,24.73,13.35,,22.39,1.92,,NORMAL,NORMAL,INSUFFICIENT,NORMAL,NORMAL,INSUFFICIENT,NORMAL,NORMAL,INSUFFICIENT,77.78
AMBUJACEM,2020,12.67,20.42,13.65,22.19,7.82,0.02,0,37.81,Interest Bearing,0,304.0,0.62,57.32,151.0,3515.0,1.56,High Quality,5.37,Moderate,70.22,+,-,-,Shareholder Returns,1.26,21.04,,16.9,30.91,,14.47,19.14,,NORMAL,NORMAL,INSUFFICIENT,NORMAL,NORMAL,INSUFFICIENT,NORMAL,NORMAL,INSUFFICIENT,88.89
AMBUJACEM,2021,12.81,21.44,14.64,24.45,8.21,0.02,0,44.26,Interest Bearing,0,279.0,0.64,63.86,45.0,3302.0,1.43,High Quality,6.93,Moderate,53.17,+,-,-,Shareholder Returns,3.61,7.59,,7.67,20.95,,8.37,18.47,,NORMAL,NORMAL,INSUFFICIENT,NORMAL,NORMAL,INSUFFICIENT,NORMAL,NORMAL,INSUFFICIENT,77.78
AMBUJACEM,2023,7.77,13.15,9.54,16.68,5.85,0.02,0,28.56,Interest Bearing,0,309.0,0.75,79.84,19.0,-13746.0,0.24,Accrual Risk,37.19,Capital Intensive,-268.37,+,-,+,Mixed,16.67,8.38,15.57,-0.9,0.34,8.99,2.7,3.4,4.97,NORMAL,NORMAL,NORMAL,NORMAL,NORMAL,NORMAL,NORMAL,NORMAL,NORMAL,33.33
AMBUJACEM,2024,14.29,19.3,11.43,17.85,7.26,0.02,0,28.26,Interest Bearing,0,-150.0,0.51,94.22,12.0,-3295.0,1.19,High Quality,26.96,Capital Intensive,-51.48,+,-,+,Mixed,4.61,4.12,12.79,8.48,11.23,12.29,4.55,7.78,4.81,NORMAL,NORMAL,NORMAL,NORMAL,NORMAL,NORMAL,NORMAL,NORMAL,NORMAL,55.56
AMBUJACEM,2024,14.29,19.3,9.41,14.71,6.19,0.02,0,28.26,Interest Bearing,0,-1444.0,0.43,102.18,12.0,-3295.0,1.19,High Quality,26.96,Capital Intensive,-51.48,+,-,+,Mixed,4.61,4.12,12.79,8.48,11.23,12.29,4.55,7.78,4.81,NORMAL,NORMAL,NORMAL,NORMAL,NORMAL,NORMAL,NORMAL,NORMAL,NORMAL,44.44
APOLLOHOSP,2013,8.04,16.24,11.03,13.69,6.29,0.44,0,6.26,Interest Bearing,0,686.0,0.78,39.24,25.0,-290.0,1.46,High Quality,19.45,Capital Intensive,-47.39,+,-,+,Mixed,,,,,,,,,,INSUFFICIENT,INSUFFICIENT,INSUFFICIENT,INSUFFICIENT,INSUFFICIENT,INSUFFICIENT,INSUFFICIENT,INSUFFICIENT,INSUFFICIENT,33.33
APOLLOHOSP,2014,7.23,15.52,10.58,13.31,5.89,0.45,0,5.83,Interest Bearing,0,1022.0,0.81,42.53,25.0,17.0,1.18,High Quality,8.17,Capital Intensive,2.51,+,-,-,Shareholder Returns,,,,,,,,,,INSUFFICIENT,INSUFFICIENT,INSUFFICIENT,INSUFFICIENT,INSUFFICIENT,INSUFFICIENT,INSUFFICIENT,INSUFFICIENT,INSUFFICIENT,44.44
APOLLOHOSP,2015,6.53,14.37,10.56,12.9,5.19,0.63,0,6.64,Interest Bearing,0,1681.0,0.79,45.31,24.0,-289.0,1.4,High Quality,14.8,Capital Intensive,-39.21,+,-,+,Mixed,,,,,,,,,,INSUFFICIENT,INSUFFICIENT,INSUFFICIENT,INSUFFICIENT,INSUFFICIENT,INSUFFICIENT,INSUFFICIENT,INSUFFICIENT,INSUFFICIENT,33.33
APOLLOHOSP,2016,3.82,11.12,7.05,9.67,3.19,0.85,0,4.31,Interest Bearing,0,2482.0,0.84,47.6,35.0,-291.0,2.54,High Quality,14.44,Capital Intensive,-42.54,+,-,+,Mixed,17.73,,,-8.12,,,-8.24,,,NORMAL,INSUFFICIENT,INSUFFICIENT,NORMAL,INSUFFICIENT,INSUFFICIENT,NORMAL,INSUFFICIENT,INSUFFICIENT,33.33
APOLLOHOSP,2017,1.81,10.12,3.95,8.34,1.62,0.94,0,3.09,Interest Bearing,0,2719.0,0.9,47.34,38.0,-529.0,4.76,High Quality,15.88,Capital Intensive,-72.07,+,-,+,Mixed,18.53,,,-25.36,,,-11.39,,,NORMAL,INSUFFICIENT,INSUFFICIENT,NORMAL,INSUFFICIENT,INSUFFICIENT,NORMAL,INSUFFICIENT,INSUFFICIENT,33.33
APOLLOHOSP,2018,0.73,9.72,1.85,7.94,0.7,1.05,0,2.8,Interest Bearing,0,3075.0,0.96,46.46,59.0,132.0,8.95,High Quality,4.91,Moderate,16.48,+,-,-,Shareholder Returns,17.13,16.94,,-43.63,-27.67,,-30.66,-18.32,,NORMAL,NORMAL,INSUFFICIENT,NORMAL,NORMAL,INSUFFICIENT,NORMAL,NORMAL,INSUFFICIENT,33.33
APOLLOHOSP,2019,2.08,11.13,6.0,10.97,2.18,1.1,0,3.35,Interest Bearing,0,3211.0,1.05,47.63,35.0,194.0,4.53,High Quality,7.39,Moderate,18.13,+,-,-,Shareholder Returns,16.07,17.16,,-5.23,-8.68,,0.0,-5.87,,NORMAL,NORMAL,INSUFFICIENT,NORMAL,NORMAL,INSUFFICIENT,NORMAL,NORMAL,INSUFFICIENT,44.44
APOLLOHOSP,2020,3.84,14.15,12.93,18.45,3.83,1.08,0,3.4,Interest Bearing,0,3162.0,1.0,47.71,18.0,1004.0,2.99,High Quality,2.57,Asset Light,63.1,+,-,-,Shareholder Returns,15.73,17.0,,48.85,5.22,,27.29,6.58,,NORMAL,NORMAL,INSUFFICIENT,NORMAL,NORMAL,INSUFFICIENT,NORMAL,NORMAL,INSUFFICIENT,55.56
APOLLOHOSP,2021,1.3,10.8,2.98,9.06,1.2,0.9,0,2.77,Interest Bearing,0,2817.0,0.93,63.93,29.0,385.0,9.23,High Quality,8.33,Capital Intensive,33.77,+,-,-,Shareholder Returns,8.61,11.42,,31.68,-10.23,,7.72,-10.07,,NORMAL,NORMAL,INSUFFICIENT,NORMAL,NORMAL,INSUFFICIENT,NORMAL,NORMAL,INSUFFICIENT,44.44
APOLLOHOSP,2022,7.56,14.93,19.7,22.47,8.36,0.72,0,6.75,Interest Bearing,0,3252.0,1.11,78.1,16.0,949.0,1.53,High Quality,5.09,Moderate,43.35,+,-,-,Shareholder Returns,15.1,15.11,,76.94,53.27,,62.54,35.47,,NORMAL,NORMAL,INSUFFICIENT,NORMAL,NORMAL,INSUFFICIENT,NORMAL,NORMAL,INSUFFICIENT,100.0
APOLLOHOSP,2023,5.08,12.43,13.62,16.7,5.85,0.7,0,5.62,Interest Bearing,0,3758.0,1.15,86.08,26.0,520.0,1.63,High Quality,5.16,Moderate,25.18,+,-,-,Shareholder Returns,13.88,15.04,15.99,25.01,69.68,10.79,19.98,48.1,9.99,NORMAL,NORMAL,NORMAL,NORMAL,NORMAL,NORMAL,NORMAL,NORMAL,NORMAL,88.89
APOLLOHOSP,2024,4.91,12.56,13.48,16.71,5.58,0.77,0,5.57,Interest Bearing,0,4347.0,1.14,96.33,26.0,383.0,2.05,High Quality,8.06,Capital Intensive,16.0,+,-,-,Shareholder Returns,21.75,14.66,15.9,89.68,36.13,11.49,84.69,29.95,10.6,NORMAL,NORMAL,NORMAL,NORMAL,NORMAL,NORMAL,NORMAL,NORMAL,NORMAL,88.89
APOLLOHOSP,2024,4.91,12.56,12.47,13.78,4.78,0.98,0,5.57,Interest Bearing,0,6359.0,0.97,104.18,26.0,383.0,2.05,High Quality,8.06,Capital Intensive,16.0,+,-,-,Shareholder Returns,21.75,14.66,15.9,89.68,36.13,11.49,84.69,29.95,10.6,NORMAL,NORMAL,NORMAL,NORMAL,NORMAL,NORMAL,NORMAL,NORMAL,NORMAL,77.78
ASIANPAINT,2013,11.04,16.54,34.28,49.77,17.1,0.07,0,44.07,Interest Bearing,0,-45.0,1.55,35.25,40.0,724.0,1.02,High Quality,4.41,Moderate,41.68,+,-,-,Shareholder Returns,,,,,,,,,,INSUFFICIENT,INSUFFICIENT,INSUFFICIENT,INSUFFICIENT,INSUFFICIENT,INSUFFICIENT,INSUFFICIENT,INSUFFICIENT,INSUFFICIENT,66.67
ASIANPAINT,2013,11.04,16.54,34.28,49.77,17.1,0.07,0,44.07,Interest Bearing,0,-45.0,1.55,35.25,40.0,724.0,1.02,High Quality,4.41,Moderate,41.68,+,-,-,Shareholder Returns,,,,,,,,,,INSUFFICIENT,INSUFFICIENT,INSUFFICIENT,INSUFFICIENT,INSUFFICIENT,INSUFFICIENT,INSUFFICIENT,INSUFFICIENT,INSUFFICIENT,66.67
ASIANPAINT,2014,10.34,16.4,31.27,48.51,15.64,0.06,0,44.33,Interest Bearing,0,-1175.0,1.51,42.07,42.0,816.0,1.11,High Quality,4.8,Moderate,40.72,+,-,-,Shareholder Returns,,,,,,,,,,INSUFFICIENT,INSUFFICIENT,INSUFFICIENT,INSUFFICIENT,INSUFFICIENT,INSUFFICIENT,INSUFFICIENT,INSUFFICIENT,INSUFFICIENT,66.67
ASIANPAINT,2014,10.34,16.4,31.27,48.51,15.64,0.06,0,44.33,Interest Bearing,0,-1175.0,1.51,42.07,42.0,816.0,1.11,High Quality,4.8,Moderate,40.72,+,-,-,Shareholder Returns,,,,,,,,,,INSUFFICIENT,INSUFFICIENT,INSUFFICIENT,INSUFFICIENT,INSUFFICIENT,INSUFFICIENT,INSUFFICIENT,INSUFFICIENT,INSUFFICIENT,66.67
ASIANPAINT,2015,10.48,16.47,30.09,45.41,16.01,0.09,0,56.79,Interest Bearing,0,-1170.0,1.53,49.4,42.0,723.0,0.83,Moderate,3.42,Moderate,32.23,+,-,-,Reinvestor,,,,,,,,,,INSUFFICIENT,INSUFFICIENT,INSUFFICIENT,INSUFFICIENT,INSUFFICIENT,INSUFFICIENT,INSUFFICIENT,INSUFFICIENT,INSUFFICIENT,55.56
ASIANPAINT,2015,10.48,16.47,30.09,45.41,16.01,0.09,0,56.79,Interest Bearing,0,-1170.0,1.53,49.4,42.0,723.0,0.83,Moderate,3.42,Moderate,32.23,+,-,-,Reinvestor,,,,,,,,,,INSUFFICIENT,INSUFFICIENT,INSUFFICIENT,INSUFFICIENT,INSUFFICIENT,INSUFFICIENT,INSUFFICIENT,INSUFFICIENT,INSUFFICIENT,55.56
ASIANPAINT,2016,12.63,19.09,27.63,42.19,17.08,0.05,0,59.96,Interest Bearing,0,-2389.0,1.35,67.97,41.0,1377.0,1.24,High Quality,6.07,Moderate,50.53,+,-,-,Shareholder Returns,10.76,,,15.84,,,14.47,,,NORMAL,INSUFFICIENT,INSUFFICIENT,NORMAL,INSUFFICIENT,INSUFFICIENT,NORMAL,INSUFFICIENT,INSUFFICIENT,66.67
ASIANPAINT,2016,12.63,19.09,27.63,42.19,17.08,0.05,0,59.96,Interest Bearing,0,-2389.0,1.35,67.97,41.0,1377.0,1.24,High Quality,6.07,Moderate,50.53,+,-,-,Shareholder Returns,10.76,,,15.84,,,14.47,,,NORMAL,INSUFFICIENT,INSUFFICIENT,NORMAL,INSUFFICIENT,INSUFFICIENT,NORMAL,INSUFFICIENT,INSUFFICIENT,66.67
ASIANPAINT,2017,13.38,19.88,26.51,40.36,16.25,0.07,0,90.05,Interest Bearing,0,-2092.0,1.21,79.21,51.0,846.0,0.76,Moderate,4.52,Moderate,28.26,+,-,-,Reinvestor,7.22,,,16.87,,,15.44,,,NORMAL,INSUFFICIENT,INSUFFICIENT,NORMAL,INSUFFICIENT,INSUFFICIENT,NORMAL,INSUFFICIENT,INSUFFICIENT,55.56
ASIANPAINT,2017,13.38,19.88,26.51,40.36,16.25,0.07,0,90.05,Interest Bearing,0,-2092.0,1.21,79.21,51.0,846.0,0.76,Moderate,4.52,Moderate,28.26,+,-,-,Reinvestor,7.22,,,16.87,,,15.44,,,NORMAL,INSUFFICIENT,INSUFFICIENT,NORMAL,INSUFFICIENT,INSUFFICIENT,NORMAL,INSUFFICIENT,INSUFFICIENT,55.56
ASIANPAINT,2018,12.47,19.04,24.95,39.13,15.24,0.06,0,86.34,Interest Bearing,0,-1608.0,1.22,87.6,41.0,557.0,1.01,High Quality,9.25,Capital Intensive,17.38,+,-,-,Shareholder Returns,7.31,9.88,,13.71,12.58,,11.87,11.84,,NORMAL,NORMAL,INSUFFICIENT,NORMAL,NORMAL,INSUFFICIENT,NORMAL,NORMAL,INSUFFICIENT,88.89
ASIANPAINT,2018,12.47,19.04,24.95,39.13,15.24,0.06,0,86.34,Interest Bearing,0,-1608.0,1.22,87.6,41.0,557.0,1.01,High Quality,9.25,Capital Intensive,17.38,+,-,-,Shareholder Returns,7.31,9.88,,13.71,12.58,,11.87,11.84,,NORMAL,NORMAL,INSUFFICIENT,NORMAL,NORMAL,INSUFFICIENT,NORMAL,NORMAL,INSUFFICIENT,88.89
ASIANPAINT,2019,11.48,19.57,23.31,36.41,13.59,0.14,0,36.72,Interest Bearing,0,-1249.0,1.18,98.66,47.0,1552.0,1.12,High Quality,4.77,Moderate,41.22,+,-,-,Shareholder Returns,10.47,9.5,,6.99,11.82,,6.92,11.1,,NORMAL,NORMAL,INSUFFICIENT,NORMAL,NORMAL,INSUFFICIENT,NORMAL,NORMAL,INSUFFICIENT,88.89
ASIANPAINT,2019,11.48,19.57,23.31,36.41,13.59,0.14,0,36.72,Interest Bearing,0,-1249.0,1.18,98.66,47.0,1552.0,1.12,High Quality,4.77,Moderate,41.22,+,-,-,Shareholder Returns,10.47,9.5,,6.99,11.82,,6.92,11.1,,NORMAL,NORMAL,INSUFFICIENT,NORMAL,NORMAL,INSUFFICIENT,NORMAL,NORMAL,INSUFFICIENT,88.89
ASIANPAINT,2020,13.73,20.57,27.38,39.21,17.19,0.11,0,44.24,Interest Bearing,0,-901.0,1.25,105.52,43.0,2520.0,1.1,High Quality,2.56,Asset Light,60.62,+,-,-,Shareholder Returns,10.3,8.22,,11.23,14.22,,11.87,13.3,,NORMAL,NORMAL,INSUFFICIENT,NORMAL,NORMAL,INSUFFICIENT,NORMAL,NORMAL,INSUFFICIENT,88.89
ASIANPAINT,2020,13.73,20.57,27.38,39.21,17.19,0.11,0,44.24,Interest Bearing,0,-901.0,1.25,105.52,43.0,2520.0,1.1,High Quality,2.56,Asset Light,60.62,+,-,-,Shareholder Returns,10.3,8.22,,11.23,14.22,,11.87,13.3,,NORMAL,NORMAL,INSUFFICIENT,NORMAL,NORMAL,INSUFFICIENT,NORMAL,NORMAL,INSUFFICIENT,88.89
ASIANPAINT,2021,14.77,22.36,25.04,36.66,15.76,0.09,0,56.39,Interest Bearing,0,-3644.0,1.07,133.4,55.0,3142.0,1.15,High Quality,2.49,Asset Light,64.7,+,-,-,Shareholder Returns,8.87,8.76,,15.19,12.21,,16.26,12.89,,NORMAL,NORMAL,INSUFFICIENT,NORMAL,NORMAL,INSUFFICIENT,NORMAL,NORMAL,INSUFFICIENT,88.89
ASIANPAINT,2021,14.77,22.36,25.04,36.66,15.76,0.09,0,56.39,Interest Bearing,0,-3644.0,1.07,133.4,55.0,3142.0,1.15,High Quality,2.49,Asset Light,64.7,+,-,-,Shareholder Returns,8.87,8.76,,15.19,12.21,,16.26,12.89,,NORMAL,NORMAL,INSUFFICIENT,NORMAL,NORMAL,INSUFFICIENT,NORMAL,NORMAL,INSUFFICIENT,88.89
ASIANPAINT,2022,10.6,16.51,22.34,32.5,13.44,0.11,0,53.68,Interest Bearing,0,-1661.0,1.27,143.88,61.0,669.0,0.32,Accrual Risk,1.09,Asset Light,13.93,+,-,-,Reinvestor,14.79,14.08,,11.79,8.88,,13.3,9.86,,NORMAL,NORMAL,INSUFFICIENT,NORMAL,NORMAL,INSUFFICIENT,NORMAL,NORMAL,INSUFFICIENT,66.67
ASIANPAINT,2022,10.6,16.51,22.34,32.5,13.44,0.11,0,53.68,Interest Bearing,0,-1661.0,1.27,143.88,61.0,669.0,0.32,Accrual Risk,1.09,Asset Light,13.93,+,-,-,Reinvestor,14.79,14.08,,11.79,8.88,,13.3,9.86,,NORMAL,NORMAL,INSUFFICIENT,NORMAL,NORMAL,INSUFFICIENT,NORMAL,NORMAL,INSUFFICIENT,66.67
ASIANPAINT,2023,12.16,18.15,26.23,36.52,16.27,0.12,0,46.47,Interest Bearing,0,-2329.0,1.34,166.58,60.0,2911.0,1.0,Moderate,3.72,Moderate,46.5,+,-,-,Shareholder Returns,19.5,15.44,12.62,14.78,14.86,13.72,15.37,15.41,13.61,NORMAL,NORMAL,NORMAL,NORMAL,NORMAL,NORMAL,NORMAL,NORMAL,NORMAL,100.0
ASIANPAINT,2023,12.16,18.15,26.23,36.52,16.27,0.12,0,46.47,Interest Bearing,0,-2329.0,1.34,166.58,60.0,2911.0,1.0,Moderate,3.72,Moderate,46.5,+,-,-,Shareholder Returns,19.5,15.44,12.62,14.78,14.86,13.72,15.37,15.41,13.61,NORMAL,NORMAL,NORMAL,NORMAL,NORMAL,NORMAL,NORMAL,NORMAL,NORMAL,100.0
ASIANPAINT,2024,15.66,21.37,29.68,38.68,18.59,0.13,0,41.0,Interest Bearing,0,-2114.0,1.19,195.08,58.0,3556.0,1.1,High Quality,7.18,Moderate,46.88,+,-,-,Shareholder Returns,17.8,13.03,11.25,20.12,20.28,15.97,19.98,20.97,15.93,NORMAL,NORMAL,NORMAL,NORMAL,NORMAL,NORMAL,NORMAL,NORMAL,NORMAL,100.0
ASIANPAINT,2024,15.66,21.37,30.84,39.93,18.86,0.14,0,41.0,Interest Bearing,0,-1179.0,1.2,187.75,58.0,3556.0,1.1,High Quality,7.18,Moderate,46.88,+,-,-,Shareholder Returns,17.8,13.03,11.25,20.12,20.28,15.97,19.98,20.97,15.93,NORMAL,NORMAL,NORMAL,NORMAL,NORMAL,NORMAL,NORMAL,NORMAL,NORMAL,100.0
ASIANPAINT,2024,15.66,21.37,29.68,38.68,18.59,0.13,0,41.0,Interest Bearing,0,-2114.0,1.19,195.08,58.0,3556.0,1.1,High Quality,7.18,Moderate,46.88,+,-,-,Shareholder Returns,17.8,13.03,11.25,20.12,20.28,15.97,19.98,20.97,15.93,NORMAL,NORMAL,NORMAL,NORMAL,NORMAL,NORMAL,NORMAL,NORMAL,NORMAL,100.0
ASIANPAINT,2024,15.66,21.37,30.84,39.93,18.86,0.14,0,41.0,Interest Bearing,0,-1179.0,1.2,187.75,58.0,3556.0,1.1,High Quality,7.18,Moderate,46.88,+,-,-,Shareholder Returns,17.8,13.03,11.25,20.12,20.28,15.97,19.98,20.97,15.93,NORMAL,NORMAL,NORMAL,NORMAL,NORMAL,NORMAL,NORMAL,NORMAL,NORMAL,100.0
AXISBANK,2013,19.05,30.58,15.62,0.54,1.52,8.93,1,1.27,Interest Bearing,1,182876.0,0.08,70.85,16.0,-8366.0,0.5,Accrual Risk,40.24,Capital Intensive,-100.64,+,-,+,Mixed,,,,,,,,,,INSUFFICIENT,INSUFFICIENT,INSUFFICIENT,INSUFFICIENT,INSUFFICIENT,INSUFFICIENT,INSUFFICIENT,INSUFFICIENT,INSUFFICIENT,11.11
AXISBANK,2014,20.29,31.47,16.19,0.6,1.61,8.68,1,1.3,Interest Bearing,1,220187.0,0.08,81.69,15.0,298.0,2.33,High Quality,46.23,Capital Intensive,3.09,+,-,+,Mixed,,,,,,,,,,INSUFFICIENT,INSUFFICIENT,INSUFFICIENT,INSUFFICIENT,INSUFFICIENT,INSUFFICIENT,INSUFFICIENT,INSUFFICIENT,INSUFFICIENT,33.33
AXISBANK,2015,20.74,31.36,16.37,0.61,1.57,9.05,1,1.33,Interest Bearing,1,288111.0,0.08,94.83,15.0,-23134.0,2.06,High Quality,22.47,Capital Intensive,-207.91,-,-,+,Growth Funded by Debt,,,,,,,,,,INSUFFICIENT,INSUFFICIENT,INSUFFICIENT,INSUFFICIENT,INSUFFICIENT,INSUFFICIENT,INSUFFICIENT,INSUFFICIENT,INSUFFICIENT,22.22
AXISBANK,2016,20.06,32.61,15.36,0.76,1.51,8.82,1,1.43,Interest Bearing,1,340751.0,0.08,112.28,14.0,-25284.0,4.19,High Quality,22.47,Capital Intensive,-189.15,-,+,+,Distress Signal,14.67,,,16.67,,,16.74,,,NORMAL,INSUFFICIENT,INSUFFICIENT,NORMAL,INSUFFICIENT,INSUFFICIENT,NORMAL,INSUFFICIENT,INSUFFICIENT,22.22
AXISBANK,2017,8.26,53.45,6.53,2.07,0.6,9.36,1,2.04,Interest Bearing,0,398419.0,0.07,117.7,33.0,19751.0,8.75,High Quality,27.97,Capital Intensive,82.96,+,-,-,Shareholder Returns,13.28,,,-16.05,,,-16.75,,,NORMAL,INSUFFICIENT,INSUFFICIENT,NORMAL,INSUFFICIENT,INSUFFICIENT,NORMAL,INSUFFICIENT,INSUFFICIENT,22.22
AXISBANK,2018,0.6,63.12,0.43,2.65,0.04,9.52,1,2.63,Interest Bearing,0,458388.0,0.07,125.16,0.0,-48397.0,139.09,High Quality,21.86,Capital Intensive,-167.49,-,-,+,Growth Funded by Debt,8.87,10.99,,-66.53,-44.37,,-68.17,-46.11,,NORMAL,NORMAL,INSUFFICIENT,NORMAL,NORMAL,INSUFFICIENT,NORMAL,NORMAL,INSUFFICIENT,22.22
AXISBANK,2019,8.51,49.39,6.9,1.8,0.57,10.5,1,2.07,Interest Bearing,0,537940.0,0.07,131.91,6.0,18451.0,7.94,High Quality,33.96,Capital Intensive,67.95,+,-,+,Mixed,10.29,12.41,,-17.15,-5.54,,-19.88,-7.09,,NORMAL,NORMAL,INSUFFICIENT,NORMAL,NORMAL,INSUFFICIENT,NORMAL,NORMAL,INSUFFICIENT,33.33
AXISBANK,2020,2.6,55.98,1.88,2.21,0.18,9.23,1,2.26,Interest Bearing,0,642055.0,0.07,153.09,0.0,20931.0,18.69,High Quality,15.14,Capital Intensive,59.69,+,-,+,Mixed,12.03,12.04,,-23.81,-26.05,,-26.32,-28.0,,NORMAL,NORMAL,INSUFFICIENT,NORMAL,NORMAL,INSUFFICIENT,NORMAL,NORMAL,INSUFFICIENT,33.33
AXISBANK,2021,10.4,50.12,6.36,2.04,0.66,8.21,1,2.59,Interest Bearing,0,625215.0,0.06,169.0,0.0,-41655.0,1.92,High Quality,85.7,Capital Intensive,-131.2,+,-,+,Mixed,11.43,9.1,,187.93,-4.34,,180.2,-8.87,,NORMAL,NORMAL,INSUFFICIENT,NORMAL,NORMAL,INSUFFICIENT,NORMAL,NORMAL,INSUFFICIENT,11.11
AXISBANK,2022,19.33,44.47,11.01,1.29,1.09,8.63,1,1.97,Interest Bearing,0,746335.0,0.06,192.61,2.0,1025.0,2.16,High Quality,40.24,Capital Intensive,3.42,+,-,+,Mixed,7.01,8.63,,40.69,28.77,,32.64,22.87,,NORMAL,NORMAL,INSUFFICIENT,NORMAL,NORMAL,INSUFFICIENT,NORMAL,NORMAL,INSUFFICIENT,44.44
AXISBANK,2023,11.25,34.16,7.38,1.01,0.71,8.88,1,1.8,Interest Bearing,0,863943.0,0.06,211.03,3.0,-10276.0,2.3,High Quality,37.99,Capital Intensive,-35.33,+,-,+,Mixed,10.78,13.22,12.1,80.58,103.28,6.34,72.88,98.73,3.49,NORMAL,NORMAL,NORMAL,NORMAL,NORMAL,NORMAL,NORMAL,NORMAL,NORMAL,44.44
AXISBANK,2024,22.73,34.69,15.83,1.07,1.64,8.25,1,1.69,Interest Bearing,0,962948.0,0.07,254.49,1.0,-14556.0,0.22,Accrual Risk,8.23,Capital Intensive,-38.36,-,-,+,Growth Funded by Debt,19.97,14.74,13.57,55.69,39.67,14.86,54.41,35.1,12.03,NORMAL,NORMAL,NORMAL,NORMAL,NORMAL,NORMAL,NORMAL,NORMAL,NORMAL,44.44
BAJAJ-AUTO,2013,15.65,18.26,38.85,54.33,24.78,0.01,0,4446.0,Interest Bearing,0,-5943.0,1.58,27.91,42.0,824.0,0.71,Moderate,6.96,Moderate,22.54,+,-,-,Reinvestor,,,,,,,,,,INSUFFICIENT,INSUFFICIENT,INSUFFICIENT,INSUFFICIENT,INSUFFICIENT,INSUFFICIENT,INSUFFICIENT,INSUFFICIENT,INSUFFICIENT,55.56
BAJAJ-AUTO,2013,15.65,18.26,38.85,54.33,24.78,0.01,0,4446.0,Interest Bearing,0,-5943.0,1.58,27.91,42.0,824.0,0.71,Moderate,6.96,Moderate,22.54,+,-,-,Reinvestor,,,,,,,,,,INSUFFICIENT,INSUFFICIENT,INSUFFICIENT,INSUFFICIENT,INSUFFICIENT,INSUFFICIENT,INSUFFICIENT,INSUFFICIENT,INSUFFICIENT,55.56
BAJAJ-AUTO,2014,16.79,20.67,33.24,47.29,22.08,0.01,0,4837.0,Interest Bearing,0,-8389.0,1.32,35.18,43.0,1430.0,1.04,High Quality,10.29,Capital Intensive,34.35,+,-,-,Shareholder Returns,,,,,,,,,,INSUFFICIENT,INSUFFICIENT,INSUFFICIENT,INSUFFICIENT,INSUFFICIENT,INSUFFICIENT,INSUFFICIENT,INSUFFICIENT,INSUFFICIENT,66.67
BAJAJ-AUTO,2014,16.79,20.67,33.24,47.29,22.08,0.01,0,4837.0,Interest Bearing,0,-8389.0,1.32,35.18,43.0,1430.0,1.04,High Quality,10.29,Capital Intensive,34.35,+,-,-,Shareholder Returns,,,,,,,,,,INSUFFICIENT,INSUFFICIENT,INSUFFICIENT,INSUFFICIENT,INSUFFICIENT,INSUFFICIENT,INSUFFICIENT,INSUFFICIENT,INSUFFICIENT,66.67
BAJAJ-AUTO,2015,14.01,19.12,27.27,38.82,18.95,0.01,0,726.0,Interest Bearing,0,-8873.0,1.35,38.39,48.0,1734.0,0.7,Moderate,1.76,Asset Light,42.01,+,-,-,Reinvestor,,,,,,,,,,INSUFFICIENT,INSUFFICIENT,INSUFFICIENT,INSUFFICIENT,INSUFFICIENT,INSUFFICIENT,INSUFFICIENT,INSUFFICIENT,INSUFFICIENT,55.56
BAJAJ-AUTO,2015,14.01,19.12,27.27,38.82,18.95,0.01,0,726.0,Interest Bearing,0,-8873.0,1.35,38.39,48.0,1734.0,0.7,Moderate,1.76,Asset Light,42.01,+,-,-,Reinvestor,,,,,,,,,,INSUFFICIENT,INSUFFICIENT,INSUFFICIENT,INSUFFICIENT,INSUFFICIENT,INSUFFICIENT,INSUFFICIENT,INSUFFICIENT,INSUFFICIENT,55.56
BAJAJ-AUTO,2016,17.99,21.23,28.97,42.34,23.56,0.01,0,5987.0,Interest Bearing,0,-10949.0,1.31,48.51,39.0,3622.0,0.91,Moderate,0.3,Asset Light,75.57,+,-,-,Reinvestor,4.07,,,9.03,,,9.04,,,NORMAL,INSUFFICIENT,INSUFFICIENT,NORMAL,INSUFFICIENT,INSUFFICIENT,NORMAL,INSUFFICIENT,INSUFFICIENT,55.56
BAJAJ-AUTO,2016,17.99,21.23,28.97,42.34,23.56,0.01,0,5987.0,Interest Bearing,0,-10949.0,1.31,48.51,39.0,3622.0,0.91,Moderate,0.3,Asset Light,75.57,+,-,-,Reinvestor,4.07,,,9.03,,,9.04,,,NORMAL,INSUFFICIENT,INSUFFICIENT,NORMAL,INSUFFICIENT,INSUFFICIENT,NORMAL,INSUFFICIENT,INSUFFICIENT,55.56
BAJAJ-AUTO,2017,18.75,20.36,22.84,32.8,18.85,0.01,0,5897.0,Interest Bearing,0,-15357.0,1.01,61.79,39.0,-343.0,0.8,Moderate,16.59,Capital Intensive,-7.74,+,-,-,Reinvestor,2.61,,,6.47,,,6.42,,,NORMAL,INSUFFICIENT,INSUFFICIENT,NORMAL,INSUFFICIENT,INSUFFICIENT,NORMAL,INSUFFICIENT,INSUFFICIENT,44.44
BAJAJ-AUTO,2017,18.75,20.36,22.84,32.8,18.85,0.01,0,5897.0,Interest Bearing,0,-15357.0,1.01,61.79,39.0,-343.0,0.8,Moderate,16.59,Capital Intensive,-7.74,+,-,-,Reinvestor,2.61,,,6.47,,,6.42,,,NORMAL,INSUFFICIENT,INSUFFICIENT,NORMAL,INSUFFICIENT,INSUFFICIENT,NORMAL,INSUFFICIENT,INSUFFICIENT,44.44
BAJAJ-AUTO,2018,16.74,19.22,20.66,30.41,16.78,0.01,0,6250.0,Interest Bearing,0,-18774.0,1.0,70.67,41.0,2374.0,1.03,High Quality,7.75,Moderate,48.99,+,-,-,Shareholder Returns,5.29,4.71,,11.72,6.13,,11.61,6.21,,NORMAL,NORMAL,INSUFFICIENT,NORMAL,NORMAL,INSUFFICIENT,NORMAL,NORMAL,INSUFFICIENT,66.67
BAJAJ-AUTO,2018,16.74,19.22,20.66,30.41,16.78,0.01,0,6250.0,Interest Bearing,0,-18774.0,1.0,70.67,41.0,2374.0,1.03,High Quality,7.75,Moderate,48.99,+,-,-,Shareholder Returns,5.29,4.71,,11.72,6.13,,11.61,6.21,,NORMAL,NORMAL,INSUFFICIENT,NORMAL,NORMAL,INSUFFICIENT,NORMAL,NORMAL,INSUFFICIENT,66.67
BAJAJ-AUTO,2019,16.23,17.12,21.21,30.92,17.09,0.01,0,1806.5,Interest Bearing,0,-20478.0,1.05,80.39,35.0,2214.0,0.5,Moderate,0.9,Asset Light,42.59,+,-,-,Reinvestor,10.38,8.56,,6.66,7.83,,6.69,7.76,,NORMAL,NORMAL,INSUFFICIENT,NORMAL,NORMAL,INSUFFICIENT,NORMAL,NORMAL,INSUFFICIENT,55.56
BAJAJ-AUTO,2019,16.23,17.12,21.21,30.92,17.09,0.01,0,1806.5,Interest Bearing,0,-20478.0,1.05,80.39,35.0,2214.0,0.5,Moderate,0.9,Asset Light,42.59,+,-,-,Reinvestor,10.38,8.56,,6.66,7.83,,6.69,7.76,,NORMAL,NORMAL,INSUFFICIENT,NORMAL,NORMAL,INSUFFICIENT,NORMAL,NORMAL,INSUFFICIENT,55.56
BAJAJ-AUTO,2020,17.42,17.08,24.06,31.84,19.66,0.01,0,2313.67,Interest Bearing,0,-19788.0,1.13,74.96,67.0,5616.0,0.74,Moderate,5.9,Moderate,109.92,+,+,-,Liquidating Assets,11.21,6.74,,8.51,11.49,,8.48,11.38,,NORMAL,NORMAL,INSUFFICIENT,NORMAL,NORMAL,INSUFFICIENT,NORMAL,NORMAL,INSUFFICIENT,77.78
BAJAJ-AUTO,2020,17.42,17.08,24.06,31.84,19.66,0.01,0,2313.67,Interest Bearing,0,-19788.0,1.13,74.96,67.0,5616.0,0.74,Moderate,5.9,Moderate,109.92,+,+,-,Liquidating Assets,11.21,6.74,,8.51,11.49,,8.48,11.38,,NORMAL,NORMAL,INSUFFICIENT,NORMAL,NORMAL,INSUFFICIENT,NORMAL,NORMAL,INSUFFICIENT,77.78
BAJAJ-AUTO,2021,17.51,17.8,17.81,23.73,14.45,0.0,0,929.71,Interest Bearing,0,-24566.0,0.83,94.37,83.0,251.0,0.64,Moderate,10.34,Capital Intensive,5.08,+,-,-,Reinvestor,3.24,4.21,,4.81,3.64,,4.79,3.71,,NORMAL,NORMAL,INSUFFICIENT,NORMAL,NORMAL,INSUFFICIENT,NORMAL,NORMAL,INSUFFICIENT,55.56
BAJAJ-AUTO,2021,17.51,17.8,17.81,23.73,14.45,0.0,0,929.71,Interest Bearing,0,-24566.0,0.83,94.37,83.0,251.0,0.64,Moderate,10.34,Capital Intensive,5.08,+,-,-,Reinvestor,3.24,4.21,,4.81,3.64,,4.79,3.71,,NORMAL,NORMAL,INSUFFICIENT,NORMAL,NORMAL,INSUFFICIENT,NORMAL,NORMAL,INSUFFICIENT,55.56
BAJAJ-AUTO,2022,18.6,15.87,20.65,26.42,17.56,0.0,0,881.11,Interest Bearing,0,-26511.0,0.94,103.32,66.0,4473.0,0.68,Moderate,0.83,Asset Light,85.05,+,+,-,Liquidating Assets,2.97,8.79,,7.76,8.62,,7.81,8.6,,NORMAL,NORMAL,INSUFFICIENT,NORMAL,NORMAL,INSUFFICIENT,NORMAL,NORMAL,INSUFFICIENT,55.56
BAJAJ-AUTO,2022,18.6,15.87,20.65,26.42,17.56,0.0,0,881.11,Interest Bearing,0,-26511.0,0.94,103.32,66.0,4473.0,0.68,Moderate,0.83,Asset Light,85.05,+,+,-,Liquidating Assets,2.97,8.79,,7.76,8.62,,7.81,8.6,,NORMAL,NORMAL,INSUFFICIENT,NORMAL,NORMAL,INSUFFICIENT,NORMAL,NORMAL,INSUFFICIENT,55.56
BAJAJ-AUTO,2023,16.62,17.73,20.64,27.57,17.25,0.0,0,204.2,Interest Bearing,0,-26059.0,1.04,103.75,65.0,6488.0,0.87,Moderate,3.32,Moderate,100.36,+,+,-,Liquidating Assets,6.81,7.66,6.17,5.15,7.51,6.82,5.94,7.95,7.08,NORMAL,NORMAL,NORMAL,NORMAL,NORMAL,NORMAL,NORMAL,NORMAL,NORMAL,55.56
BAJAJ-AUTO,2023,16.62,17.73,20.64,27.57,17.25,0.0,0,204.2,Interest Bearing,0,-26059.0,1.04,103.75,65.0,6488.0,0.87,Moderate,3.32,Moderate,100.36,+,+,-,Liquidating Assets,6.81,7.66,6.17,5.15,7.51,6.82,5.94,7.95,7.08,NORMAL,NORMAL,NORMAL,NORMAL,NORMAL,NORMAL,NORMAL,NORMAL,NORMAL,55.56
BAJAJ-AUTO,2024,17.18,19.53,26.61,33.7,19.59,0.07,0,174.42,Interest Bearing,0,-26175.0,1.14,103.81,29.0,6486.0,0.85,Moderate,0.16,Asset Light,74.0,+,-,-,Reinvestor,17.38,8.13,8.34,16.64,9.36,8.59,18.0,10.18,8.96,NORMAL,NORMAL,NORMAL,NORMAL,NORMAL,NORMAL,NORMAL,NORMAL,NORMAL,66.67
BAJAJ-AUTO,2024,17.18,19.53,26.61,33.7,19.59,0.07,0,174.42,Interest Bearing,0,-26175.0,1.14,103.81,29.0,6486.0,0.85,Moderate,0.16,Asset Light,74.0,+,-,-,Reinvestor,17.38,8.13,8.34,16.64,9.36,8.59,18.0,10.18,8.96,NORMAL,NORMAL,NORMAL,NORMAL,NORMAL,NORMAL,NORMAL,NORMAL,NORMAL,66.67
BAJAJ-AUTO,2024,17.18,19.53,24.88,28.72,16.81,0.17,0,174.42,Interest Bearing,0,-23307.0,0.98,111.04,29.0,6486.0,0.85,Moderate,0.16,Asset Light,74.0,+,-,-,Reinvestor,17.38,8.13,8.34,16.64,9.36,8.59,18.0,10.18,8.96,NORMAL,NORMAL,NORMAL,NORMAL,NORMAL,NORMAL,NORMAL,NORMAL,NORMAL,66.67
BAJAJ-AUTO,2024,17.18,19.53,24.88,28.72,16.81,0.17,0,174.42,Interest Bearing,0,-23307.0,0.98,111.04,29.0,6486.0,0.85,Moderate,0.16,Asset Light,74.0,+,-,-,Reinvestor,17.38,8.13,8.34,16.64,9.36,8.59,18.0,10.18,8.96,NORMAL,NORMAL,NORMAL,NORMAL,NORMAL,NORMAL,NORMAL,NORMAL,NORMAL,66.67
BAJAJFINSV,2013,27.49,48.8,28.38,13.12,3.39,1.67,0,3.27,Interest Bearing,0,-30260.0,0.12,97.53,2.0,-3969.0,3.13,High Quality,36.66,Capital Intensive,-100.97,-,+,+,Distress Signal,,,,,,,,,,INSUFFICIENT,INSUFFICIENT,INSUFFICIENT,INSUFFICIENT,INSUFFICIENT,INSUFFICIENT,INSUFFICIENT,INSUFFICIENT,INSUFFICIENT,33.33
BAJAJFINSV,2014,36.38,74.56,23.53,10.17,2.95,2.09,1,2.88,Interest Bearing,0,-25807.0,0.08,116.4,2.0,-6043.0,4.48,High Quality,62.49,Capital Intensive,-134.56,-,+,+,Distress Signal,,,,,,,,,,INSUFFICIENT,INSUFFICIENT,INSUFFICIENT,INSUFFICIENT,INSUFFICIENT,INSUFFICIENT,INSUFFICIENT,INSUFFICIENT,INSUFFICIENT,22.22
BAJAJFINSV,2015,21.25,48.62,21.72,8.79,2.73,2.37,1,2.47,Interest Bearing,0,-25055.0,0.13,138.61,2.0,-7022.0,4.45,High Quality,32.72,Capital Intensive,-127.42,-,+,+,Distress Signal,,,,,,,,,,INSUFFICIENT,INSUFFICIENT,INSUFFICIENT,INSUFFICIENT,INSUFFICIENT,INSUFFICIENT,INSUFFICIENT,INSUFFICIENT,INSUFFICIENT,22.22
BAJAJFINSV,2016,13.51,32.82,20.41,7.78,2.67,2.65,1,2.34,Interest Bearing,0,-17636.0,0.2,169.99,1.0,-10681.0,3.53,High Quality,4.32,Moderate,-158.5,-,-,+,Growth Funded by Debt,36.6,,,7.82,,,6.27,,,NORMAL,INSUFFICIENT,INSUFFICIENT,NORMAL,INSUFFICIENT,INSUFFICIENT,NORMAL,INSUFFICIENT,INSUFFICIENT,22.22
BAJAJFINSV,2017,14.08,35.55,21.36,7.76,2.68,2.99,1,2.34,Interest Bearing,0,-14376.0,0.19,201.89,1.0,-10771.0,3.17,High Quality,0.62,Asset Light,-123.62,-,+,+,Distress Signal,59.65,,,16.34,,,11.87,,,NORMAL,INSUFFICIENT,INSUFFICIENT,NORMAL,INSUFFICIENT,INSUFFICIENT,NORMAL,INSUFFICIENT,INSUFFICIENT,22.22
BAJAJFINSV,2018,12.71,32.83,20.39,7.26,2.59,3.21,1,2.38,Interest Bearing,0,-3733.0,0.2,256.04,1.0,-20502.0,4.69,High Quality,2.81,Asset Light,-190.04,-,-,+,Growth Funded by Debt,42.59,32.47,,20.13,13.53,,15.62,11.2,,NORMAL,NORMAL,INSUFFICIENT,NORMAL,NORMAL,INSUFFICIENT,NORMAL,NORMAL,INSUFFICIENT,55.56
BAJAJFINSV,2019,12.61,35.29,22.64,6.79,2.58,4.2,1,2.26,Interest Bearing,0,18075.0,0.2,296.75,1.0,-33979.0,5.04,High Quality,16.2,Capital Intensive,-225.97,-,-,+,Growth Funded by Debt,27.55,47.89,,24.65,19.66,,18.56,14.87,,NORMAL,NORMAL,INSUFFICIENT,NORMAL,NORMAL,INSUFFICIENT,NORMAL,NORMAL,INSUFFICIENT,55.56
BAJAJFINSV,2020,11.03,33.59,19.15,5.53,2.39,4.06,1,1.92,Interest Bearing,0,35391.0,0.22,391.27,2.0,-33317.0,3.9,High Quality,18.3,Capital Intensive,-182.48,-,-,+,Growth Funded by Debt,30.41,36.82,,20.22,20.0,,14.47,13.81,,NORMAL,NORMAL,INSUFFICIENT,NORMAL,NORMAL,INSUFFICIENT,NORMAL,NORMAL,INSUFFICIENT,55.56
BAJAJFINSV,2021,12.16,32.42,20.56,6.31,2.63,3.59,1,2.12,Interest Bearing,0,14807.0,0.22,447.88,1.0,863.0,0.62,Moderate,6.08,Moderate,4.39,+,-,+,Mixed,22.62,24.16,,20.83,21.56,,18.1,18.47,,NORMAL,NORMAL,INSUFFICIENT,NORMAL,NORMAL,INSUFFICIENT,NORMAL,NORMAL,INSUFFICIENT,55.56
BAJAJFINSV,2022,12.15,31.36,20.66,5.88,2.49,4.0,1,2.23,Interest Bearing,0,41957.0,0.21,503.09,1.0,-32225.0,4.05,High Quality,2.11,Asset Light,-150.2,-,+,+,Distress Signal,17.1,22.79,,15.66,19.23,,13.19,15.68,,NORMAL,NORMAL,INSUFFICIENT,NORMAL,NORMAL,INSUFFICIENT,NORMAL,NORMAL,INSUFFICIENT,55.56
BAJAJFINSV,2023,14.88,36.39,26.31,6.76,3.01,4.57,1,2.41,Interest Bearing,0,76089.0,0.2,291.87,2.0,-53425.0,3.23,High Quality,16.99,Capital Intensive,-178.87,-,-,+,Growth Funded by Debt,14.73,20.09,26.13,26.77,23.93,18.62,23.96,18.66,14.87,NORMAL,NORMAL,NORMAL,NORMAL,NORMAL,NORMAL,NORMAL,NORMAL,NORMAL,55.56
BAJAJFINSV,2024,14.13,37.04,25.85,6.38,2.9,4.79,1,2.2,Interest Bearing,0,120548.0,0.21,379.42,2.0,-79634.0,4.4,High Quality,9.93,Capital Intensive,-194.77,-,-,+,Growth Funded by Debt,22.13,20.97,33.75,28.4,23.75,21.68,22.12,20.59,17.69,NORMAL,NORMAL,NORMAL,NORMAL,NORMAL,NORMAL,NORMAL,NORMAL,NORMAL,55.56
BAJAJFINSV,2024,14.13,37.04,22.82,5.76,2.59,4.66,1,2.2,Interest Bearing,0,133425.0,0.18,427.03,2.0,-79634.0,4.4,High Quality,9.93,Capital Intensive,-194.77,-,-,+,Growth Funded by Debt,22.13,20.97,33.75,28.4,23.75,21.68,22.12,20.59,17.69,NORMAL,NORMAL,NORMAL,NORMAL,NORMAL,NORMAL,NORMAL,NORMAL,NORMAL,55.56
BAJAJHLDNG,2013,550.74,95.55,17.94,3.14,17.23,0.0,0,,Debt Free,0,-9577.0,0.03,93.2,15.0,104.0,0.25,Accrual Risk,109.5,Capital Intensive,32.3,+,-,-,Reinvestor,,,,,,,,,,INSUFFICIENT,INSUFFICIENT,INSUFFICIENT,INSUFFICIENT,INSUFFICIENT,INSUFFICIENT,INSUFFICIENT,INSUFFICIENT,INSUFFICIENT,33.33
BAJAJHLDNG,2014,469.98,94.56,16.57,3.38,15.97,0.0,0,,Debt Free,0,-11325.0,0.03,108.1,17.0,353.0,0.44,Accrual Risk,122.7,Capital Intensive,88.25,+,-,-,Reinvestor,,,,,,,,,,INSUFFICIENT,INSUFFICIENT,INSUFFICIENT,INSUFFICIENT,INSUFFICIENT,INSUFFICIENT,INSUFFICIENT,INSUFFICIENT,INSUFFICIENT,33.33
BAJAJHLDNG,2015,387.21,92.37,15.15,3.88,14.6,0.0,0,,Debt Free,0,-13078.0,0.04,120.66,19.0,332.0,0.39,Accrual Risk,88.55,Capital Intensive,68.6,+,-,-,Reinvestor,,,,,,,,,,INSUFFICIENT,INSUFFICIENT,INSUFFICIENT,INSUFFICIENT,INSUFFICIENT,INSUFFICIENT,INSUFFICIENT,INSUFFICIENT,INSUFFICIENT,33.33
BAJAJHLDNG,2016,481.91,91.28,14.81,2.85,14.64,0.0,0,,Debt Free,0,-13276.0,0.03,137.77,16.0,2166.0,0.51,Moderate,216.81,Capital Intensive,504.9,+,+,-,Liquidating Assets,11.73,,,6.86,,,6.9,,,NORMAL,INSUFFICIENT,INSUFFICIENT,NORMAL,INSUFFICIENT,INSUFFICIENT,NORMAL,INSUFFICIENT,INSUFFICIENT,22.22
BAJAJHLDNG,2017,293.71,74.58,13.88,3.57,13.82,0.0,0,,Debt Free,0,-17364.0,0.05,160.52,15.0,-1295.0,0.37,Accrual Risk,44.18,Capital Intensive,-206.21,-,-,-,Pre-Revenue,25.79,,,7.55,,,7.44,,,NORMAL,INSUFFICIENT,INSUFFICIENT,NORMAL,INSUFFICIENT,INSUFFICIENT,NORMAL,INSUFFICIENT,INSUFFICIENT,11.11
BAJAJHLDNG,2018,632.14,84.52,10.54,10.89,10.51,0.0,0,,Debt Free,0,-24575.0,0.02,227.04,17.0,508.0,0.61,Moderate,267.38,Capital Intensive,143.1,+,-,-,Reinvestor,-7.11,4.5,,9.38,7.42,,9.51,7.43,,NORMAL,NORMAL,INSUFFICIENT,NORMAL,NORMAL,INSUFFICIENT,NORMAL,NORMAL,INSUFFICIENT,22.22
BAJAJHLDNG,2019,707.19,80.51,11.31,11.78,11.29,0.0,0,,Debt Free,0,-26257.0,0.02,242.81,12.0,465.0,0.21,Accrual Risk,37.82,Capital Intensive,134.01,+,-,-,Reinvestor,-2.85,0.38,,10.4,8.92,,10.33,8.89,,NORMAL,NORMAL,INSUFFICIENT,NORMAL,NORMAL,INSUFFICIENT,NORMAL,NORMAL,INSUFFICIENT,22.22
BAJAJHLDNG,2020,708.05,69.2,11.09,11.98,9.41,0.01,0,258.38,Interest Bearing,0,-31900.0,0.01,250.12,15.0,1120.0,0.62,Moderate,183.91,Capital Intensive,372.09,+,-,-,Reinvestor,-19.76,-3.65,,7.59,8.71,,6.61,8.13,,NORMAL,NORMAL,INSUFFICIENT,NORMAL,NORMAL,INSUFFICIENT,NORMAL,NORMAL,INSUFFICIENT,33.33
BAJAJHLDNG,2021,799.56,77.02,9.83,10.18,8.03,0.0,0,950.75,Interest Bearing,0,-44778.0,0.01,334.84,12.0,-36.0,0.07,Accrual Risk,67.4,Capital Intensive,-10.23,+,-,-,Reinvestor,2.85,-0.56,,11.23,10.04,,11.13,9.96,,NORMAL,NORMAL,INSUFFICIENT,NORMAL,NORMAL,INSUFFICIENT,NORMAL,NORMAL,INSUFFICIENT,33.33
BAJAJHLDNG,2022,852.48,75.83,9.63,9.92,7.7,0.0,0,1421.0,Interest Bearing,0,-52850.0,0.01,385.96,32.0,1459.0,0.39,Accrual Risk,31.2,Capital Intensive,397.55,+,-,-,Reinvestor,3.94,-10.48,,10.62,10.78,,9.93,10.4,,NORMAL,NORMAL,INSUFFICIENT,NORMAL,NORMAL,INSUFFICIENT,NORMAL,NORMAL,INSUFFICIENT,55.56
BAJAJHLDNG,2023,947.51,72.8,11.19,11.4,9.3,0.0,0,721.86,Interest Bearing,0,-52462.0,0.01,398.04,28.0,1591.0,0.35,Accrual Risk,26.25,Capital Intensive,418.68,+,-,-,Reinvestor,6.27,4.44,4.47,17.1,13.25,10.3,17.47,12.78,10.07,NORMAL,NORMAL,NORMAL,NORMAL,NORMAL,NORMAL,NORMAL,NORMAL,NORMAL,55.56
BAJAJHLDNG,2024,432.73,91.77,13.58,13.86,11.3,0.0,0,3764.5,Interest Bearing,0,-64652.0,0.03,488.71,20.0,1469.0,0.26,Accrual Risk,27.73,Capital Intensive,94.05,+,-,-,Reinvestor,55.01,31.61,14.94,26.32,19.3,13.99,25.8,18.97,13.82,NORMAL,NORMAL,NORMAL,NORMAL,NORMAL,NORMAL,NORMAL,NORMAL,NORMAL,66.67
BAJAJHLDNG,2024,432.73,91.77,12.31,12.57,10.15,0.0,0,3764.5,Interest Bearing,0,-71205.0,0.02,538.95,20.0,1469.0,0.26,Accrual Risk,27.73,Capital Intensive,94.05,+,-,-,Reinvestor,55.01,31.61,14.94,26.32,19.3,13.99,25.8,18.97,13.82,NORMAL,NORMAL,NORMAL,NORMAL,NORMAL,NORMAL,NORMAL,NORMAL,NORMAL,66.67
BAJFINANCE,2015,16.65,32.49,18.71,5.57,2.74,5.55,1,68.35,Interest Bearing,0,26329.0,0.16,96.0,10.0,-7424.0,7.87,High Quality,6.68,Moderate,-423.74,-,-,+,Growth Funded by Debt,,,,,,,,,,INSUFFICIENT,INSUFFICIENT,INSUFFICIENT,INSUFFICIENT,INSUFFICIENT,INSUFFICIENT,INSUFFICIENT,INSUFFICIENT,INSUFFICIENT,33.33
BAJFINANCE,2016,17.52,32.25,17.22,5.28,2.72,4.99,1,68.03,Interest Bearing,0,35996.0,0.16,137.54,10.0,-10557.0,7.72,High Quality,9.41,Capital Intensive,-448.47,-,-,+,Growth Funded by Debt,,,,,,,,,,INSUFFICIENT,INSUFFICIENT,INSUFFICIENT,INSUFFICIENT,INSUFFICIENT,INSUFFICIENT,INSUFFICIENT,INSUFFICIENT,INSUFFICIENT,33.33
BAJFINANCE,2017,18.42,32.6,19.12,5.53,2.88,5.13,1,149.05,Interest Bearing,0,45180.0,0.16,88.07,11.0,-13486.0,5.69,High Quality,30.56,Capital Intensive,-414.95,-,-,+,Growth Funded by Debt,,,,,,,,,,INSUFFICIENT,INSUFFICIENT,INSUFFICIENT,INSUFFICIENT,INSUFFICIENT,INSUFFICIENT,INSUFFICIENT,INSUFFICIENT,INSUFFICIENT,33.33
BAJFINANCE,2018,19.58,32.28,15.75,5.02,2.94,4.2,1,414.6,Interest Bearing,0,63418.0,0.15,137.81,9.0,-19491.0,8.24,High Quality,8.43,Capital Intensive,-473.66,-,+,+,Distress Signal,33.21,,,40.6,,,33.68,,,NORMAL,INSUFFICIENT,INSUFFICIENT,NORMAL,INSUFFICIENT,INSUFFICIENT,NORMAL,INSUFFICIENT,INSUFFICIENT,33.33
BAJFINANCE,2019,21.61,29.5,20.28,4.51,3.22,5.16,1,422.15,Interest Bearing,0,92989.0,0.15,171.28,9.0,-34441.0,7.27,High Quality,29.1,Capital Intensive,-631.48,-,-,+,Growth Funded by Debt,36.31,,,46.18,,,42.19,,,NORMAL,INSUFFICIENT,INSUFFICIENT,NORMAL,INSUFFICIENT,INSUFFICIENT,NORMAL,INSUFFICIENT,INSUFFICIENT,33.33
BAJFINANCE,2020,19.96,34.73,16.28,5.66,3.2,4.02,1,1020.89,Interest Bearing,0,112262.0,0.16,269.4,11.0,-33170.0,4.64,High Quality,33.21,Capital Intensive,-362.16,-,-,+,Growth Funded by Debt,38.3,37.37,,42.06,42.43,,38.14,37.04,,NORMAL,NORMAL,INSUFFICIENT,NORMAL,NORMAL,INSUFFICIENT,NORMAL,NORMAL,INSUFFICIENT,66.67
BAJFINANCE,2021,16.57,40.64,11.97,6.44,2.58,3.57,1,3621.0,Interest Bearing,0,113237.0,0.16,307.65,14.0,-1236.0,0.18,Accrual Risk,1.61,Asset Light,-11.4,-,-,+,Growth Funded by Debt,27.91,29.59,,20.98,28.15,,19.29,24.92,,NORMAL,NORMAL,INSUFFICIENT,NORMAL,NORMAL,INSUFFICIENT,NORMAL,NORMAL,INSUFFICIENT,44.44
BAJFINANCE,2022,22.21,37.55,16.08,5.71,3.31,3.78,1,-700.65,Interest Bearing,1,152986.0,0.15,361.26,17.0,-30743.0,5.28,High Quality,20.06,Capital Intensive,-258.78,-,+,+,Distress Signal,19.62,25.98,,20.72,30.8,,18.91,28.58,,NORMAL,NORMAL,INSUFFICIENT,NORMAL,NORMAL,INSUFFICIENT,NORMAL,NORMAL,INSUFFICIENT,55.56
BAJFINANCE,2023,27.79,30.65,21.17,4.7,4.18,3.99,1,-2546.4,Interest Bearing,1,193938.0,0.15,449.36,16.0,-52506.0,3.66,High Quality,25.1,Capital Intensive,-413.66,-,-,+,Growth Funded by Debt,16.23,26.58,,29.79,35.75,,29.74,34.6,,NORMAL,NORMAL,INSUFFICIENT,NORMAL,NORMAL,INSUFFICIENT,NORMAL,NORMAL,INSUFFICIENT,55.56
BAJFINANCE,2024,26.29,29.29,18.84,4.36,3.85,3.82,1,2689.17,Interest Bearing,0,262465.0,0.15,618.52,15.0,-79931.0,5.03,High Quality,13.04,Capital Intensive,-496.5,-,-,+,Growth Funded by Debt,27.26,24.35,,48.42,29.32,,47.23,27.56,,NORMAL,NORMAL,INSUFFICIENT,NORMAL,NORMAL,INSUFFICIENT,NORMAL,NORMAL,INSUFFICIENT,66.67
BAJFINANCE,2024,26.29,29.29,16.65,3.92,3.44,3.74,1,2689.17,Interest Bearing,0,293182.0,0.13,700.02,15.0,-79931.0,5.03,High Quality,13.04,Capital Intensive,-496.5,-,-,+,Growth Funded by Debt,27.26,24.35,,48.42,29.32,,47.23,27.56,,NORMAL,NORMAL,INSUFFICIENT,NORMAL,NORMAL,INSUFFICIENT,NORMAL,NORMAL,INSUFFICIENT,66.67
BANKBARODA,2013,13.25,30.05,14.51,1.19,0.86,15.3,1,2.43,Interest Bearing,0,383575.0,0.07,78.68,19.0,22682.0,4.8,High Quality,1.41,Asset Light,207.14,+,-,-,Shareholder Returns,,,,,,,,,,INSUFFICIENT,INSUFFICIENT,INSUFFICIENT,INSUFFICIENT,INSUFFICIENT,INSUFFICIENT,INSUFFICIENT,INSUFFICIENT,INSUFFICIENT,22.22
BANKBARODA,2014,12.45,29.78,13.31,0.99,0.74,16.3,1,2.17,Interest Bearing,0,494860.0,0.06,87.81,19.0,41503.0,8.39,High Quality,1.8,Asset Light,344.45,+,-,+,Mixed,,,,,,,,,,INSUFFICIENT,INSUFFICIENT,INSUFFICIENT,INSUFFICIENT,INSUFFICIENT,INSUFFICIENT,INSUFFICIENT,INSUFFICIENT,INSUFFICIENT,22.22
BANKBARODA,2015,8.79,29.98,9.4,1.13,0.54,15.84,1,2.47,Interest Bearing,0,540744.0,0.06,94.64,18.0,17282.0,4.52,High Quality,1.24,Asset Light,128.34,+,-,-,Shareholder Returns,,,,,,,,,,INSUFFICIENT,INSUFFICIENT,INSUFFICIENT,INSUFFICIENT,INSUFFICIENT,INSUFFICIENT,INSUFFICIENT,INSUFFICIENT,INSUFFICIENT,22.22
BANKBARODA,2016,-10.99,55.44,-11.84,2.92,-0.73,14.6,1,4.23,Interest Bearing,0,491642.0,0.07,92.0,0.0,-14016.0,1.99,High Quality,8.74,Capital Intensive,-55.2,-,-,-,Pre-Revenue,7.92,,,,,,,,,NORMAL,INSUFFICIENT,INSUFFICIENT,DECLINE_TO_LOSS,INSUFFICIENT,INSUFFICIENT,DECLINE_TO_LOSS,INSUFFICIENT,INSUFFICIENT,22.22
BANKBARODA,2017,4.17,43.28,4.31,1.63,0.26,15.06,1,2.42,Interest Bearing,0,507783.0,0.06,93.22,15.0,17314.0,9.63,High Quality,1.24,Asset Light,89.94,+,-,-,Shareholder Returns,3.2,,,-28.32,,,-29.67,,,NORMAL,INSUFFICIENT,INSUFFICIENT,NORMAL,INSUFFICIENT,INSUFFICIENT,NORMAL,INSUFFICIENT,INSUFFICIENT,22.22
BANKBARODA,2018,-3.99,56.65,-3.94,2.52,-0.25,14.44,1,3.26,Interest Bearing,0,497174.0,0.06,87.86,0.0,-60106.0,32.51,High Quality,0.9,Asset Light,-230.35,-,-,+,Growth Funded by Debt,0.84,4.79,,,,,,,,NORMAL,NORMAL,INSUFFICIENT,DECLINE_TO_LOSS,DECLINE_TO_LOSS,INSUFFICIENT,DECLINE_TO_LOSS,DECLINE_TO_LOSS,INSUFFICIENT,22.22
BANKBARODA,2019,2.2,48.79,2.12,2.27,0.14,13.35,1,3.27,Interest Bearing,0,538740.0,0.06,103.77,0.0,-3986.0,1.24,High Quality,4.8,Moderate,-15.44,-,-,+,Growth Funded by Debt,4.93,5.51,,,-25.37,,,-29.52,,NORMAL,NORMAL,INSUFFICIENT,TURNAROUND,NORMAL,INSUFFICIENT,TURNAROUND,NORMAL,INSUFFICIENT,22.22
BANKBARODA,2020,1.24,51.44,1.29,2.48,0.08,14.05,1,3.33,Interest Bearing,0,779254.0,0.07,82.27,0.0,18392.0,18.89,High Quality,0.18,Asset Light,45.32,+,-,+,Mixed,21.06,11.93,,-19.13,-24.31,,-37.0,-35.56,,NORMAL,NORMAL,INSUFFICIENT,NORMAL,NORMAL,INSUFFICIENT,NORMAL,NORMAL,INSUFFICIENT,44.44
BANKBARODA,2021,2.18,51.23,1.97,2.03,0.13,12.95,1,2.59,Interest Bearing,0,785314.0,0.06,79.53,0.0,-1358.0,0.55,Moderate,0.63,Asset Light,-3.57,-,-,-,Pre-Revenue,17.29,10.16,,,,,,,,NORMAL,NORMAL,INSUFFICIENT,TURNAROUND,TURNAROUND,INSUFFICIENT,TURNAROUND,TURNAROUND,INSUFFICIENT,11.11
BANKBARODA,2022,10.81,51.12,8.64,1.81,0.59,12.9,1,2.61,Interest Bearing,0,837744.0,0.05,88.68,19.0,2565.0,0.78,Moderate,4.97,Moderate,6.84,+,-,-,Reinvestor,11.52,10.54,,89.49,33.73,,55.36,13.4,,NORMAL,NORMAL,INSUFFICIENT,NORMAL,NORMAL,INSUFFICIENT,NORMAL,NORMAL,INSUFFICIENT,44.44
BANKBARODA,2023,15.88,40.45,14.28,1.52,0.98,12.78,1,2.35,Interest Bearing,0,945105.0,0.06,101.4,19.0,-22450.0,1.42,High Quality,1.16,Asset Light,-58.72,-,-,-,Pre-Revenue,6.2,15.46,10.0,148.23,,12.01,143.85,,2.35,NORMAL,NORMAL,NORMAL,NORMAL,TURNAROUND,NORMAL,NORMAL,TURNAROUND,NORMAL,22.22
BANKBARODA,2024,15.94,37.49,15.76,1.33,1.14,12.14,1,1.9,Interest Bearing,0,1046625.0,0.07,115.55,21.0,-7559.0,0.33,Accrual Risk,1.09,Asset Light,-17.03,-,-,+,Growth Funded by Debt,16.79,17.48,11.33,126.68,74.51,14.12,128.94,55.18,4.58,NORMAL,NORMAL,NORMAL,NORMAL,NORMAL,NORMAL,NORMAL,NORMAL,NORMAL,44.44
BEL,2013,14.52,10.66,15183.33,4280.0,2024.44,4.0,1,184.43,Interest Bearing,0,24.0,139.4,3.0,20.0,214.0,1.69,High Quality,27.95,Capital Intensive,31.99,-,+,-,Unknown,,,,,,,,,,INSUFFICIENT,INSUFFICIENT,INSUFFICIENT,INSUFFICIENT,INSUFFICIENT,INSUFFICIENT,INSUFFICIENT,INSUFFICIENT,INSUFFICIENT,55.56
BEL,2014,14.61,14.19,13600.0,4842.86,2069.57,3.0,1,194.71,Interest Bearing,0,21.0,141.7,3.5,20.0,190.0,0.6,Moderate,11.64,Capital Intensive,20.54,-,+,-,Unknown,,,,,,,,,,INSUFFICIENT,INSUFFICIENT,INSUFFICIENT,INSUFFICIENT,INSUFFICIENT,INSUFFICIENT,INSUFFICIENT,INSUFFICIENT,INSUFFICIENT,44.44
BEL,2015,16.88,16.62,17100.0,5087.88,2442.86,3.71,1,240.86,Interest Bearing,0,26.0,144.76,3.5,20.0,595.0,1.2,High Quality,11.83,Capital Intensive,50.47,+,-,-,Shareholder Returns,,,,,,,,,,INSUFFICIENT,INSUFFICIENT,INSUFFICIENT,INSUFFICIENT,INSUFFICIENT,INSUFFICIENT,INSUFFICIENT,INSUFFICIENT,INSUFFICIENT,55.56
BEL,2016,18.18,18.94,11141.67,5286.49,2571.15,2.08,1,196.6,Interest Bearing,0,25.0,141.42,1.33,31.0,790.0,1.69,High Quality,19.99,Capital Intensive,56.71,+,-,-,Shareholder Returns,5.44,,,13.64,,,25.99,,,NORMAL,INSUFFICIENT,INSUFFICIENT,NORMAL,INSUFFICIENT,INSUFFICIENT,NORMAL,INSUFFICIENT,INSUFFICIENT,55.56
BEL,2017,17.59,20.7,10153.33,4986.36,1977.92,1.93,0,122.89,Interest Bearing,0,29.0,112.42,1.67,33.0,3054.0,0.04,Accrual Risk,35.99,Capital Intensive,170.42,-,+,-,Unknown,9.92,,,16.96,,,25.99,,,NORMAL,INSUFFICIENT,INSUFFICIENT,NORMAL,INSUFFICIENT,INSUFFICIENT,NORMAL,INSUFFICIENT,INSUFFICIENT,44.44
BEL,2018,13.76,19.6,4616.13,2821.52,1182.64,1.55,0,372.5,Interest Bearing,0,48.0,85.96,3.1,34.0,-693.0,0.48,Accrual Risk,0.06,Asset Light,-33.99,-,-,-,Pre-Revenue,13.61,10.64,,6.13,9.45,,0.0,14.87,,NORMAL,NORMAL,INSUFFICIENT,NORMAL,NORMAL,INSUFFICIENT,NORMAL,NORMAL,INSUFFICIENT,55.56
BEL,2019,15.51,23.91,3851.02,3089.58,1497.62,0.96,0,186.38,Interest Bearing,0,47.0,96.54,4.45,44.0,618.0,0.8,Moderate,7.37,Moderate,21.24,+,-,-,Reinvestor,18.26,13.29,,12.17,14.66,,14.47,24.57,,NORMAL,NORMAL,INSUFFICIENT,NORMAL,NORMAL,INSUFFICIENT,NORMAL,NORMAL,INSUFFICIENT,88.89
BEL,2020,14.07,21.28,3318.18,2878.79,1495.9,0.8,0,357.25,Interest Bearing,0,44.0,106.3,5.0,37.0,1921.0,1.41,High Quality,5.0,Moderate,69.63,+,-,-,Shareholder Returns,14.42,12.83,,6.22,8.8,,14.47,8.45,,NORMAL,NORMAL,INSUFFICIENT,NORMAL,NORMAL,INSUFFICIENT,NORMAL,NORMAL,INSUFFICIENT,77.78
BEL,2021,14.88,22.78,3559.32,3082.41,1381.58,0.83,0,333.9,Interest Bearing,0,49.0,92.82,5.36,46.0,2498.0,2.43,High Quality,18.39,Capital Intensive,77.72,+,-,-,Shareholder Returns,10.7,13.92,,13.64,9.45,,14.47,8.45,,NORMAL,NORMAL,INSUFFICIENT,NORMAL,NORMAL,INSUFFICIENT,NORMAL,NORMAL,INSUFFICIENT,77.78
BEL,2022,15.62,21.76,3478.26,2808.66,1472.39,0.84,0,397.33,Interest Bearing,0,58.0,94.28,6.27,46.0,-665.0,1.75,High Quality,31.7,Capital Intensive,-19.89,+,-,-,Shareholder Returns,8.11,12.17,,8.35,9.52,,0.0,8.45,,NORMAL,NORMAL,INSUFFICIENT,NORMAL,NORMAL,INSUFFICIENT,NORMAL,NORMAL,INSUFFICIENT,66.67
BEL,2023,16.84,23.06,3981.33,3817.54,2073.61,0.52,0,230.05,Interest Bearing,0,39.0,123.15,6.82,44.0,3907.0,0.4,Accrual Risk,15.27,Capital Intensive,95.53,+,+,-,Liquidating Assets,11.0,11.26,10.95,17.84,15.85,12.6,10.06,14.87,14.87,NORMAL,NORMAL,NORMAL,NORMAL,NORMAL,NORMAL,NORMAL,NORMAL,NORMAL,88.89
BEL,2024,19.66,24.92,4744.05,4495.28,2475.16,0.51,0,476.75,Interest Bearing,0,42.0,125.89,7.64,40.0,-1265.0,1.17,High Quality,29.23,Capital Intensive,-25.04,+,-,-,Shareholder Returns,12.83,10.75,12.01,23.8,16.13,15.39,18.56,10.76,17.46,NORMAL,NORMAL,NORMAL,NORMAL,NORMAL,NORMAL,NORMAL,NORMAL,NORMAL,88.89
BEL,2024,19.66,24.92,4379.12,3378.11,1771.11,0.86,0,476.75,Interest Bearing,0,77.0,90.08,8.27,40.0,-1265.0,1.17,High Quality,29.23,Capital Intensive,-25.04,+,-,-,Shareholder Returns,12.83,10.75,12.01,23.8,16.13,15.39,18.56,10.76,17.46,NORMAL,NORMAL,NORMAL,NORMAL,NORMAL,NORMAL,NORMAL,NORMAL,NORMAL,88.89
BHARTIARTL,2013,2.95,29.84,4.5,16.74,1.44,1.33,0,5.34,Interest Bearing,0,59026.0,0.49,26.5,17.0,3932.0,9.97,High Quality,24.27,Capital Intensive,17.13,+,-,-,Shareholder Returns,,,,,,,,,,INSUFFICIENT,INSUFFICIENT,INSUFFICIENT,INSUFFICIENT,INSUFFICIENT,INSUFFICIENT,INSUFFICIENT,INSUFFICIENT,INSUFFICIENT,44.44
BHARTIARTL,2014,3.52,30.88,5.05,17.33,1.66,1.27,0,5.0,Interest Bearing,0,60365.0,0.47,29.89,26.0,1052.0,8.69,High Quality,29.33,Capital Intensive,3.97,+,-,+,Mixed,,,,,,,,,,INSUFFICIENT,INSUFFICIENT,INSUFFICIENT,INSUFFICIENT,INSUFFICIENT,INSUFFICIENT,INSUFFICIENT,INSUFFICIENT,INSUFFICIENT,44.44
BHARTIARTL,2015,5.25,34.97,12.69,24.68,2.77,2.1,1,7.84,Interest Bearing,0,72663.0,0.53,19.9,33.0,5758.0,5.56,High Quality,23.21,Capital Intensive,17.14,+,-,-,Shareholder Returns,,,,,,,,,,INSUFFICIENT,INSUFFICIENT,INSUFFICIENT,INSUFFICIENT,INSUFFICIENT,INSUFFICIENT,INSUFFICIENT,INSUFFICIENT,INSUFFICIENT,44.44
BHARTIARTL,2016,7.14,35.2,10.32,18.1,3.07,1.51,0,4.55,Interest Bearing,0,88669.0,0.43,33.4,9.0,13851.0,4.05,High Quality,14.6,Capital Intensive,40.76,+,-,-,Shareholder Returns,7.85,,,44.87,,,40.1,,,NORMAL,INSUFFICIENT,INSUFFICIENT,NORMAL,INSUFFICIENT,INSUFFICIENT,NORMAL,INSUFFICIENT,INSUFFICIENT,44.44
BHARTIARTL,2017,4.44,37.01,6.29,15.73,1.83,1.59,0,3.88,Interest Bearing,0,92949.0,0.41,33.75,11.0,-2400.0,6.67,High Quality,32.14,Capital Intensive,-6.79,+,-,-,Shareholder Returns,3.6,,,12.0,,,11.87,,,NORMAL,INSUFFICIENT,INSUFFICIENT,NORMAL,INSUFFICIENT,INSUFFICIENT,NORMAL,INSUFFICIENT,INSUFFICIENT,33.33
BHARTIARTL,2018,2.64,36.4,3.14,12.44,0.88,1.6,0,3.41,Interest Bearing,0,95175.0,0.33,34.78,194.0,1914.0,13.67,High Quality,33.81,Capital Intensive,6.36,+,-,+,Mixed,-4.91,1.44,,-24.37,-0.74,,-37.0,-12.94,,NORMAL,NORMAL,INSUFFICIENT,NORMAL,NORMAL,INSUFFICIENT,NORMAL,NORMAL,INSUFFICIENT,33.33
BHARTIARTL,2019,2.09,31.89,2.36,9.96,0.62,1.76,0,2.85,Interest Bearing,0,109717.0,0.29,35.73,244.0,-8216.0,11.89,High Quality,35.02,Capital Intensive,-31.89,+,-,+,Mixed,-5.77,-1.21,,-37.44,-10.98,,-55.04,-27.52,,NORMAL,NORMAL,INSUFFICIENT,NORMAL,NORMAL,INSUFFICIENT,NORMAL,NORMAL,INSUFFICIENT,11.11
BHARTIARTL,2020,-35.03,41.82,-39.75,-6.73,-8.54,1.92,0,-0.08,Interest Bearing,1,122752.0,0.24,28.28,-3.0,-11469.0,0.59,Moderate,33.81,Capital Intensive,-31.33,+,-,+,Mixed,-2.85,-1.85,,,,,,,,NORMAL,NORMAL,INSUFFICIENT,DECLINE_TO_LOSS,DECLINE_TO_LOSS,INSUFFICIENT,DECLINE_TO_LOSS,DECLINE_TO_LOSS,INSUFFICIENT,0.0
BHARTIARTL,2021,-12.29,45.0,-20.97,11.71,-3.59,2.76,1,2.72,Interest Bearing,0,135235.0,0.29,21.47,0.0,20919.0,3.9,High Quality,27.12,Capital Intensive,46.2,+,-,-,Shareholder Returns,6.78,0.83,,,,,,,,NORMAL,NORMAL,INSUFFICIENT,DECLINE_TO_LOSS,DECLINE_TO_LOSS,INSUFFICIENT,DECLINE_TO_LOSS,DECLINE_TO_LOSS,INSUFFICIENT,22.22
BHARTIARTL,2022,7.13,49.37,12.48,19.29,2.3,2.55,1,3.74,Interest Bearing,0,140329.0,0.32,23.81,39.0,13539.0,6.62,High Quality,35.59,Capital Intensive,23.53,+,-,-,Shareholder Returns,13.0,4.07,,70.08,14.39,,91.29,0.0,,NORMAL,NORMAL,INSUFFICIENT,NORMAL,NORMAL,INSUFFICIENT,NORMAL,NORMAL,INSUFFICIENT,55.56
BHARTIARTL,2023,8.83,51.22,15.84,17.46,2.76,2.91,1,3.75,Interest Bearing,0,193066.0,0.31,27.34,27.0,26093.0,5.32,High Quality,28.2,Capital Intensive,36.61,+,-,-,Shareholder Returns,16.7,10.98,6.1,,41.27,18.41,,49.63,14.13,NORMAL,NORMAL,NORMAL,TURNAROUND,NORMAL,NORMAL,TURNAROUND,NORMAL,NORMAL,88.89
BHARTIARTL,2024,5.71,52.2,10.36,17.51,1.94,2.61,1,3.31,Interest Bearing,0,183990.0,0.34,28.72,62.0,27809.0,9.22,High Quality,34.06,Capital Intensive,35.52,+,-,-,Shareholder Returns,14.23,13.17,5.74,,38.36,10.98,,67.03,10.03,NORMAL,NORMAL,NORMAL,TURNAROUND,NORMAL,NORMAL,TURNAROUND,NORMAL,NORMAL,77.78
BHARTIARTL,2024,5.71,52.2,9.83,16.7,1.86,2.59,1,3.31,Interest Bearing,0,191103.0,0.33,30.08,62.0,27809.0,9.22,High Quality,34.06,Capital Intensive,35.52,+,-,-,Shareholder Returns,14.23,13.17,5.74,,38.36,10.98,,67.03,10.03,NORMAL,NORMAL,NORMAL,TURNAROUND,NORMAL,NORMAL,TURNAROUND,NORMAL,NORMAL,77.78
BHEL,2013,13.69,19.39,21.91,31.54,9.32,0.09,0,82.93,Interest Bearing,0,2692.0,0.68,62.34,20.0,646.0,0.26,Accrual Risk,2.28,Asset Light,6.81,+,-,+,Mixed,,,,,,,,,,INSUFFICIENT,INSUFFICIENT,INSUFFICIENT,INSUFFICIENT,INSUFFICIENT,INSUFFICIENT,INSUFFICIENT,INSUFFICIENT,INSUFFICIENT,55.56
BHEL,2014,8.85,11.57,10.56,16.01,4.65,0.14,0,46.59,Interest Bearing,0,4687.0,0.53,67.7,20.0,3644.0,1.29,High Quality,2.19,Asset Light,79.58,+,-,+,Mixed,,,,,,,,,,INSUFFICIENT,INSUFFICIENT,INSUFFICIENT,INSUFFICIENT,INSUFFICIENT,INSUFFICIENT,INSUFFICIENT,INSUFFICIENT,INSUFFICIENT,55.56
BHEL,2015,4.63,6.84,4.24,9.06,2.04,0.06,0,36.54,Interest Bearing,0,1883.0,0.44,69.81,20.0,1471.0,0.57,Moderate,2.08,Asset Light,68.71,+,+,-,Liquidating Assets,,,,,,,,,,INSUFFICIENT,INSUFFICIENT,INSUFFICIENT,INSUFFICIENT,INSUFFICIENT,INSUFFICIENT,INSUFFICIENT,INSUFFICIENT,INSUFFICIENT,33.33
BHEL,2016,-2.77,-5.32,-2.18,-0.69,-1.08,0.01,0,0.38,Interest Bearing,1,-585.0,0.39,65.95,-14.0,397.0,0.53,Moderate,0.09,Asset Light,-29.26,+,+,-,Liquidating Assets,-19.51,,,,,,,,,NORMAL,INSUFFICIENT,INSUFFICIENT,DECLINE_TO_LOSS,INSUFFICIENT,INSUFFICIENT,DECLINE_TO_LOSS,INSUFFICIENT,INSUFFICIENT,22.22
BHEL,2017,1.6,3.85,1.4,4.41,0.74,0.0,0,4.47,Interest Bearing,0,-601.0,0.46,66.1,85.0,-5.0,1.23,High Quality,1.98,Asset Light,-0.46,+,-,-,Shareholder Returns,-10.39,,,-49.35,,,-53.58,,,NORMAL,INSUFFICIENT,INSUFFICIENT,NORMAL,INSUFFICIENT,INSUFFICIENT,NORMAL,INSUFFICIENT,INSUFFICIENT,33.33
BHEL,2018,1.52,5.73,1.35,6.17,0.69,0.0,0,7.07,Interest Bearing,0,-319.0,0.45,44.05,151.0,1950.0,2.26,High Quality,3.33,Moderate,117.97,+,+,-,Liquidating Assets,-2.73,-10.03,,-32.9,-42.03,,-37.0,-43.9,,NORMAL,NORMAL,INSUFFICIENT,NORMAL,NORMAL,INSUFFICIENT,NORMAL,NORMAL,INSUFFICIENT,44.44
BHEL,2019,3.29,6.68,3.24,6.91,1.55,0.08,0,7.13,Interest Bearing,0,2446.0,0.47,44.4,69.0,-1941.0,3.85,High Quality,6.3,Moderate,-95.52,-,+,-,Unknown,6.07,-5.11,,,-22.14,,,-21.4,,NORMAL,NORMAL,INSUFFICIENT,TURNAROUND,NORMAL,INSUFFICIENT,TURNAROUND,NORMAL,INSUFFICIENT,33.33
BHEL,2020,-6.84,-0.62,-5.12,-0.46,-2.43,0.18,0,0.75,Interest Bearing,1,4918.0,0.36,41.18,0.0,-1015.0,1.97,High Quality,8.75,Capital Intensive,763.16,-,+,+,Distress Signal,-8.98,-7.28,,,,,,,,NORMAL,NORMAL,INSUFFICIENT,DECLINE_TO_LOSS,DECLINE_TO_LOSS,INSUFFICIENT,DECLINE_TO_LOSS,DECLINE_TO_LOSS,INSUFFICIENT,22.22
BHEL,2021,-15.6,-17.62,-10.39,-10.1,-4.82,0.19,0,-5.69,Interest Bearing,1,4766.0,0.31,37.33,0.0,518.0,0.21,Accrual Risk,0.24,Asset Light,-16.99,+,-,-,Reinvestor,-15.64,-7.46,,,,,,,,NORMAL,NORMAL,INSUFFICIENT,DECLINE_TO_LOSS,BOTH_NEGATIVE,INSUFFICIENT,DECLINE_TO_LOSS,BOTH_NEGATIVE,INSUFFICIENT,22.22
BHEL,2022,2.1,3.9,1.68,2.51,0.78,0.18,0,2.75,Interest Bearing,0,4625.0,0.37,38.08,31.0,-458.0,1.48,High Quality,5.27,Moderate,-55.31,+,-,-,Shareholder Returns,-11.35,-5.71,,-23.7,-0.44,,-30.66,0.0,,NORMAL,NORMAL,INSUFFICIENT,NORMAL,NORMAL,INSUFFICIENT,NORMAL,NORMAL,INSUFFICIENT,22.22
BHEL,2023,2.8,4.47,2.68,3.27,1.13,0.22,0,2.59,Interest Bearing,0,5219.0,0.41,35.03,21.0,739.0,1.13,High Quality,6.33,Moderate,70.79,-,+,+,Distress Signal,2.87,-4.11,-7.12,,8.35,-20.75,,14.87,-19.73,NORMAL,NORMAL,NORMAL,TURNAROUND,NORMAL,NORMAL,TURNAROUND,NORMAL,NORMAL,44.44
BHEL,2024,1.18,2.98,1.15,1.47,0.47,0.36,0,1.59,Interest Bearing,0,8600.0,0.4,35.11,31.0,-2382.0,13.17,High Quality,5.57,Moderate,-335.02,-,+,+,Distress Signal,11.34,-4.73,-4.92,,-22.4,-22.27,,-19.73,-20.57,NORMAL,NORMAL,NORMAL,TURNAROUND,NORMAL,NORMAL,TURNAROUND,NORMAL,NORMAL,22.22
BHEL,2024,1.18,2.98,1.17,1.47,0.46,0.38,0,1.59,Interest Bearing,0,8861.0,0.39,34.77,31.0,-2382.0,13.17,High Quality,5.57,Moderate,-335.02,-,+,+,Distress Signal,11.34,-4.73,-4.92,,-22.4,-22.27,,-19.73,-20.57,NORMAL,NORMAL,NORMAL,TURNAROUND,NORMAL,NORMAL,TURNAROUND,NORMAL,NORMAL,22.22
BOSCHLTD,2012,11.06,15.59,17.19,29.52,12.12,0.04,0,286.5,Interest Bearing,0,-1299.0,1.1,179.77,20.0,47.0,0.91,Moderate,9.52,Capital Intensive,3.48,+,-,-,Reinvestor,,,,,,,,,,INSUFFICIENT,INSUFFICIENT,INSUFFICIENT,INSUFFICIENT,INSUFFICIENT,INSUFFICIENT,INSUFFICIENT,INSUFFICIENT,INSUFFICIENT,55.56
BOSCHLTD,2013,10.11,14.72,14.06,25.35,9.95,0.03,0,,Debt Free,0,-2019.0,0.98,203.03,20.0,211.0,1.19,High Quality,9.66,Capital Intensive,16.37,+,-,-,Shareholder Returns,,,,,,,,,,INSUFFICIENT,INSUFFICIENT,INSUFFICIENT,INSUFFICIENT,INSUFFICIENT,INSUFFICIENT,INSUFFICIENT,INSUFFICIENT,INSUFFICIENT,44.44
BOSCHLTD,2015,11.07,16.39,18.21,33.57,12.83,0.02,0,179.86,Interest Bearing,0,-2779.0,1.16,237.0,20.0,213.0,1.04,High Quality,9.79,Capital Intensive,10.75,+,-,-,Shareholder Returns,11.76,,,11.78,,,11.78,,,NORMAL,INSUFFICIENT,INSUFFICIENT,NORMAL,INSUFFICIENT,INSUFFICIENT,NORMAL,INSUFFICIENT,INSUFFICIENT,66.67
BOSCHLTD,2016,15.78,19.36,16.06,25.96,12.31,0.01,0,192.38,Interest Bearing,0,-4578.0,0.78,307.58,17.0,323.0,0.86,Moderate,10.26,Capital Intensive,17.2,+,-,-,Reinvestor,3.47,,,20.04,,,20.06,,,NORMAL,INSUFFICIENT,INSUFFICIENT,NORMAL,INSUFFICIENT,INSUFFICIENT,NORMAL,INSUFFICIENT,INSUFFICIENT,55.56
BOSCHLTD,2017,16.68,18.81,19.79,32.37,14.75,0.0,0,106.48,Interest Bearing,0,-3927.0,0.88,293.3,29.0,2703.0,0.84,Moderate,11.94,Capital Intensive,137.7,+,+,-,Liquidating Assets,,3.8,,,12.69,,,13.32,,INSUFFICIENT,NORMAL,INSUFFICIENT,INSUFFICIENT,NORMAL,INSUFFICIENT,INSUFFICIENT,NORMAL,INSUFFICIENT,77.78
BOSCHLTD,2018,11.73,17.9,13.74,25.13,9.84,0.0,0,837.0,Interest Bearing,0,-5240.0,0.84,332.7,22.0,559.0,1.26,High Quality,10.01,Capital Intensive,26.71,+,-,-,Shareholder Returns,-1.1,5.95,,0.82,9.15,,1.77,9.75,,NORMAL,NORMAL,INSUFFICIENT,NORMAL,NORMAL,INSUFFICIENT,NORMAL,NORMAL,INSUFFICIENT,55.56
BOSCHLTD,2019,13.22,17.82,17.51,30.03,12.57,0.0,0,211.85,Interest Bearing,0,-4054.0,0.95,304.23,19.0,2359.0,0.37,Accrual Risk,14.61,Capital Intensive,109.52,+,+,-,Liquidating Assets,7.6,,,1.44,,,3.56,,,NORMAL,INSUFFICIENT,INSUFFICIENT,NORMAL,INSUFFICIENT,INSUFFICIENT,NORMAL,INSUFFICIENT,INSUFFICIENT,55.56
BOSCHLTD,2020,6.6,15.07,7.01,14.64,4.88,0.01,0,137.8,Interest Bearing,0,-3968.0,0.74,309.0,48.0,463.0,2.06,High Quality,8.87,Capital Intensive,31.22,+,-,-,Shareholder Returns,-1.93,-4.02,,-27.99,-13.45,,-27.19,-12.38,,NORMAL,NORMAL,INSUFFICIENT,NORMAL,NORMAL,INSUFFICIENT,NORMAL,NORMAL,INSUFFICIENT,44.44
BOSCHLTD,2021,4.96,11.97,4.91,9.19,3.26,0.01,0,65.86,Interest Bearing,0,-5103.0,0.66,327.43,70.0,372.0,1.73,High Quality,4.76,Moderate,31.99,+,-,-,Shareholder Returns,-5.97,0.04,,-29.42,-20.64,,-28.52,-19.59,,NORMAL,NORMAL,INSUFFICIENT,NORMAL,NORMAL,INSUFFICIENT,NORMAL,NORMAL,INSUFFICIENT,44.44
BOSCHLTD,2022,10.33,12.41,11.39,16.95,7.9,0.01,0,63.9,Interest Bearing,0,-5455.0,0.76,356.27,51.0,238.0,0.22,Accrual Risk,0.28,Asset Light,16.28,+,-,-,Reinvestor,-0.84,2.46,3.13,-8.68,-6.91,2.42,-8.66,-6.24,3.08,NORMAL,NORMAL,NORMAL,NORMAL,NORMAL,NORMAL,NORMAL,NORMAL,NORMAL,44.44
BOSCHLTD,2023,9.54,12.12,12.93,20.5,8.76,0.0,0,190.08,Interest Bearing,0,-4970.0,0.92,367.1,99.0,1476.0,0.85,Moderate,1.75,Asset Light,81.55,+,+,-,Liquidating Assets,14.9,5.01,5.48,29.88,0.76,4.87,29.97,1.47,5.53,NORMAL,NORMAL,NORMAL,NORMAL,NORMAL,NORMAL,NORMAL,NORMAL,NORMAL,44.44
BOSCHLTD,2024,14.89,12.52,20.64,29.83,14.35,0.0,0,71.78,Interest Bearing,0,-5086.0,0.96,402.13,44.0,1536.0,0.5,Moderate,1.69,Asset Light,73.32,+,+,-,Liquidating Assets,19.84,6.72,,72.87,9.28,,72.65,9.26,,NORMAL,NORMAL,INSUFFICIENT,NORMAL,NORMAL,INSUFFICIENT,NORMAL,NORMAL,INSUFFICIENT,55.56
BOSCHLTD,2024,14.89,12.52,19.55,28.27,13.44,0.0,0,71.78,Interest Bearing,0,-5790.0,0.9,424.6,44.0,1536.0,0.5,Moderate,1.69,Asset Light,73.32,+,+,-,Liquidating Assets,19.84,6.72,,72.87,9.28,,72.65,9.26,,NORMAL,NORMAL,INSUFFICIENT,NORMAL,NORMAL,INSUFFICIENT,NORMAL,NORMAL,INSUFFICIENT,55.56
BPCL,2013,0.8,2.77,11.54,11.38,2.43,1.98,0,3.26,Interest Bearing,0,25687.0,3.04,23.2,42.0,2322.0,3.06,High Quality,1.49,Asset Light,34.61,+,-,-,Shareholder Returns,,,,,,,,,,INSUFFICIENT,INSUFFICIENT,INSUFFICIENT,INSUFFICIENT,INSUFFICIENT,INSUFFICIENT,INSUFFICIENT,INSUFFICIENT,INSUFFICIENT,33.33
BPCL,2014,1.53,3.56,20.85,16.69,4.58,1.71,0,5.43,Interest Bearing,0,26167.0,2.99,26.89,31.0,2707.0,2.37,High Quality,2.6,Asset Light,28.76,+,-,-,Shareholder Returns,,,,,,,,,,INSUFFICIENT,INSUFFICIENT,INSUFFICIENT,INSUFFICIENT,INSUFFICIENT,INSUFFICIENT,INSUFFICIENT,INSUFFICIENT,INSUFFICIENT,55.56
BPCL,2015,2.09,4.03,22.52,22.3,5.89,1.13,0,10.08,Interest Bearing,0,17780.0,2.81,31.21,34.0,10206.0,4.08,High Quality,4.34,Moderate,104.36,+,-,-,Shareholder Returns,,,,,,,,,,INSUFFICIENT,INSUFFICIENT,INSUFFICIENT,INSUFFICIENT,INSUFFICIENT,INSUFFICIENT,INSUFFICIENT,INSUFFICIENT,INSUFFICIENT,55.56
BPCL,2016,4.31,6.91,29.1,27.75,9.36,0.84,0,21.89,Interest Bearing,0,13987.0,2.17,42.37,25.0,1886.0,1.37,High Quality,4.92,Moderate,14.54,+,-,-,Shareholder Returns,-8.13,,,61.06,,,68.1,,,NORMAL,INSUFFICIENT,INSUFFICIENT,NORMAL,INSUFFICIENT,INSUFFICIENT,NORMAL,INSUFFICIENT,INSUFFICIENT,66.67
BPCL,2017,4.72,6.85,30.85,23.76,8.72,1.16,0,23.71,Interest Bearing,0,14398.0,1.84,23.51,49.0,-6233.0,0.95,Moderate,7.59,Moderate,-45.22,+,-,+,Mixed,-8.7,,,32.87,,,30.5,,,NORMAL,INSUFFICIENT,INSUFFICIENT,NORMAL,INSUFFICIENT,INSUFFICIENT,NORMAL,INSUFFICIENT,INSUFFICIENT,33.33
BPCL,2018,4.15,6.49,26.74,22.97,8.14,1.03,0,15.38,Interest Bearing,0,13934.0,1.96,18.62,46.0,4002.0,1.13,High Quality,3.0,Asset Light,26.13,+,-,-,Shareholder Returns,-0.93,-0.52,,24.44,38.29,,24.05,39.33,,NORMAL,NORMAL,INSUFFICIENT,NORMAL,NORMAL,INSUFFICIENT,NORMAL,NORMAL,INSUFFICIENT,77.78
BPCL,2019,2.86,5.07,22.0,19.52,6.23,1.16,0,10.25,Interest Bearing,0,19932.0,2.18,19.71,48.0,-294.0,1.19,High Quality,3.5,Moderate,-1.95,+,-,+,Mixed,16.66,2.44,,1.78,16.04,,-1.79,14.87,,NORMAL,NORMAL,INSUFFICIENT,NORMAL,NORMAL,INSUFFICIENT,NORMAL,NORMAL,INSUFFICIENT,66.67
BPCL,2020,1.29,3.15,10.04,7.58,2.43,1.79,0,3.93,Interest Bearing,0,38447.0,1.89,18.57,106.0,-3254.0,2.15,High Quality,3.91,Moderate,-36.26,+,-,+,Mixed,12.24,3.24,,-27.21,-6.32,,-29.53,-8.64,,NORMAL,NORMAL,INSUFFICIENT,NORMAL,NORMAL,INSUFFICIENT,NORMAL,NORMAL,INSUFFICIENT,22.22
BPCL,2021,7.52,9.12,32.34,24.76,10.76,1.02,0,16.54,Interest Bearing,0,27764.0,1.43,25.59,102.0,20981.0,1.35,High Quality,1.07,Asset Light,99.9,+,-,-,Shareholder Returns,-0.82,4.15,,20.94,16.45,,20.78,14.26,,NORMAL,NORMAL,INSUFFICIENT,NORMAL,NORMAL,INSUFFICIENT,NORMAL,NORMAL,INSUFFICIENT,77.78
BPCL,2022,3.37,5.52,22.51,18.44,6.23,1.24,0,9.24,Interest Bearing,0,40918.0,1.85,24.38,29.0,12198.0,1.74,High Quality,2.35,Asset Light,63.74,+,-,-,Shareholder Returns,5.16,11.5,,11.06,4.21,,14.47,6.19,,NORMAL,NORMAL,INSUFFICIENT,NORMAL,NORMAL,INSUFFICIENT,NORMAL,NORMAL,INSUFFICIENT,66.67
BPCL,2023,0.45,2.3,3.98,7.48,1.13,1.3,0,3.45,Interest Bearing,0,42598.0,2.52,25.14,40.0,4660.0,5.85,High Quality,1.65,Asset Light,42.76,+,-,-,Shareholder Returns,18.47,14.94,6.93,-16.54,-26.29,0.96,-10.61,-24.95,2.26,NORMAL,NORMAL,NORMAL,NORMAL,NORMAL,NORMAL,NORMAL,NORMAL,NORMAL,44.44
BPCL,2024,5.99,9.84,35.51,32.99,13.27,0.72,0,11.36,Interest Bearing,0,27968.0,2.21,35.41,33.0,25415.0,1.34,High Quality,2.35,Asset Light,57.65,+,-,-,Shareholder Returns,24.86,8.48,5.42,15.75,25.79,20.82,18.78,28.06,21.29,NORMAL,NORMAL,NORMAL,NORMAL,NORMAL,NORMAL,NORMAL,NORMAL,NORMAL,88.89
BPCL,2024,5.99,9.84,34.83,31.59,12.72,0.76,0,11.36,Interest Bearing,0,31641.0,2.12,18.05,33.0,25415.0,1.34,High Quality,2.35,Asset Light,57.65,+,-,-,Shareholder Returns,24.86,8.48,5.42,15.75,25.79,20.82,18.78,28.06,21.29,NORMAL,NORMAL,NORMAL,NORMAL,NORMAL,NORMAL,NORMAL,NORMAL,NORMAL,88.89
BRITANNIA,2013,4.2,6.81,46.59,46.06,13.81,0.68,0,11.54,Interest Bearing,0,272.0,3.28,23.25,39.0,348.0,1.23,High Quality,0.45,Asset Light,82.66,+,+,-,Liquidating Assets,,,,,,,,,,INSUFFICIENT,INSUFFICIENT,INSUFFICIENT,INSUFFICIENT,INSUFFICIENT,INSUFFICIENT,INSUFFICIENT,INSUFFICIENT,INSUFFICIENT,66.67
BRITANNIA,2014,5.71,9.07,49.5,68.88,18.75,0.19,0,82.62,Interest Bearing,0,-48.0,3.28,33.25,36.0,425.0,1.7,High Quality,3.56,Moderate,67.78,+,-,-,Shareholder Returns,,,,,,,,,,INSUFFICIENT,INSUFFICIENT,INSUFFICIENT,INSUFFICIENT,INSUFFICIENT,INSUFFICIENT,INSUFFICIENT,INSUFFICIENT,INSUFFICIENT,66.67
BRITANNIA,2015,8.77,11.07,55.34,78.71,24.67,0.12,0,274.5,Interest Bearing,0,-373.0,2.81,51.88,28.0,134.0,0.85,Moderate,5.73,Moderate,15.4,+,-,-,Reinvestor,,,,,,,,,,INSUFFICIENT,INSUFFICIENT,INSUFFICIENT,INSUFFICIENT,INSUFFICIENT,INSUFFICIENT,INSUFFICIENT,INSUFFICIENT,INSUFFICIENT,55.56
BRITANNIA,2016,9.82,14.58,39.44,60.01,23.61,0.06,0,267.8,Interest Bearing,0,-657.0,2.4,87.17,29.0,254.0,1.16,High Quality,8.4,Capital Intensive,20.75,+,-,-,Shareholder Returns,10.73,,,46.95,,,45.67,,,NORMAL,INSUFFICIENT,INSUFFICIENT,NORMAL,INSUFFICIENT,INSUFFICIENT,NORMAL,INSUFFICIENT,INSUFFICIENT,66.67
BRITANNIA,2017,9.77,14.12,32.83,50.48,21.54,0.05,0,285.8,Interest Bearing,0,-362.0,2.2,112.33,30.0,291.0,0.5,Accrual Risk,1.66,Asset Light,22.77,+,-,-,Reinvestor,9.41,,,30.85,,,32.24,,,NORMAL,INSUFFICIENT,INSUFFICIENT,NORMAL,INSUFFICIENT,INSUFFICIENT,NORMAL,INSUFFICIENT,INSUFFICIENT,55.56
BRITANNIA,2018,10.13,15.14,29.48,45.99,19.35,0.06,0,208.38,Interest Bearing,0,-878.0,1.91,141.92,30.0,292.0,1.24,High Quality,9.65,Capital Intensive,19.45,+,-,-,Shareholder Returns,8.06,9.9,,13.37,31.02,,13.14,30.73,,NORMAL,NORMAL,INSUFFICIENT,NORMAL,NORMAL,INSUFFICIENT,NORMAL,NORMAL,INSUFFICIENT,88.89
BRITANNIA,2019,10.45,15.67,27.16,43.75,18.52,0.04,0,215.33,Interest Bearing,0,-1320.0,1.77,177.21,31.0,304.0,1.0,High Quality,7.71,Moderate,17.55,+,-,-,Shareholder Returns,9.6,9.84,,11.87,23.94,,12.18,24.57,,NORMAL,NORMAL,INSUFFICIENT,NORMAL,NORMAL,INSUFFICIENT,NORMAL,NORMAL,INSUFFICIENT,88.89
BRITANNIA,2020,12.02,15.89,31.66,34.15,17.8,0.35,0,27.35,Interest Bearing,0,-1355.0,1.48,183.46,60.0,-41.0,1.07,High Quality,13.16,Capital Intensive,-2.22,+,-,+,Mixed,8.61,8.1,,16.35,15.14,,16.17,14.87,,NORMAL,NORMAL,INSUFFICIENT,NORMAL,NORMAL,INSUFFICIENT,NORMAL,NORMAL,INSUFFICIENT,77.78
BRITANNIA,2021,14.09,19.1,52.17,47.81,23.14,0.6,0,25.42,Interest Bearing,0,-659.0,1.64,147.83,204.0,2309.0,1.01,High Quality,3.3,Moderate,92.03,+,+,-,Liquidating Assets,9.83,9.36,,22.62,17.54,,22.39,17.76,,NORMAL,NORMAL,INSUFFICIENT,NORMAL,NORMAL,INSUFFICIENT,NORMAL,NORMAL,INSUFFICIENT,88.89
BRITANNIA,2022,10.72,15.57,59.27,45.23,20.14,0.97,0,16.83,Interest Bearing,0,719.0,1.88,106.58,89.0,2214.0,0.86,Moderate,6.47,Moderate,100.59,+,+,-,Liquidating Assets,8.54,9.32,,9.49,11.37,,9.49,11.23,,NORMAL,NORMAL,INSUFFICIENT,NORMAL,NORMAL,INSUFFICIENT,NORMAL,NORMAL,INSUFFICIENT,77.78
BRITANNIA,2023,14.21,17.37,65.53,49.9,24.77,0.85,0,20.28,Interest Bearing,0,-327.0,1.74,147.25,75.0,1019.0,1.09,High Quality,9.24,Capital Intensive,35.99,+,-,-,Shareholder Returns,12.01,10.46,10.18,18.44,18.2,24.44,18.29,17.98,24.19,NORMAL,NORMAL,NORMAL,NORMAL,NORMAL,NORMAL,NORMAL,NORMAL,NORMAL,100.0
BRITANNIA,2024,12.73,18.89,54.15,53.51,23.52,0.52,0,20.6,Interest Bearing,0,-702.0,1.85,164.21,83.0,3050.0,1.21,High Quality,2.84,Asset Light,96.31,+,+,-,Liquidating Assets,8.48,8.69,9.27,4.86,13.06,18.37,4.95,13.14,18.72,NORMAL,NORMAL,NORMAL,NORMAL,NORMAL,NORMAL,NORMAL,NORMAL,NORMAL,88.89
BRITANNIA,2024,12.73,18.89,66.48,53.89,22.54,0.86,0,20.6,Interest Bearing,0,386.0,1.77,133.75,83.0,3050.0,1.21,High Quality,2.84,Asset Light,96.31,+,+,-,Liquidating Assets,8.48,8.69,9.27,4.86,13.06,18.37,4.95,13.14,18.72,NORMAL,NORMAL,NORMAL,NORMAL,NORMAL,NORMAL,NORMAL,NORMAL,NORMAL,88.89
CANBK,2013,8.79,21.18,11.9,0.97,0.71,14.94,1,2.18,Interest Bearing,0,248506.0,0.08,56.83,19.0,7575.0,2.67,High Quality,1.28,Asset Light,104.96,+,-,-,Shareholder Returns,,,,,,,,,,INSUFFICIENT,INSUFFICIENT,INSUFFICIENT,INSUFFICIENT,INSUFFICIENT,INSUFFICIENT,INSUFFICIENT,INSUFFICIENT,INSUFFICIENT,22.22
CANBK,2014,6.75,24.35,8.85,1.15,0.53,14.84,1,2.32,Interest Bearing,0,312468.0,0.08,65.46,19.0,13864.0,5.33,High Quality,0.96,Asset Light,143.88,+,-,-,Shareholder Returns,,,,,,,,,,INSUFFICIENT,INSUFFICIENT,INSUFFICIENT,INSUFFICIENT,INSUFFICIENT,INSUFFICIENT,INSUFFICIENT,INSUFFICIENT,INSUFFICIENT,22.22
CANBK,2015,6.69,23.51,9.02,1.05,0.52,15.37,1,2.18,Interest Bearing,0,347366.0,0.08,68.4,17.0,5240.0,2.16,High Quality,2.52,Asset Light,50.86,+,-,-,Shareholder Returns,,,,,,,,,,INSUFFICIENT,INSUFFICIENT,INSUFFICIENT,INSUFFICIENT,INSUFFICIENT,INSUFFICIENT,INSUFFICIENT,INSUFFICIENT,INSUFFICIENT,22.22
CANBK,2016,-5.76,40.38,-7.82,2.32,-0.45,15.63,1,3.37,Interest Bearing,0,354242.0,0.08,59.69,0.0,8903.0,3.69,High Quality,1.01,Asset Light,50.06,+,-,-,Shareholder Returns,8.93,,,,,,,,,NORMAL,INSUFFICIENT,INSUFFICIENT,DECLINE_TO_LOSS,INSUFFICIENT,INSUFFICIENT,DECLINE_TO_LOSS,INSUFFICIENT,INSUFFICIENT,33.33
CANBK,2017,3.4,37.85,4.07,1.37,0.24,15.42,1,2.0,Interest Bearing,0,372785.0,0.07,58.1,4.0,2099.0,1.82,High Quality,1.15,Asset Light,13.38,+,-,+,Mixed,1.56,,,-19.17,,,-20.63,,,NORMAL,INSUFFICIENT,INSUFFICIENT,NORMAL,INSUFFICIENT,INSUFFICIENT,NORMAL,INSUFFICIENT,INSUFFICIENT,22.22
CANBK,2018,-9.37,61.87,-10.5,3.02,-0.61,15.28,1,3.45,Interest Bearing,0,406312.0,0.07,50.34,0.0,-11607.0,2.87,High Quality,1.18,Asset Light,-45.37,-,-,+,Growth Funded by Debt,-1.91,3.95,,,,,,,,NORMAL,NORMAL,INSUFFICIENT,DECLINE_TO_LOSS,DECLINE_TO_LOSS,INSUFFICIENT,DECLINE_TO_LOSS,DECLINE_TO_LOSS,INSUFFICIENT,22.22
CANBK,2019,1.45,56.73,1.85,2.55,0.1,16.99,1,2.74,Interest Bearing,0,471488.0,0.07,50.05,0.0,17492.0,26.2,High Quality,1.55,Asset Light,64.3,+,-,-,Shareholder Returns,2.88,3.92,,,-23.59,,,-27.52,,NORMAL,NORMAL,INSUFFICIENT,TURNAROUND,NORMAL,INSUFFICIENT,TURNAROUND,NORMAL,INSUFFICIENT,22.22
CANBK,2020,-3.86,53.88,-4.66,2.11,-0.26,16.22,1,2.27,Interest Bearing,0,475525.0,0.07,40.01,0.0,-5734.0,2.75,High Quality,0.89,Asset Light,-21.39,-,-,+,Growth Funded by Debt,6.27,2.58,,,,,,,,NORMAL,NORMAL,INSUFFICIENT,DECLINE_TO_LOSS,DECLINE_TO_LOSS,INSUFFICIENT,DECLINE_TO_LOSS,DECLINE_TO_LOSS,INSUFFICIENT,11.11
CANBK,2021,4.21,61.83,4.74,1.81,0.25,17.0,1,1.88,Interest Bearing,0,774807.0,0.06,37.89,0.0,58002.0,19.99,High Quality,1.59,Asset Light,133.53,+,-,+,Mixed,19.33,9.79,,,,,,,,NORMAL,NORMAL,INSUFFICIENT,TURNAROUND,TURNAROUND,INSUFFICIENT,TURNAROUND,TURNAROUND,INSUFFICIENT,22.22
CANBK,2022,8.72,58.39,8.8,1.46,0.49,16.19,1,1.74,Interest Bearing,0,821279.0,0.06,38.57,19.0,-510.0,0.15,Accrual Risk,2.02,Asset Light,-1.24,+,-,+,Mixed,13.77,11.24,,106.83,34.27,,51.83,6.96,,NORMAL,NORMAL,INSUFFICIENT,NORMAL,NORMAL,INSUFFICIENT,NORMAL,NORMAL,INSUFFICIENT,22.22
CANBK,2023,13.21,49.8,14.53,1.33,0.82,15.85,1,1.69,Interest Bearing,0,884267.0,0.06,43.03,19.0,-41134.0,3.52,High Quality,1.35,Asset Light,-96.17,-,-,+,Growth Funded by Debt,19.95,15.74,9.69,,,14.25,,,0.0,NORMAL,NORMAL,NORMAL,TURNAROUND,TURNAROUND,NORMAL,TURNAROUND,TURNAROUND,NORMAL,22.22
CANBK,2024,13.94,41.75,16.72,1.2,1.0,14.87,1,1.61,Interest Bearing,0,970573.0,0.07,50.79,19.0,13296.0,0.98,Moderate,1.58,Asset Light,28.81,+,-,-,Reinvestor,16.3,18.18,10.82,73.34,85.78,19.14,61.98,53.42,5.45,NORMAL,NORMAL,NORMAL,NORMAL,NORMAL,NORMAL,NORMAL,NORMAL,NORMAL,55.56
CHOLAFIN,2013,11.98,26.77,15.78,4.09,1.69,7.82,1,706.0,Interest Bearing,0,15097.0,0.14,13.65,16.0,-3749.0,12.19,High Quality,0.19,Asset Light,-544.91,-,+,+,Distress Signal,,,,,,,,,,INSUFFICIENT,INSUFFICIENT,INSUFFICIENT,INSUFFICIENT,INSUFFICIENT,INSUFFICIENT,INSUFFICIENT,INSUFFICIENT,INSUFFICIENT,33.33
CHOLAFIN,2014,11.22,28.42,16.09,4.66,1.71,7.9,1,950.0,Interest Bearing,0,18036.0,0.15,15.99,14.0,-2530.0,6.65,High Quality,2.53,Asset Light,-271.46,-,-,+,Growth Funded by Debt,,,,,,,,,,INSUFFICIENT,INSUFFICIENT,INSUFFICIENT,INSUFFICIENT,INSUFFICIENT,INSUFFICIENT,INSUFFICIENT,INSUFFICIENT,INSUFFICIENT,33.33
CHOLAFIN,2015,11.95,28.56,16.6,4.77,1.86,7.46,1,,Debt Free,0,19925.0,0.16,18.58,11.0,-2304.0,5.1,High Quality,1.08,Asset Light,-217.15,-,-,+,Growth Funded by Debt,,,,,,,,,,INSUFFICIENT,INSUFFICIENT,INSUFFICIENT,INSUFFICIENT,INSUFFICIENT,INSUFFICIENT,INSUFFICIENT,INSUFFICIENT,INSUFFICIENT,22.22
CHOLAFIN,2016,13.64,30.04,15.67,4.9,2.06,6.14,1,643.5,Interest Bearing,0,22530.0,0.15,23.53,12.0,-2946.0,4.89,High Quality,3.25,Moderate,-232.7,-,-,+,Growth Funded by Debt,17.92,,,23.13,,,20.51,,,NORMAL,INSUFFICIENT,INSUFFICIENT,NORMAL,INSUFFICIENT,INSUFFICIENT,NORMAL,INSUFFICIENT,INSUFFICIENT,33.33
CHOLAFIN,2017,15.3,28.16,16.71,4.73,2.35,5.6,1,448.67,Interest Bearing,0,23889.0,0.15,27.55,12.0,-1690.0,2.04,High Quality,4.73,Moderate,-127.84,-,-,+,Growth Funded by Debt,12.7,,,24.96,,,21.64,,,NORMAL,INSUFFICIENT,INSUFFICIENT,NORMAL,INSUFFICIENT,INSUFFICIENT,NORMAL,INSUFFICIENT,INSUFFICIENT,33.33
CHOLAFIN,2018,16.51,26.1,17.91,3.4,2.08,7.48,1,,Debt Free,0,38307.0,0.13,32.85,11.0,-7986.0,8.63,High Quality,1.08,Asset Light,-550.38,-,-,+,Growth Funded by Debt,14.38,16.68,,27.4,24.41,,25.99,24.57,,NORMAL,NORMAL,INSUFFICIENT,NORMAL,NORMAL,INSUFFICIENT,NORMAL,NORMAL,INSUFFICIENT,55.56
CHOLAFIN,2019,16.84,22.96,19.28,2.92,2.08,8.15,1,1659.0,Interest Bearing,0,50525.0,0.12,39.79,8.0,-9328.0,7.78,High Quality,0.15,Asset Light,-571.57,-,-,+,Growth Funded by Debt,19.04,16.74,,27.69,26.6,,28.92,24.57,,NORMAL,NORMAL,INSUFFICIENT,NORMAL,NORMAL,INSUFFICIENT,NORMAL,NORMAL,INSUFFICIENT,66.67
CHOLAFIN,2020,12.1,27.79,12.85,3.86,1.65,6.71,1,,Debt Free,0,54972.0,0.14,50.0,13.0,-2129.0,1.97,High Quality,0.62,Asset Light,-87.94,-,-,+,Growth Funded by Debt,22.89,18.59,,13.65,18.88,,13.04,16.72,,NORMAL,NORMAL,INSUFFICIENT,NORMAL,NORMAL,INSUFFICIENT,NORMAL,NORMAL,INSUFFICIENT,44.44
CHOLAFIN,2021,15.87,30.4,15.84,3.93,2.04,6.64,1,52.41,Interest Bearing,0,62147.0,0.13,58.54,11.0,-10594.0,5.82,High Quality,18.22,Capital Intensive,-363.68,-,-,+,Growth Funded by Debt,19.9,17.86,,18.33,21.48,,16.55,22.1,,NORMAL,NORMAL,INSUFFICIENT,NORMAL,NORMAL,INSUFFICIENT,NORMAL,NORMAL,INSUFFICIENT,66.67
CHOLAFIN,2022,21.23,28.83,18.3,3.55,2.61,5.88,1,35.18,Interest Bearing,0,67119.0,0.12,71.76,8.0,-3931.0,2.59,High Quality,16.16,Capital Intensive,-134.35,-,+,+,Distress Signal,12.6,16.67,,21.63,24.57,,20.12,23.64,,NORMAL,NORMAL,INSUFFICIENT,NORMAL,NORMAL,INSUFFICIENT,NORMAL,NORMAL,INSUFFICIENT,66.67
CHOLAFIN,2023,20.68,28.1,18.58,3.07,2.35,6.79,1,16.58,Interest Bearing,0,93796.0,0.11,87.48,6.0,-29253.0,10.17,High Quality,16.67,Capital Intensive,-807.87,-,-,+,Growth Funded by Debt,13.93,18.31,17.49,36.23,23.76,24.08,35.02,21.67,23.11,NORMAL,NORMAL,NORMAL,NORMAL,NORMAL,NORMAL,NORMAL,NORMAL,NORMAL,66.67
CHOLAFIN,2024,17.85,28.1,17.46,3.35,2.18,6.86,1,21.21,Interest Bearing,0,130439.0,0.12,116.62,5.0,-38538.0,10.43,High Quality,14.9,Capital Intensive,-715.65,-,-,+,Growth Funded by Debt,25.99,21.94,19.31,31.01,23.36,24.97,29.22,22.28,23.42,NORMAL,NORMAL,NORMAL,NORMAL,NORMAL,NORMAL,NORMAL,NORMAL,NORMAL,66.67
CHOLAFIN,2024,17.85,28.1,15.97,2.87,1.88,7.38,1,21.21,Interest Bearing,0,152156.0,0.11,127.45,5.0,-38538.0,10.43,High Quality,14.9,Capital Intensive,-715.65,-,-,+,Growth Funded by Debt,25.99,21.94,19.31,31.01,23.36,24.97,29.22,22.28,23.42,NORMAL,NORMAL,NORMAL,NORMAL,NORMAL,NORMAL,NORMAL,NORMAL,NORMAL,66.67
CIPLA,2013,18.66,73.26,17.13,58.55,13.25,0.11,0,24.87,Interest Bearing,0,-1565.0,0.71,56.02,10.0,-665.0,0.9,Moderate,24.92,Capital Intensive,-10.96,+,-,+,Mixed,,,,,,,,,,INSUFFICIENT,INSUFFICIENT,INSUFFICIENT,INSUFFICIENT,INSUFFICIENT,INSUFFICIENT,INSUFFICIENT,INSUFFICIENT,INSUFFICIENT,44.44
CIPLA,2014,13.8,78.9,13.97,69.0,10.48,0.12,0,32.06,Interest Bearing,0,539.0,0.76,62.43,12.0,298.0,1.11,High Quality,12.43,Capital Intensive,3.71,+,-,-,Shareholder Returns,,,,,,,,,,INSUFFICIENT,INSUFFICIENT,INSUFFICIENT,INSUFFICIENT,INSUFFICIENT,INSUFFICIENT,INSUFFICIENT,INSUFFICIENT,INSUFFICIENT,55.56
CIPLA,2015,10.83,80.94,11.38,72.28,7.84,0.16,0,56.11,Interest Bearing,0,1063.0,0.72,67.09,14.0,223.0,0.95,Moderate,8.37,Capital Intensive,2.43,+,-,+,Mixed,,,,,,,,,,INSUFFICIENT,INSUFFICIENT,INSUFFICIENT,INSUFFICIENT,INSUFFICIENT,INSUFFICIENT,INSUFFICIENT,INSUFFICIENT,INSUFFICIENT,44.44
CIPLA,2016,10.03,82.02,12.01,66.51,6.57,0.45,0,54.46,Interest Bearing,0,4443.0,0.66,71.53,12.0,-2792.0,1.26,High Quality,32.87,Capital Intensive,-24.69,+,-,+,Mixed,18.54,,,-3.62,,,-3.64,,,NORMAL,INSUFFICIENT,INSUFFICIENT,NORMAL,INSUFFICIENT,INSUFFICIENT,NORMAL,INSUFFICIENT,INSUFFICIENT,44.44
CIPLA,2017,7.19,82.66,8.25,70.28,4.96,0.33,0,57.28,Interest Bearing,0,3140.0,0.69,77.91,16.0,1078.0,2.3,High Quality,9.06,Capital Intensive,9.06,+,-,-,Shareholder Returns,12.26,,,-9.66,,,-8.55,,,NORMAL,INSUFFICIENT,INSUFFICIENT,NORMAL,INSUFFICIENT,INSUFFICIENT,NORMAL,INSUFFICIENT,INSUFFICIENT,55.56
CIPLA,2018,9.35,81.35,9.96,65.85,6.25,0.29,0,44.1,Interest Bearing,0,2839.0,0.67,88.38,17.0,629.0,1.03,High Quality,5.5,Moderate,5.1,+,-,-,Shareholder Returns,10.14,12.86,,4.86,-1.71,,6.27,-1.08,,NORMAL,NORMAL,INSUFFICIENT,NORMAL,NORMAL,INSUFFICIENT,NORMAL,NORMAL,INSUFFICIENT,66.67
CIPLA,2019,9.12,81.07,9.94,66.26,6.28,0.29,0,27.85,Interest Bearing,0,1762.0,0.69,93.24,16.0,3.0,1.13,High Quality,10.32,Capital Intensive,0.02,+,-,-,Shareholder Returns,5.87,9.97,,2.56,1.22,,3.78,2.25,,NORMAL,NORMAL,INSUFFICIENT,NORMAL,NORMAL,INSUFFICIENT,NORMAL,NORMAL,INSUFFICIENT,55.56
CIPLA,2020,8.76,81.29,9.52,73.21,6.4,0.18,0,40.54,Interest Bearing,0,1345.0,0.73,97.91,21.0,3182.0,2.05,High Quality,0.67,Asset Light,22.85,+,+,-,Liquidating Assets,5.98,8.59,,13.17,4.07,,13.48,4.84,,NORMAL,NORMAL,INSUFFICIENT,NORMAL,NORMAL,INSUFFICIENT,NORMAL,NORMAL,INSUFFICIENT,55.56
CIPLA,2021,12.47,77.8,13.04,72.09,9.61,0.11,0,56.12,Interest Bearing,0,-696.0,0.77,113.83,17.0,1381.0,1.57,High Quality,12.39,Capital Intensive,9.26,+,-,-,Shareholder Returns,8.13,6.8,,19.02,11.55,,18.56,12.03,,NORMAL,NORMAL,INSUFFICIENT,NORMAL,NORMAL,INSUFFICIENT,NORMAL,NORMAL,INSUFFICIENT,77.78
CIPLA,2022,11.7,79.08,12.22,78.24,9.48,0.05,0,174.06,Interest Bearing,0,-1495.0,0.81,129.45,16.0,1468.0,1.31,High Quality,8.54,Capital Intensive,8.53,+,-,-,Shareholder Returns,9.98,8.62,,19.51,19.73,,17.73,18.98,,NORMAL,NORMAL,INSUFFICIENT,NORMAL,NORMAL,INSUFFICIENT,NORMAL,NORMAL,INSUFFICIENT,77.78
CIPLA,2023,12.45,77.91,12.1,72.1,9.67,0.03,0,60.57,Interest Bearing,0,-2859.0,0.78,145.39,24.0,862.0,1.14,High Quality,10.44,Capital Intensive,4.86,+,-,-,Shareholder Returns,9.92,8.47,10.64,23.61,14.86,6.25,22.59,14.22,6.3,NORMAL,NORMAL,NORMAL,NORMAL,NORMAL,NORMAL,NORMAL,NORMAL,NORMAL,77.78
CIPLA,2024,16.12,75.59,15.55,69.52,12.77,0.02,0,35.34,Interest Bearing,0,-4890.0,0.79,165.88,25.0,1152.0,1.0,Moderate,11.57,Capital Intensive,5.91,+,-,-,Shareholder Returns,10.39,9.51,9.74,20.25,22.73,11.46,19.35,21.83,11.61,NORMAL,NORMAL,NORMAL,NORMAL,NORMAL,NORMAL,NORMAL,NORMAL,NORMAL,88.89
CIPLA,2024,16.12,75.59,14.65,65.76,11.99,0.02,0,35.34,Interest Bearing,0,-4534.0,0.74,175.08,25.0,1152.0,1.0,Moderate,11.57,Capital Intensive,5.91,+,-,-,Shareholder Returns,10.39,9.51,9.74,20.25,22.73,11.46,19.35,21.83,11.61,NORMAL,NORMAL,NORMAL,NORMAL,NORMAL,NORMAL,NORMAL,NORMAL,NORMAL,77.78
COALINDIA,2013,25.41,73.52,35.81,83.35,15.64,0.03,0,5.74,Interest Bearing,0,-1090.0,0.62,7.67,51.0,7276.0,0.52,Moderate,2.68,Asset Light,14.49,+,-,-,Reinvestor,,,,,,,,,,INSUFFICIENT,INSUFFICIENT,INSUFFICIENT,INSUFFICIENT,INSUFFICIENT,INSUFFICIENT,INSUFFICIENT,INSUFFICIENT,INSUFFICIENT,55.56
COALINDIA,2014,21.4,74.84,35.64,107.32,14.4,0.0,0,7.37,Interest Bearing,0,-3597.0,0.67,6.71,121.0,23105.0,0.96,Moderate,12.15,Capital Intensive,43.72,+,+,-,Liquidating Assets,,,,,,,,,,INSUFFICIENT,INSUFFICIENT,INSUFFICIENT,INSUFFICIENT,INSUFFICIENT,INSUFFICIENT,INSUFFICIENT,INSUFFICIENT,INSUFFICIENT,55.56
COALINDIA,2015,18.52,76.6,34.02,123.23,12.34,0.01,0,8.65,Interest Bearing,0,-2405.0,0.67,6.39,95.0,15276.0,1.05,High Quality,1.21,Asset Light,26.91,+,+,-,Liquidating Assets,,,,,,,,,,INSUFFICIENT,INSUFFICIENT,INSUFFICIENT,INSUFFICIENT,INSUFFICIENT,INSUFFICIENT,INSUFFICIENT,INSUFFICIENT,INSUFFICIENT,66.67
COALINDIA,2016,18.32,75.96,40.96,147.74,12.56,0.03,0,9.96,Interest Bearing,0,-1707.0,0.69,5.52,121.0,21308.0,0.92,Moderate,10.47,Capital Intensive,36.03,+,+,-,Liquidating Assets,4.46,,,-6.32,,,-5.2,,,NORMAL,INSUFFICIENT,INSUFFICIENT,NORMAL,INSUFFICIENT,INSUFFICIENT,NORMAL,INSUFFICIENT,INSUFFICIENT,55.56
COALINDIA,2017,11.87,84.07,37.85,219.44,7.83,0.12,0,12.36,Interest Bearing,0,1531.0,0.66,3.95,133.0,16916.0,1.77,High Quality,0.58,Asset Light,25.74,+,+,-,Liquidating Assets,3.45,,,-15.0,,,-14.5,,,NORMAL,INSUFFICIENT,INSUFFICIENT,NORMAL,INSUFFICIENT,INSUFFICIENT,NORMAL,INSUFFICIENT,INSUFFICIENT,66.67
COALINDIA,2018,8.26,89.1,34.88,326.91,5.61,0.08,0,15.27,Interest Bearing,0,-166.0,0.68,3.25,146.0,13368.0,3.0,High Quality,9.09,Capital Intensive,17.6,+,-,-,Shareholder Returns,4.77,4.53,,-19.96,-16.52,,-20.63,-16.44,,NORMAL,NORMAL,INSUFFICIENT,NORMAL,NORMAL,INSUFFICIENT,NORMAL,NORMAL,INSUFFICIENT,66.67
COALINDIA,2019,17.54,74.89,66.01,239.91,13.13,0.08,0,12.79,Interest Bearing,0,-960.0,0.75,4.29,46.0,8460.0,0.94,Moderate,7.93,Moderate,11.34,+,-,-,Reinvestor,8.55,7.12,,6.97,2.94,,6.78,3.13,,NORMAL,NORMAL,INSUFFICIENT,NORMAL,NORMAL,INSUFFICIENT,NORMAL,NORMAL,INSUFFICIENT,55.56
COALINDIA,2020,17.38,77.54,51.93,176.41,11.13,0.2,0,11.56,Interest Bearing,0,4461.0,0.64,5.22,44.0,6010.0,0.3,Accrual Risk,1.08,Asset Light,8.07,+,+,-,Liquidating Assets,7.12,5.33,,21.63,4.0,,21.64,4.18,,NORMAL,NORMAL,INSUFFICIENT,NORMAL,NORMAL,INSUFFICIENT,NORMAL,NORMAL,INSUFFICIENT,55.56
COALINDIA,2021,14.11,79.31,34.78,159.61,7.89,0.16,0,19.09,Interest Bearing,0,-66.0,0.56,5.93,78.0,10774.0,0.83,Moderate,0.2,Asset Light,15.09,+,+,-,Liquidating Assets,1.84,2.95,,21.75,-2.3,,24.05,-1.8,,NORMAL,NORMAL,INSUFFICIENT,NORMAL,NORMAL,INSUFFICIENT,NORMAL,NORMAL,INSUFFICIENT,55.56
COALINDIA,2022,15.84,77.47,40.28,173.93,9.68,0.08,0,21.99,Interest Bearing,0,-5407.0,0.61,7.0,60.0,15392.0,2.37,High Quality,23.44,Capital Intensive,18.11,+,-,-,Shareholder Returns,3.28,7.02,,-0.16,13.37,,0.0,13.3,,NORMAL,NORMAL,INSUFFICIENT,NORMAL,NORMAL,INSUFFICIENT,NORMAL,NORMAL,INSUFFICIENT,88.89
COALINDIA,2023,22.95,68.01,52.14,134.24,14.33,0.07,0,14.34,Interest Bearing,0,-2808.0,0.62,9.87,47.0,12269.0,1.13,High Quality,16.97,Capital Intensive,13.05,+,-,-,Shareholder Returns,12.9,10.15,7.31,23.85,35.14,6.22,24.42,36.43,6.77,NORMAL,NORMAL,NORMAL,NORMAL,NORMAL,NORMAL,NORMAL,NORMAL,NORMAL,100.0
COALINDIA,2024,26.26,66.29,45.17,96.34,15.8,0.08,0,11.24,Interest Bearing,0,-587.0,0.6,13.42,42.0,13617.0,0.48,Accrual Risk,3.15,Moderate,14.43,+,-,-,Reinvestor,16.49,7.4,7.26,43.29,16.43,9.48,42.68,16.85,9.78,NORMAL,NORMAL,NORMAL,NORMAL,NORMAL,NORMAL,NORMAL,NORMAL,NORMAL,77.78
COALINDIA,2024,26.26,66.29,38.85,82.67,14.99,0.08,0,11.24,Interest Bearing,0,-1242.0,0.57,15.61,42.0,13617.0,0.48,Accrual Risk,3.15,Moderate,14.43,+,-,-,Reinvestor,16.49,7.4,7.26,43.29,16.43,9.48,42.68,16.85,9.78,NORMAL,NORMAL,NORMAL,NORMAL,NORMAL,NORMAL,NORMAL,NORMAL,NORMAL,77.78
DABUR,2013,12.48,16.16,36.56,31.82,16.27,0.55,0,18.51,Interest Bearing,0,222.0,1.3,12.04,34.0,248.0,1.14,High Quality,10.13,Capital Intensive,25.0,+,-,-,Shareholder Returns,,,,,,,,,,INSUFFICIENT,INSUFFICIENT,INSUFFICIENT,INSUFFICIENT,INSUFFICIENT,INSUFFICIENT,INSUFFICIENT,INSUFFICIENT,INSUFFICIENT,66.67
DABUR,2014,12.98,16.46,34.49,36.68,17.24,0.27,0,23.85,Interest Bearing,0,-368.0,1.33,15.26,33.0,994.0,1.2,High Quality,1.47,Asset Light,85.54,+,-,-,Shareholder Returns,,,,,,,,,,INSUFFICIENT,INSUFFICIENT,INSUFFICIENT,INSUFFICIENT,INSUFFICIENT,INSUFFICIENT,INSUFFICIENT,INSUFFICIENT,INSUFFICIENT,66.67
DABUR,2015,13.7,16.93,31.84,35.08,17.49,0.22,0,36.85,Interest Bearing,0,-1079.0,1.28,19.06,33.0,171.0,0.98,Moderate,11.24,Capital Intensive,12.95,+,-,-,Reinvestor,,,,,,,,,,INSUFFICIENT,INSUFFICIENT,INSUFFICIENT,INSUFFICIENT,INSUFFICIENT,INSUFFICIENT,INSUFFICIENT,INSUFFICIENT,INSUFFICIENT,55.56
DABUR,2016,16.12,19.51,30.06,33.9,18.09,0.19,0,36.15,Interest Bearing,0,-1886.0,1.12,23.7,32.0,457.0,0.95,Moderate,9.38,Capital Intensive,30.11,+,-,-,Reinvestor,8.21,,,17.86,,,20.51,,,NORMAL,INSUFFICIENT,INSUFFICIENT,NORMAL,INSUFFICIENT,INSUFFICIENT,NORMAL,INSUFFICIENT,INSUFFICIENT,55.56
DABUR,2017,16.81,19.86,26.41,30.13,16.55,0.2,0,33.48,Interest Bearing,0,-2265.0,0.98,27.54,31.0,420.0,0.96,Moderate,10.6,Capital Intensive,27.78,+,-,-,Reinvestor,2.56,,,11.8,,,11.87,,,NORMAL,INSUFFICIENT,INSUFFICIENT,NORMAL,INSUFFICIENT,INSUFFICIENT,NORMAL,INSUFFICIENT,INSUFFICIENT,55.56
DABUR,2018,17.59,20.94,23.8,27.92,15.61,0.16,0,36.0,Interest Bearing,0,-2867.0,0.89,32.42,81.0,551.0,0.8,Moderate,7.01,Moderate,34.08,+,-,-,Reinvestor,-0.31,4.69,,8.34,12.13,,10.06,14.87,,NORMAL,NORMAL,INSUFFICIENT,NORMAL,NORMAL,INSUFFICIENT,NORMAL,NORMAL,INSUFFICIENT,77.78
DABUR,2019,16.98,20.43,25.67,30.04,17.14,0.12,0,32.7,Interest Bearing,0,-2660.0,1.01,31.82,34.0,1837.0,1.04,High Quality,3.97,Moderate,105.57,+,+,-,Liquidating Assets,3.05,3.82,,4.86,9.56,,4.55,9.86,,NORMAL,NORMAL,INSUFFICIENT,NORMAL,NORMAL,INSUFFICIENT,NORMAL,NORMAL,INSUFFICIENT,66.67
DABUR,2020,16.67,20.63,21.92,27.31,15.51,0.08,0,39.94,Interest Bearing,0,-2278.0,0.93,37.32,37.0,1097.0,1.11,High Quality,5.95,Moderate,61.22,+,-,-,Shareholder Returns,4.48,2.19,,4.2,6.28,,4.55,5.92,,NORMAL,NORMAL,INSUFFICIENT,NORMAL,NORMAL,INSUFFICIENT,NORMAL,NORMAL,INSUFFICIENT,66.67
DABUR,2021,17.73,20.94,22.12,28.09,15.65,0.07,0,75.06,Interest Bearing,0,-3651.0,0.88,43.3,50.0,711.0,1.25,High Quality,14.68,Capital Intensive,35.51,+,-,-,Shareholder Returns,7.38,4.21,,7.67,6.21,,7.72,7.39,,NORMAL,NORMAL,INSUFFICIENT,NORMAL,NORMAL,INSUFFICIENT,NORMAL,NORMAL,INSUFFICIENT,66.67
DABUR,2022,16.0,20.68,20.78,26.78,14.18,0.12,0,65.64,Interest Bearing,0,-5190.0,0.89,47.36,53.0,529.0,1.03,High Quality,11.69,Capital Intensive,23.49,+,-,-,Shareholder Returns,8.54,7.42,,6.4,6.36,,7.72,7.39,,NORMAL,NORMAL,INSUFFICIENT,NORMAL,NORMAL,INSUFFICIENT,NORMAL,NORMAL,INSUFFICIENT,66.67
DABUR,2023,14.75,18.75,18.96,24.92,12.46,0.13,0,33.42,Interest Bearing,0,-5091.0,0.84,50.69,54.0,905.0,0.87,Moderate,5.06,Moderate,41.86,+,-,-,Reinvestor,9.91,8.35,6.5,5.51,4.61,8.3,7.72,4.56,9.6,NORMAL,NORMAL,NORMAL,NORMAL,NORMAL,NORMAL,NORMAL,NORMAL,NORMAL,55.56
DABUR,2024,14.6,19.35,18.36,24.56,11.98,0.14,0,23.24,Interest Bearing,0,-5568.0,0.82,55.74,53.0,1042.0,1.11,High Quality,7.83,Moderate,43.42,+,-,-,Shareholder Returns,9.06,7.81,5.8,2.23,4.6,7.05,0.0,4.56,7.18,NORMAL,NORMAL,NORMAL,NORMAL,NORMAL,NORMAL,NORMAL,NORMAL,NORMAL,66.67
DABUR,2024,14.6,19.35,17.48,22.77,11.06,0.17,0,23.24,Interest Bearing,0,-5847.0,0.76,58.54,53.0,1042.0,1.11,High Quality,7.83,Moderate,43.42,+,-,-,Shareholder Returns,9.06,7.81,5.8,2.23,4.6,7.05,0.0,4.56,7.18,NORMAL,NORMAL,NORMAL,NORMAL,NORMAL,NORMAL,NORMAL,NORMAL,NORMAL,66.67
DIVISLAB,2013,28.07,38.04,24.07,33.86,19.18,0.01,0,287.0,Interest Bearing,0,-375.0,0.68,92.63,33.0,225.0,0.8,Moderate,11.89,Capital Intensive,27.57,+,-,-,Reinvestor,,,,,,,,,,INSUFFICIENT,INSUFFICIENT,INSUFFICIENT,INSUFFICIENT,INSUFFICIENT,INSUFFICIENT,INSUFFICIENT,INSUFFICIENT,INSUFFICIENT,55.56
DIVISLAB,2014,30.53,40.21,26.08,36.32,20.84,0.01,0,362.0,Interest Bearing,0,-484.0,0.68,109.78,34.0,252.0,0.72,Moderate,12.05,Capital Intensive,24.75,+,-,-,Reinvestor,,,,,,,,,,INSUFFICIENT,INSUFFICIENT,INSUFFICIENT,INSUFFICIENT,INSUFFICIENT,INSUFFICIENT,INSUFFICIENT,INSUFFICIENT,INSUFFICIENT,55.56
DIVISLAB,2015,27.35,37.66,24.37,34.29,19.34,0.01,0,403.67,Interest Bearing,0,-706.0,0.71,129.48,31.0,305.0,0.97,Moderate,16.73,Capital Intensive,26.0,+,-,-,Reinvestor,,,,,,,,,,INSUFFICIENT,INSUFFICIENT,INSUFFICIENT,INSUFFICIENT,INSUFFICIENT,INSUFFICIENT,INSUFFICIENT,INSUFFICIENT,INSUFFICIENT,55.56
DIVISLAB,2016,29.82,37.69,26.23,34.86,22.99,0.01,0,303.2,Interest Bearing,0,-761.0,0.77,81.0,24.0,632.0,0.92,Moderate,10.75,Capital Intensive,44.41,+,-,-,Reinvestor,20.74,,,23.21,,,22.23,,,NORMAL,INSUFFICIENT,INSUFFICIENT,NORMAL,INSUFFICIENT,INSUFFICIENT,NORMAL,INSUFFICIENT,INSUFFICIENT,55.56
DIVISLAB,2017,26.08,35.68,19.79,28.17,17.22,0.01,0,507.33,Interest Bearing,0,-1595.0,0.66,101.08,25.0,10.0,1.08,High Quality,28.05,Capital Intensive,0.69,+,-,+,Mixed,17.08,,,11.1,,,11.32,,,NORMAL,INSUFFICIENT,INSUFFICIENT,NORMAL,INSUFFICIENT,INSUFFICIENT,NORMAL,INSUFFICIENT,INSUFFICIENT,66.67
DIVISLAB,2018,22.54,32.61,14.8,22.95,12.93,0.01,0,688.0,Interest Bearing,0,-1826.0,0.57,111.79,30.0,298.0,0.88,Moderate,12.28,Capital Intensive,23.48,+,-,-,Reinvestor,7.7,12.65,,0.97,7.82,,1.03,7.49,,NORMAL,NORMAL,INSUFFICIENT,NORMAL,NORMAL,INSUFFICIENT,NORMAL,NORMAL,INSUFFICIENT,55.56
DIVISLAB,2019,27.36,37.89,19.45,28.64,16.84,0.02,0,405.6,Interest Bearing,0,-1840.0,0.62,131.26,31.0,269.0,0.71,Moderate,13.85,Capital Intensive,14.35,+,-,-,Reinvestor,9.41,14.33,,6.31,11.85,,6.69,11.95,,NORMAL,NORMAL,INSUFFICIENT,NORMAL,NORMAL,INSUFFICIENT,NORMAL,NORMAL,INSUFFICIENT,88.89
DIVISLAB,2020,25.53,33.85,18.84,27.28,16.14,0.01,0,287.43,Interest Bearing,0,-932.0,0.63,137.92,31.0,1133.0,0.88,Moderate,1.54,Asset Light,62.05,+,-,-,Reinvestor,9.9,11.61,,9.11,10.08,,9.14,10.2,,NORMAL,NORMAL,INSUFFICIENT,NORMAL,NORMAL,INSUFFICIENT,NORMAL,NORMAL,INSUFFICIENT,88.89
DIVISLAB,2021,28.47,41.14,21.34,31.42,18.42,0.0,0,1462.0,Interest Bearing,0,5.0,0.65,175.38,27.0,2022.0,0.98,Moderate,1.08,Asset Light,70.53,+,+,-,Liquidating Assets,21.44,13.04,,31.27,12.0,,31.48,12.3,,NORMAL,NORMAL,INSUFFICIENT,NORMAL,NORMAL,INSUFFICIENT,NORMAL,NORMAL,INSUFFICIENT,88.89
DIVISLAB,2022,33.04,43.36,25.24,34.05,22.16,0.0,0,1998.5,Interest Bearing,0,-68.0,0.67,221.28,27.0,-283.0,0.65,Moderate,24.5,Capital Intensive,-7.28,+,-,-,Reinvestor,21.9,17.13,,29.82,22.8,,29.98,22.87,,NORMAL,NORMAL,INSUFFICIENT,NORMAL,NORMAL,INSUFFICIENT,NORMAL,NORMAL,INSUFFICIENT,77.78
DIVISLAB,2023,23.48,30.51,14.29,21.24,12.64,0.0,0,1357.0,Interest Bearing,0,-73.0,0.54,240.89,44.0,-248.0,1.35,High Quality,34.85,Capital Intensive,-10.46,+,-,-,Shareholder Returns,12.92,14.83,13.73,9.82,15.77,11.72,9.89,15.9,11.61,NORMAL,NORMAL,NORMAL,NORMAL,NORMAL,NORMAL,NORMAL,NORMAL,NORMAL,77.78
DIVISLAB,2024,20.4,28.17,11.79,18.72,10.35,0.0,0,636.25,Interest Bearing,0,-79.0,0.51,256.06,50.0,992.0,0.79,Moderate,3.43,Moderate,44.89,+,-,-,Reinvestor,4.03,9.66,11.97,-6.92,3.41,7.55,-7.17,3.3,7.54,NORMAL,NORMAL,NORMAL,NORMAL,NORMAL,NORMAL,NORMAL,NORMAL,NORMAL,44.44
DIVISLAB,2024,20.4,28.17,11.66,18.51,10.27,0.0,0,636.25,Interest Bearing,0,-77.0,0.5,258.81,50.0,992.0,0.79,Moderate,3.43,Moderate,44.89,+,-,-,Reinvestor,4.03,9.66,11.97,-6.92,3.41,7.55,-7.17,3.3,7.54,NORMAL,NORMAL,NORMAL,NORMAL,NORMAL,NORMAL,NORMAL,NORMAL,NORMAL,44.44
DLF,2013,8.58,33.87,2.59,3.05,1.03,1.03,0,1.69,Interest Bearing,0,25266.0,0.12,75.67,48.0,4004.0,3.01,High Quality,25.67,Capital Intensive,152.07,+,+,-,Liquidating Assets,,,,,,,,,,INSUFFICIENT,INSUFFICIENT,INSUFFICIENT,INSUFFICIENT,INSUFFICIENT,INSUFFICIENT,INSUFFICIENT,INSUFFICIENT,INSUFFICIENT,22.22
DLF,2014,7.11,30.04,2.15,2.26,0.91,0.88,0,1.47,Interest Bearing,1,23242.0,0.13,76.95,55.0,5392.0,2.49,High Quality,47.29,Capital Intensive,216.29,+,+,-,Liquidating Assets,,,,,,,,,,INSUFFICIENT,INSUFFICIENT,INSUFFICIENT,INSUFFICIENT,INSUFFICIENT,INSUFFICIENT,INSUFFICIENT,INSUFFICIENT,INSUFFICIENT,33.33
DLF,2015,6.63,39.4,1.85,2.34,0.77,0.89,0,1.53,Interest Bearing,0,23872.0,0.12,76.88,66.0,2135.0,4.02,High Quality,1.28,Asset Light,70.84,+,+,-,Liquidating Assets,,,,,,,,,,INSUFFICIENT,INSUFFICIENT,INSUFFICIENT,INSUFFICIENT,INSUFFICIENT,INSUFFICIENT,INSUFFICIENT,INSUFFICIENT,INSUFFICIENT,33.33
DLF,2016,3.07,39.96,1.27,3.63,0.49,1.05,0,1.67,Interest Bearing,0,3954.0,0.16,67.42,117.0,2139.0,9.7,High Quality,8.24,Capital Intensive,53.93,+,-,-,Shareholder Returns,8.49,,,-22.96,,,-20.63,,,NORMAL,INSUFFICIENT,INSUFFICIENT,NORMAL,INSUFFICIENT,INSUFFICIENT,NORMAL,INSUFFICIENT,INSUFFICIENT,22.22
DLF,2017,8.61,41.92,2.88,2.98,1.11,1.19,0,1.54,Interest Bearing,0,27993.0,0.13,68.83,50.0,-26.0,1.27,High Quality,10.61,Capital Intensive,-0.75,-,+,+,Distress Signal,-0.31,,,6.27,,,0.0,,,NORMAL,INSUFFICIENT,INSUFFICIENT,NORMAL,INSUFFICIENT,INSUFFICIENT,NORMAL,INSUFFICIENT,INSUFFICIENT,11.11
DLF,2018,66.75,35.46,12.68,17.33,7.39,0.5,0,4.1,Interest Bearing,0,-3341.0,0.11,98.91,8.0,-1832.0,0.06,Accrual Risk,31.34,Capital Intensive,-77.04,+,-,-,Reinvestor,-4.29,-2.91,,106.69,46.34,,102.74,44.27,,NORMAL,NORMAL,INSUFFICIENT,NORMAL,NORMAL,INSUFFICIENT,NORMAL,NORMAL,INSUFFICIENT,55.56
DLF,2019,15.71,25.68,3.91,1.71,1.98,0.51,0,1.42,Interest Bearing,1,-3783.0,0.13,76.14,33.0,2046.0,1.55,High Quality,0.04,Asset Light,95.25,+,+,+,Cash Accumulator,-5.54,0.16,,62.72,17.37,,44.22,8.45,,NORMAL,NORMAL,INSUFFICIENT,NORMAL,NORMAL,INSUFFICIENT,NORMAL,NORMAL,INSUFFICIENT,44.44
DLF,2020,-9.7,18.84,-1.71,2.01,-1.06,0.24,0,1.6,Interest Bearing,0,-10463.0,0.11,69.59,-85.0,6864.0,0.6,Moderate,106.99,Capital Intensive,598.95,+,+,-,Liquidating Assets,-9.55,-4.48,,,,,,,,NORMAL,NORMAL,INSUFFICIENT,DECLINE_TO_LOSS,DECLINE_TO_LOSS,INSUFFICIENT,DECLINE_TO_LOSS,DECLINE_TO_LOSS,INSUFFICIENT,22.22
DLF,2021,20.0,27.13,3.06,2.37,2.02,0.19,0,2.17,Interest Bearing,0,-12860.0,0.1,71.4,45.0,1610.0,1.35,High Quality,2.77,Asset Light,109.6,+,+,-,Liquidating Assets,-6.89,-11.42,,-37.69,28.84,,-45.71,14.87,,NORMAL,NORMAL,INSUFFICIENT,NORMAL,NORMAL,INSUFFICIENT,NORMAL,NORMAL,INSUFFICIENT,55.56
DLF,2022,26.24,30.49,4.13,3.24,2.93,0.12,0,3.1,Interest Bearing,0,-15597.0,0.11,73.46,49.0,3099.0,1.89,High Quality,4.67,Moderate,177.8,+,+,-,Liquidating Assets,-11.92,-7.01,,4.51,16.2,,0.0,8.45,,NORMAL,NORMAL,INSUFFICIENT,NORMAL,NORMAL,INSUFFICIENT,NORMAL,NORMAL,INSUFFICIENT,55.56
DLF,2023,35.72,30.31,5.4,4.02,3.87,0.09,0,5.21,Interest Bearing,0,-16147.0,0.11,76.14,49.0,1914.0,1.17,High Quality,8.09,Capital Intensive,110.89,+,-,-,Shareholder Returns,-2.17,-3.22,-3.06,,-14.6,11.8,,-20.38,7.18,NORMAL,NORMAL,NORMAL,TURNAROUND,NORMAL,NORMAL,TURNAROUND,NORMAL,NORMAL,44.44
DLF,2024,42.38,33.05,6.91,5.19,4.61,0.12,0,7.46,Interest Bearing,0,-15304.0,0.11,79.66,45.0,1010.0,0.93,Moderate,23.79,Capital Intensive,47.55,+,-,+,Mixed,5.88,-5.14,-2.52,36.0,15.7,16.53,40.1,12.89,10.65,NORMAL,NORMAL,NORMAL,NORMAL,NORMAL,NORMAL,NORMAL,NORMAL,NORMAL,55.56
DLF,2024,42.38,33.05,6.77,5.16,4.35,0.11,0,7.46,Interest Bearing,0,-16610.0,0.1,81.27,45.0,1010.0,0.93,Moderate,23.79,Capital Intensive,47.55,+,-,+,Mixed,5.88,-5.14,-2.52,36.0,15.7,16.53,40.1,12.89,10.65,NORMAL,NORMAL,NORMAL,NORMAL,NORMAL,NORMAL,NORMAL,NORMAL,NORMAL,55.56
DMART,2013,2.81,6.44,11.91,14.22,6.3,0.67,0,5.35,Interest Bearing,0,510.0,2.24,1.45,0.0,-104.0,1.35,High Quality,6.91,Moderate,-48.37,+,-,+,Mixed,,,,,,,,,,INSUFFICIENT,INSUFFICIENT,INSUFFICIENT,INSUFFICIENT,INSUFFICIENT,INSUFFICIENT,INSUFFICIENT,INSUFFICIENT,INSUFFICIENT,33.33
DMART,2014,3.44,7.28,16.84,18.85,8.9,0.67,0,6.38,Interest Bearing,0,625.0,2.59,1.75,0.0,-72.0,1.23,High Quality,5.76,Moderate,-21.11,+,-,+,Mixed,,,,,,,,,,INSUFFICIENT,INSUFFICIENT,INSUFFICIENT,INSUFFICIENT,INSUFFICIENT,INSUFFICIENT,INSUFFICIENT,INSUFFICIENT,INSUFFICIENT,55.56
DMART,2015,3.29,7.08,17.67,19.2,9.0,0.75,0,6.61,Interest Bearing,0,889.0,2.73,2.14,0.0,-252.0,1.05,High Quality,7.36,Moderate,-55.26,+,-,+,Mixed,,,,,,,,,,INSUFFICIENT,INSUFFICIENT,INSUFFICIENT,INSUFFICIENT,INSUFFICIENT,INSUFFICIENT,INSUFFICIENT,INSUFFICIENT,INSUFFICIENT,55.56
DMART,2016,3.73,7.74,21.04,21.75,10.32,0.78,0,7.48,Interest Bearing,0,1163.0,2.77,2.71,0.0,-200.0,1.35,High Quality,7.37,Moderate,-30.12,+,-,+,Mixed,36.96,,,50.43,,,44.22,,,NORMAL,INSUFFICIENT,INSUFFICIENT,NORMAL,INSUFFICIENT,INSUFFICIENT,NORMAL,INSUFFICIENT,INSUFFICIENT,55.56
DMART,2017,4.03,8.14,12.47,16.39,8.23,0.39,0,8.17,Interest Bearing,0,1471.0,2.04,6.16,0.0,-2027.0,0.95,Moderate,20.86,Capital Intensive,-209.18,+,-,+,Mixed,36.42,,,43.83,,,38.67,,,NORMAL,INSUFFICIENT,INSUFFICIENT,NORMAL,INSUFFICIENT,INSUFFICIENT,NORMAL,INSUFFICIENT,INSUFFICIENT,33.33
DMART,2018,5.36,9.0,17.26,27.04,14.27,0.09,0,24.02,Interest Bearing,0,371.0,2.66,7.48,0.0,1194.0,0.91,Moderate,3.09,Moderate,88.25,+,+,-,Liquidating Assets,32.66,35.09,,56.07,53.69,,48.12,45.41,,NORMAL,NORMAL,INSUFFICIENT,NORMAL,NORMAL,INSUFFICIENT,NORMAL,NORMAL,INSUFFICIENT,88.89
DMART,2019,4.51,8.16,16.14,25.99,12.87,0.13,0,35.77,Interest Bearing,0,683.0,2.86,8.95,0.0,-151.0,0.89,Moderate,4.79,Moderate,-9.25,+,-,+,Mixed,32.58,33.68,,41.26,41.15,,32.64,36.08,,NORMAL,NORMAL,INSUFFICIENT,NORMAL,NORMAL,INSUFFICIENT,NORMAL,NORMAL,INSUFFICIENT,77.78
DMART,2020,5.23,8.56,11.74,18.57,10.77,0.03,0,31.71,Interest Bearing,0,318.0,2.06,17.1,0.0,-3377.0,0.98,Moderate,18.73,Capital Intensive,-158.69,+,-,+,Mixed,27.86,31.03,,39.52,43.74,,35.72,37.97,,NORMAL,NORMAL,INSUFFICIENT,NORMAL,NORMAL,INSUFFICIENT,NORMAL,NORMAL,INSUFFICIENT,66.67
DMART,2021,4.55,7.23,9.02,15.08,8.05,0.03,0,46.17,Interest Bearing,0,390.0,1.77,18.8,0.0,265.0,1.25,High Quality,4.6,Moderate,15.19,+,-,-,Shareholder Returns,17.11,22.98,,10.89,27.99,,9.35,23.16,,NORMAL,NORMAL,INSUFFICIENT,NORMAL,NORMAL,INSUFFICIENT,NORMAL,NORMAL,INSUFFICIENT,88.89
DMART,2022,4.82,8.08,10.91,17.88,9.64,0.05,0,48.44,Interest Bearing,0,641.0,2.0,21.11,0.0,83.0,0.92,Moderate,4.16,Moderate,3.32,+,-,-,Reinvestor,15.69,21.09,,18.26,25.51,,18.0,23.52,,NORMAL,NORMAL,INSUFFICIENT,NORMAL,NORMAL,INSUFFICIENT,NORMAL,NORMAL,INSUFFICIENT,77.78
DMART,2023,5.55,8.49,14.79,22.13,13.13,0.04,0,56.22,Interest Bearing,0,441.0,2.37,24.81,0.0,317.0,1.11,High Quality,5.4,Moderate,8.71,+,-,-,Shareholder Returns,19.87,23.3,29.06,22.27,24.16,38.14,22.76,23.27,33.88,NORMAL,NORMAL,NORMAL,NORMAL,NORMAL,NORMAL,NORMAL,NORMAL,NORMAL,88.89
DMART,2024,4.99,8.08,13.56,21.74,11.98,0.03,0,73.29,Interest Bearing,0,485.0,2.4,28.72,0.0,278.0,1.08,High Quality,4.86,Moderate,6.77,+,-,-,Shareholder Returns,28.13,20.48,26.91,32.14,22.97,31.74,31.89,22.74,29.24,NORMAL,NORMAL,NORMAL,NORMAL,NORMAL,NORMAL,NORMAL,NORMAL,NORMAL,88.89
DMART,2024,4.99,8.08,12.59,20.11,11.01,0.04,0,73.29,Interest Bearing,0,626.0,2.2,30.93,0.0,278.0,1.08,High Quality,4.86,Moderate,6.77,+,-,-,Shareholder Returns,28.13,20.48,26.91,32.14,22.97,31.74,31.89,22.74,29.24,NORMAL,NORMAL,NORMAL,NORMAL,NORMAL,NORMAL,NORMAL,NORMAL,NORMAL,88.89
DRREDDY,2013,12.9,22.56,23.98,27.01,11.41,0.58,0,28.15,Interest Bearing,0,3485.0,0.88,74.93,17.0,-59.0,0.9,Moderate,12.14,Capital Intensive,-2.21,+,-,-,Reinvestor,,,,,,,,,,INSUFFICIENT,INSUFFICIENT,INSUFFICIENT,INSUFFICIENT,INSUFFICIENT,INSUFFICIENT,INSUFFICIENT,INSUFFICIENT,INSUFFICIENT,44.44
DRREDDY,2014,14.63,24.23,24.96,26.69,12.34,0.57,0,26.94,Interest Bearing,0,3410.0,0.84,92.53,16.0,366.0,1.0,High Quality,11.96,Capital Intensive,11.26,+,-,-,Shareholder Returns,,,,,,,,,,INSUFFICIENT,INSUFFICIENT,INSUFFICIENT,INSUFFICIENT,INSUFFICIENT,INSUFFICIENT,INSUFFICIENT,INSUFFICIENT,INSUFFICIENT,66.67
DRREDDY,2015,15.55,23.35,23.71,25.83,12.66,0.44,0,34.89,Interest Bearing,0,2066.0,0.81,115.92,15.0,154.0,1.08,High Quality,15.78,Capital Intensive,4.39,+,-,-,Shareholder Returns,,,,,,,,,,INSUFFICIENT,INSUFFICIENT,INSUFFICIENT,INSUFFICIENT,INSUFFICIENT,INSUFFICIENT,INSUFFICIENT,INSUFFICIENT,INSUFFICIENT,66.67
DRREDDY,2016,13.69,23.03,16.95,23.85,10.48,0.27,0,46.75,Interest Bearing,0,-481.0,0.77,147.87,16.0,1653.0,1.53,High Quality,10.34,Capital Intensive,46.11,+,-,-,Shareholder Returns,9.58,,,11.75,,,11.57,,,NORMAL,INSUFFICIENT,INSUFFICIENT,NORMAL,INSUFFICIENT,INSUFFICIENT,NORMAL,INSUFFICIENT,INSUFFICIENT,66.67
DRREDDY,2017,9.1,17.41,10.54,14.93,5.97,0.4,0,33.47,Interest Bearing,0,2808.0,0.66,147.73,26.0,254.0,1.66,High Quality,13.31,Capital Intensive,10.28,+,-,-,Shareholder Returns,1.9,,,-13.01,,,-11.39,,,NORMAL,INSUFFICIENT,INSUFFICIENT,NORMAL,INSUFFICIENT,INSUFFICIENT,NORMAL,INSUFFICIENT,INSUFFICIENT,44.44
DRREDDY,2018,6.63,16.46,7.53,13.76,4.24,0.4,0,31.72,Interest Bearing,0,2773.0,0.64,151.47,35.0,320.0,1.9,High Quality,10.38,Capital Intensive,13.61,+,-,-,Shareholder Returns,-1.67,3.83,,-25.99,-9.11,,-25.87,-9.38,,NORMAL,NORMAL,INSUFFICIENT,NORMAL,NORMAL,INSUFFICIENT,NORMAL,NORMAL,INSUFFICIENT,44.44
DRREDDY,2019,12.62,20.57,13.9,19.43,8.7,0.27,0,39.99,Interest Bearing,0,1251.0,0.69,168.96,17.0,2101.0,1.47,High Quality,4.98,Moderate,66.11,+,-,-,Shareholder Returns,-0.26,2.86,,-2.92,-0.13,,-2.74,0.0,,NORMAL,NORMAL,INSUFFICIENT,NORMAL,NORMAL,INSUFFICIENT,NORMAL,NORMAL,INSUFFICIENT,55.56
DRREDDY,2020,11.57,14.14,12.99,17.12,8.72,0.14,0,32.11,Interest Bearing,0,-468.0,0.75,187.94,21.0,2489.0,1.47,High Quality,2.83,Asset Light,100.48,+,-,-,Shareholder Returns,7.26,3.12,,16.18,-2.81,,14.47,-2.33,,NORMAL,NORMAL,INSUFFICIENT,NORMAL,NORMAL,INSUFFICIENT,NORMAL,NORMAL,INSUFFICIENT,55.56
DRREDDY,2021,10.25,20.34,11.07,19.89,7.34,0.17,0,43.39,Interest Bearing,0,819.0,0.72,212.54,21.0,1315.0,1.83,High Quality,11.84,Capital Intensive,33.94,+,-,-,Shareholder Returns,10.08,4.12,,27.27,-1.74,,27.87,-1.65,,NORMAL,NORMAL,INSUFFICIENT,NORMAL,NORMAL,INSUFFICIENT,NORMAL,NORMAL,INSUFFICIENT,55.56
DRREDDY,2022,10.13,17.49,11.36,18.71,7.34,0.18,0,45.03,Interest Bearing,0,768.0,0.72,231.47,23.0,246.0,1.29,High Quality,11.91,Capital Intensive,6.53,+,-,-,Shareholder Returns,11.73,8.7,,3.82,11.05,,4.17,10.2,,NORMAL,NORMAL,INSUFFICIENT,NORMAL,NORMAL,INSUFFICIENT,NORMAL,NORMAL,INSUFFICIENT,77.78
DRREDDY,2023,18.27,26.23,19.35,29.63,13.99,0.06,0,52.03,Interest Bearing,0,-3639.0,0.77,280.55,15.0,1779.0,1.31,High Quality,16.66,Capital Intensive,27.5,+,-,-,Shareholder Returns,12.09,11.55,7.62,30.54,36.62,11.43,31.04,37.47,11.61,NORMAL,NORMAL,NORMAL,NORMAL,NORMAL,NORMAL,NORMAL,NORMAL,NORMAL,100.0
DRREDDY,2024,19.91,28.32,19.74,28.66,14.38,0.07,0,51.71,Interest Bearing,0,-2928.0,0.72,340.41,12.0,509.0,0.81,Moderate,14.4,Capital Intensive,6.42,+,-,-,Reinvestor,13.72,12.64,7.64,41.91,23.39,11.01,42.82,23.84,11.28,NORMAL,NORMAL,NORMAL,NORMAL,NORMAL,NORMAL,NORMAL,NORMAL,NORMAL,88.89
DRREDDY,2024,19.91,28.32,18.14,24.35,11.94,0.16,0,51.71,Interest Bearing,0,1191.0,0.6,370.47,12.0,509.0,0.81,Moderate,14.4,Capital Intensive,6.42,+,-,-,Reinvestor,13.72,12.64,7.64,41.91,23.39,11.01,42.82,23.84,11.28,NORMAL,NORMAL,NORMAL,NORMAL,NORMAL,NORMAL,NORMAL,NORMAL,NORMAL,88.89
EICHERMOT,2012,7.43,8.61,27.07,38.36,10.62,0.01,0,171.5,Interest Bearing,0,-615.0,1.43,65.0,17.0,-277.0,1.04,High Quality,12.1,Capital Intensive,-50.36,+,-,-,Shareholder Returns,,,,,,,,,,INSUFFICIENT,INSUFFICIENT,INSUFFICIENT,INSUFFICIENT,INSUFFICIENT,INSUFFICIENT,INSUFFICIENT,INSUFFICIENT,INSUFFICIENT,55.56
EICHERMOT,2013,7.71,10.5,25.55,37.4,9.84,0.04,0,101.0,Interest Bearing,0,-741.0,1.28,76.11,21.0,-74.0,1.36,High Quality,11.6,Capital Intensive,-10.35,+,-,-,Shareholder Returns,,,,,,,,,,INSUFFICIENT,INSUFFICIENT,INSUFFICIENT,INSUFFICIENT,INSUFFICIENT,INSUFFICIENT,INSUFFICIENT,INSUFFICIENT,INSUFFICIENT,55.56
EICHERMOT,2014,8.03,12.79,27.9,47.13,10.96,0.02,0,122.3,Interest Bearing,0,-1020.0,1.36,93.19,22.0,-167.0,1.49,High Quality,13.89,Capital Intensive,-14.94,+,-,-,Shareholder Returns,,,,,,,,,,INSUFFICIENT,INSUFFICIENT,INSUFFICIENT,INSUFFICIENT,INSUFFICIENT,INSUFFICIENT,INSUFFICIENT,INSUFFICIENT,INSUFFICIENT,55.56
EICHERMOT,2016,21.68,27.38,36.63,54.79,27.09,0.01,0,1008.0,Interest Bearing,0,-3365.0,1.25,135.3,20.0,462.0,1.09,High Quality,16.22,Capital Intensive,27.34,+,-,-,Shareholder Returns,-3.22,,,36.59,,,48.38,,,NORMAL,INSUFFICIENT,INSUFFICIENT,NORMAL,INSUFFICIENT,INSUFFICIENT,NORMAL,INSUFFICIENT,INSUFFICIENT,66.67
EICHERMOT,2017,23.7,30.91,31.19,47.39,23.78,0.02,0,647.5,Interest Bearing,0,-4875.0,1.0,197.96,16.0,-36.0,1.02,High Quality,24.8,Capital Intensive,-1.66,+,-,+,Mixed,-6.98,1.94,,33.41,28.54,,38.42,38.43,,NORMAL,NORMAL,INSUFFICIENT,NORMAL,NORMAL,INSUFFICIENT,NORMAL,NORMAL,INSUFFICIENT,77.78
EICHERMOT,2018,21.86,31.33,27.88,46.51,20.58,0.02,0,669.0,Interest Bearing,0,-5430.0,0.94,260.37,15.0,337.0,1.27,High Quality,23.93,Capital Intensive,12.0,+,-,-,Shareholder Returns,,5.65,,,30.14,,,36.85,,INSUFFICIENT,NORMAL,INSUFFICIENT,INSUFFICIENT,NORMAL,INSUFFICIENT,INSUFFICIENT,NORMAL,INSUFFICIENT,88.89
EICHERMOT,2019,22.49,29.64,24.7,39.52,19.35,0.02,0,515.0,Interest Bearing,0,-4736.0,0.86,330.3,15.0,915.0,0.71,Moderate,6.74,Moderate,31.51,+,-,-,Reinvestor,16.64,2.31,,18.08,25.7,,18.24,28.63,,NORMAL,NORMAL,INSUFFICIENT,NORMAL,NORMAL,INSUFFICIENT,NORMAL,NORMAL,INSUFFICIENT,77.78
EICHERMOT,2020,19.96,23.85,18.3,26.74,14.67,0.02,0,145.0,Interest Bearing,0,-5500.0,0.74,369.67,19.0,186.0,0.93,Moderate,16.47,Capital Intensive,8.52,+,-,-,Reinvestor,9.18,,,3.1,,,3.18,,,NORMAL,INSUFFICIENT,INSUFFICIENT,NORMAL,INSUFFICIENT,INSUFFICIENT,NORMAL,INSUFFICIENT,INSUFFICIENT,55.56
EICHERMOT,2021,15.45,20.45,11.78,19.29,9.25,0.02,0,141.56,Interest Bearing,0,-3683.0,0.6,423.63,34.0,66.0,1.26,High Quality,18.64,Capital Intensive,3.7,+,-,-,Shareholder Returns,-0.92,7.15,,-11.75,0.13,,-12.04,0.0,,NORMAL,NORMAL,INSUFFICIENT,NORMAL,NORMAL,INSUFFICIENT,NORMAL,NORMAL,INSUFFICIENT,55.56
EICHERMOT,2022,16.28,21.15,13.3,20.88,10.39,0.01,0,140.74,Interest Bearing,0,-7613.0,0.64,466.96,34.0,544.0,0.91,Moderate,9.55,Capital Intensive,24.98,+,-,-,Reinvestor,1.68,7.93,4.89,-8.69,0.12,13.44,-9.02,0.0,17.66,NORMAL,NORMAL,NORMAL,NORMAL,NORMAL,NORMAL,NORMAL,NORMAL,NORMAL,44.44
EICHERMOT,2023,20.18,23.86,19.44,28.32,15.18,0.02,0,155.5,Interest Bearing,0,-12033.0,0.75,555.19,35.0,426.0,0.97,Moderate,16.6,Capital Intensive,12.36,+,-,-,Reinvestor,16.41,10.01,7.81,16.84,8.25,18.7,16.89,8.25,21.71,NORMAL,NORMAL,NORMAL,NORMAL,NORMAL,NORMAL,NORMAL,NORMAL,NORMAL,66.67
EICHERMOT,2024,24.2,26.18,22.17,31.41,17.31,0.02,0,114.71,Interest Bearing,0,-13108.0,0.72,668.33,35.0,890.0,0.93,Moderate,17.14,Capital Intensive,20.56,+,-,-,Reinvestor,23.78,11.04,6.59,43.75,12.68,19.01,43.9,12.51,20.3,NORMAL,NORMAL,NORMAL,NORMAL,NORMAL,NORMAL,NORMAL,NORMAL,NORMAL,88.89
EICHERMOT,2024,24.2,26.18,21.08,29.92,16.41,0.02,0,114.71,Interest Bearing,0,-14289.0,0.68,702.93,35.0,890.0,0.93,Moderate,17.14,Capital Intensive,20.56,+,-,-,Reinvestor,23.78,11.04,6.59,43.75,12.68,19.01,43.9,12.51,20.3,NORMAL,NORMAL,NORMAL,NORMAL,NORMAL,NORMAL,NORMAL,NORMAL,NORMAL,88.89
GAIL,2013,8.57,14.57,15.17,17.4,7.3,0.57,0,19.03,Interest Bearing,0,15218.0,0.85,22.71,28.0,-2023.0,1.51,High Quality,16.92,Capital Intensive,-27.24,+,-,+,Mixed,,,,,,,,,,INSUFFICIENT,INSUFFICIENT,INSUFFICIENT,INSUFFICIENT,INSUFFICIENT,INSUFFICIENT,INSUFFICIENT,INSUFFICIENT,INSUFFICIENT,55.56
GAIL,2014,7.75,12.93,14.75,16.8,7.16,0.57,0,13.8,Interest Bearing,0,17255.0,0.92,25.6,28.0,149.0,0.96,Moderate,7.23,Moderate,1.87,+,-,-,Reinvestor,,,,,,,,,,INSUFFICIENT,INSUFFICIENT,INSUFFICIENT,INSUFFICIENT,INSUFFICIENT,INSUFFICIENT,INSUFFICIENT,INSUFFICIENT,INSUFFICIENT,44.44
GAIL,2015,5.22,9.3,9.29,11.32,4.54,0.54,0,10.09,Interest Bearing,0,17019.0,0.87,26.83,24.0,1405.0,1.33,High Quality,4.64,Moderate,24.95,+,-,-,Shareholder Returns,,,,,,,,,,INSUFFICIENT,INSUFFICIENT,INSUFFICIENT,INSUFFICIENT,INSUFFICIENT,INSUFFICIENT,INSUFFICIENT,INSUFFICIENT,INSUFFICIENT,44.44
GAIL,2016,3.6,8.71,5.15,9.78,3.17,0.25,0,6.41,Interest Bearing,0,-792.0,0.88,28.71,37.0,3056.0,2.11,High Quality,1.74,Asset Light,67.37,+,-,-,Shareholder Returns,0.7,,,-24.57,,,-20.63,,,NORMAL,INSUFFICIENT,INSUFFICIENT,NORMAL,INSUFFICIENT,INSUFFICIENT,NORMAL,INSUFFICIENT,INSUFFICIENT,44.44
GAIL,2017,6.95,12.4,8.58,14.66,5.79,0.17,0,14.21,Interest Bearing,0,-3572.0,0.83,23.24,56.0,5690.0,1.79,High Quality,0.69,Asset Light,94.5,+,-,-,Shareholder Returns,-7.71,,,-11.0,,,-10.61,,,NORMAL,INSUFFICIENT,INSUFFICIENT,NORMAL,INSUFFICIENT,INSUFFICIENT,NORMAL,INSUFFICIENT,INSUFFICIENT,44.44
GAIL,2018,8.82,14.32,11.53,18.56,7.83,0.09,0,29.66,Interest Bearing,0,-6576.0,0.89,18.48,43.0,6109.0,1.82,High Quality,4.88,Moderate,78.3,+,-,-,Shareholder Returns,-3.45,1.35,,14.99,1.93,,11.87,3.13,,NORMAL,NORMAL,INSUFFICIENT,NORMAL,NORMAL,INSUFFICIENT,NORMAL,NORMAL,INSUFFICIENT,55.56
GAIL,2019,8.6,13.04,14.24,23.84,9.58,0.05,0,73.31,Interest Bearing,0,-8498.0,1.11,20.4,25.0,2283.0,1.22,High Quality,7.48,Moderate,22.97,+,-,-,Shareholder Returns,13.54,4.29,,51.78,6.49,,49.38,7.39,,NORMAL,NORMAL,INSUFFICIENT,NORMAL,NORMAL,INSUFFICIENT,NORMAL,NORMAL,INSUFFICIENT,55.56
GAIL,2020,13.12,12.44,19.31,22.27,12.7,0.14,0,41.48,Interest Bearing,0,-2981.0,0.97,10.92,31.0,46.0,0.88,Moderate,11.44,Capital Intensive,0.51,+,-,+,Mixed,14.31,3.67,,41.28,24.66,,40.95,22.87,,NORMAL,NORMAL,INSUFFICIENT,NORMAL,NORMAL,INSUFFICIENT,NORMAL,NORMAL,INSUFFICIENT,77.78
GAIL,2021,10.71,12.63,11.55,16.21,7.58,0.15,0,56.3,Interest Bearing,0,-5185.0,0.71,11.98,36.0,4353.0,1.46,High Quality,8.09,Capital Intensive,60.08,+,-,-,Shareholder Returns,1.73,1.96,,8.53,26.8,,8.74,24.57,,NORMAL,NORMAL,INSUFFICIENT,NORMAL,NORMAL,INSUFFICIENT,NORMAL,NORMAL,INSUFFICIENT,77.78
GAIL,2022,13.26,16.34,19.19,24.39,12.74,0.14,0,89.53,Interest Bearing,0,-7192.0,0.96,14.44,36.0,3930.0,0.77,Moderate,5.92,Moderate,25.92,+,-,-,Reinvestor,6.78,13.83,,23.37,29.53,,21.64,29.2,,NORMAL,NORMAL,INSUFFICIENT,NORMAL,NORMAL,INSUFFICIENT,NORMAL,NORMAL,INSUFFICIENT,88.89
GAIL,2023,3.84,5.15,8.62,12.03,5.19,0.27,0,28.28,Interest Bearing,0,568.0,1.35,9.87,59.0,-4248.0,0.57,Moderate,5.12,Moderate,-56.64,+,-,+,Mixed,26.17,21.73,11.07,-16.22,3.09,2.51,-13.69,5.15,4.14,NORMAL,NORMAL,NORMAL,NORMAL,NORMAL,NORMAL,NORMAL,NORMAL,NORMAL,33.33
GAIL,2024,7.43,10.74,12.86,16.47,7.94,0.28,0,23.62,Interest Bearing,0,-116.0,1.07,11.71,37.0,4360.0,1.27,High Quality,6.17,Moderate,30.46,+,-,-,Shareholder Returns,32.42,11.83,7.99,17.25,8.61,7.54,18.56,8.45,7.92,NORMAL,NORMAL,NORMAL,NORMAL,NORMAL,NORMAL,NORMAL,NORMAL,NORMAL,66.67
GAIL,2024,7.43,10.74,11.82,15.73,7.68,0.23,0,23.62,Interest Bearing,0,-4471.0,1.03,12.75,37.0,4360.0,1.27,High Quality,6.17,Moderate,30.46,+,-,-,Shareholder Returns,32.42,11.83,7.99,17.25,8.61,7.54,18.56,8.45,7.92,NORMAL,NORMAL,NORMAL,NORMAL,NORMAL,NORMAL,NORMAL,NORMAL,NORMAL,66.67
GODREJCP,2013,13.18,15.52,25.51,19.1,10.98,0.74,0,13.67,Interest Bearing,0,2335.0,0.83,97.44,22.0,-45.0,0.97,Moderate,13.49,Capital Intensive,-4.52,+,-,+,Mixed,,,,,,,,,,INSUFFICIENT,INSUFFICIENT,INSUFFICIENT,INSUFFICIENT,INSUFFICIENT,INSUFFICIENT,INSUFFICIENT,INSUFFICIENT,INSUFFICIENT,44.44
GODREJCP,2014,10.78,15.38,21.7,18.07,9.84,0.63,0,10.26,Interest Bearing,0,2237.0,0.91,111.03,24.0,622.0,1.36,High Quality,6.5,Moderate,53.21,+,-,-,Shareholder Returns,,,,,,,,,,INSUFFICIENT,INSUFFICIENT,INSUFFICIENT,INSUFFICIENT,INSUFFICIENT,INSUFFICIENT,INSUFFICIENT,INSUFFICIENT,INSUFFICIENT,66.67
GODREJCP,2015,11.8,16.67,22.64,19.07,10.7,0.63,0,12.96,Interest Bearing,0,2531.0,0.91,126.79,21.0,-209.0,1.05,High Quality,14.94,Capital Intensive,-15.16,+,-,-,Shareholder Returns,,,,,,,,,,INSUFFICIENT,INSUFFICIENT,INSUFFICIENT,INSUFFICIENT,INSUFFICIENT,INSUFFICIENT,INSUFFICIENT,INSUFFICIENT,INSUFFICIENT,55.56
GODREJCP,2016,9.86,19.67,19.48,17.7,8.59,0.68,0,10.9,Interest Bearing,0,2701.0,0.87,125.5,24.0,225.0,1.02,High Quality,7.38,Moderate,13.58,+,-,-,Shareholder Returns,9.52,,,-0.56,,,0.0,,,NORMAL,INSUFFICIENT,INSUFFICIENT,NORMAL,INSUFFICIENT,INSUFFICIENT,NORMAL,INSUFFICIENT,INSUFFICIENT,66.67
GODREJCP,2017,14.11,20.58,24.67,19.66,10.11,0.75,0,12.88,Interest Bearing,0,3067.0,0.72,155.94,39.0,-383.0,1.42,High Quality,24.2,Capital Intensive,-20.08,+,-,+,Mixed,6.84,,,16.89,,,22.92,,,NORMAL,INSUFFICIENT,INSUFFICIENT,NORMAL,INSUFFICIENT,INSUFFICIENT,NORMAL,INSUFFICIENT,INSUFFICIENT,55.56
GODREJCP,2018,16.59,21.16,26.11,22.47,11.79,0.56,0,13.68,Interest Bearing,0,2511.0,0.71,92.03,42.0,1387.0,1.05,High Quality,3.41,Moderate,66.55,+,-,-,Shareholder Returns,5.98,8.96,,18.74,14.1,,21.14,14.87,,NORMAL,NORMAL,INSUFFICIENT,NORMAL,NORMAL,INSUFFICIENT,NORMAL,NORMAL,INSUFFICIENT,88.89
GODREJCP,2019,22.71,20.67,32.23,21.19,16.62,0.47,0,10.48,Interest Bearing,0,2866.0,0.73,71.25,44.0,2003.0,0.74,Moderate,2.66,Asset Light,93.95,+,+,-,Liquidating Assets,6.98,6.3,,41.25,23.38,,42.19,26.86,,NORMAL,NORMAL,INSUFFICIENT,NORMAL,NORMAL,INSUFFICIENT,NORMAL,NORMAL,INSUFFICIENT,77.78
GODREJCP,2020,15.1,21.73,18.95,17.07,10.06,0.45,0,9.59,Interest Bearing,0,2903.0,0.67,77.43,55.0,1036.0,1.06,High Quality,5.57,Moderate,48.1,+,-,-,Shareholder Returns,2.26,3.68,,4.6,8.93,,4.89,10.76,,NORMAL,NORMAL,INSUFFICIENT,NORMAL,NORMAL,INSUFFICIENT,NORMAL,NORMAL,INSUFFICIENT,77.78
GODREJCP,2021,15.6,21.75,18.23,20.21,12.08,0.2,0,17.55,Interest Bearing,0,1185.0,0.77,92.54,0.0,1738.0,1.18,High Quality,2.65,Asset Light,72.45,+,-,-,Shareholder Returns,3.85,5.54,,1.74,15.67,,2.04,16.27,,NORMAL,NORMAL,INSUFFICIENT,NORMAL,NORMAL,INSUFFICIENT,NORMAL,NORMAL,INSUFFICIENT,88.89
GODREJCP,2022,14.52,19.62,15.43,17.84,11.09,0.15,0,20.39,Interest Bearing,0,689.0,0.76,113.29,0.0,607.0,0.81,Moderate,6.88,Moderate,25.2,+,-,-,Reinvestor,5.98,5.78,,-8.69,6.39,,-9.59,5.51,,NORMAL,NORMAL,INSUFFICIENT,NORMAL,NORMAL,INSUFFICIENT,NORMAL,NORMAL,INSUFFICIENT,55.56
GODREJCP,2023,12.78,18.35,12.34,15.87,9.76,0.08,0,13.6,Interest Bearing,0,-1899.0,0.76,135.24,0.0,397.0,1.26,High Quality,13.17,Capital Intensive,16.25,+,-,-,Shareholder Returns,10.34,6.22,7.58,4.37,0.82,7.25,4.26,1.22,7.83,NORMAL,NORMAL,NORMAL,NORMAL,NORMAL,NORMAL,NORMAL,NORMAL,NORMAL,55.56
GODREJCP,2024,-3.98,20.98,-4.45,2.77,-3.05,0.26,0,2.41,Interest Bearing,0,-282.0,0.77,123.51,0.0,-1365.0,3.69,High Quality,24.37,Capital Intensive,-46.16,+,-,+,Mixed,8.52,6.45,6.37,,,,,,,NORMAL,NORMAL,NORMAL,DECLINE_TO_LOSS,DECLINE_TO_LOSS,DECLINE_TO_LOSS,DECLINE_TO_LOSS,DECLINE_TO_LOSS,DECLINE_TO_LOSS,22.22
GODREJCP,2024,-3.98,20.98,-4.61,2.74,-2.96,0.31,0,2.41,Interest Bearing,0,311.0,0.74,119.31,0.0,-1365.0,3.69,High Quality,24.37,Capital Intensive,-46.16,+,-,+,Mixed,8.52,6.45,6.37,,,,,,,NORMAL,NORMAL,NORMAL,DECLINE_TO_LOSS,DECLINE_TO_LOSS,DECLINE_TO_LOSS,DECLINE_TO_LOSS,DECLINE_TO_LOSS,DECLINE_TO_LOSS,22.22
GRASIM,2013,13.54,21.23,19.22,21.99,8.56,0.49,0,20.83,Interest Bearing,0,1539.0,0.63,213.66,8.0,-1445.0,1.12,High Quality,20.38,Capital Intensive,-24.39,+,-,+,Mixed,,,,,,,,,,INSUFFICIENT,INSUFFICIENT,INSUFFICIENT,INSUFFICIENT,INSUFFICIENT,INSUFFICIENT,INSUFFICIENT,INSUFFICIENT,INSUFFICIENT,55.56
GRASIM,2014,10.43,17.35,13.67,16.12,6.19,0.45,0,12.28,Interest Bearing,0,2070.0,0.59,234.95,9.0,1213.0,1.2,High Quality,8.25,Capital Intensive,24.68,+,-,-,Shareholder Returns,,,,,,,,,,INSUFFICIENT,INSUFFICIENT,INSUFFICIENT,INSUFFICIENT,INSUFFICIENT,INSUFFICIENT,INSUFFICIENT,INSUFFICIENT,INSUFFICIENT,55.56
GRASIM,2015,8.14,16.21,11.16,14.28,4.78,0.52,0,8.51,Interest Bearing,0,4675.0,0.59,251.52,9.0,2235.0,1.78,High Quality,7.43,Moderate,43.45,+,-,-,Shareholder Returns,,,,,,,,,,INSUFFICIENT,INSUFFICIENT,INSUFFICIENT,INSUFFICIENT,INSUFFICIENT,INSUFFICIENT,INSUFFICIENT,INSUFFICIENT,INSUFFICIENT,44.44
GRASIM,2016,10.02,17.14,12.6,16.31,5.8,0.46,0,10.07,Interest Bearing,0,1904.0,0.58,294.94,9.0,1353.0,1.7,High Quality,13.09,Capital Intensive,22.89,+,-,-,Shareholder Returns,7.31,,,-2.94,,,-3.64,,,NORMAL,INSUFFICIENT,INSUFFICIENT,NORMAL,INSUFFICIENT,INSUFFICIENT,NORMAL,INSUFFICIENT,INSUFFICIENT,55.56
GRASIM,2017,11.77,20.48,13.53,19.12,6.77,0.29,0,12.06,Interest Bearing,0,-4987.0,0.57,337.49,8.0,3779.0,1.72,High Quality,9.73,Capital Intensive,51.16,+,-,-,Shareholder Returns,8.38,,,12.86,,,14.47,,,NORMAL,INSUFFICIENT,INSUFFICIENT,NORMAL,INSUFFICIENT,INSUFFICIENT,NORMAL,INSUFFICIENT,INSUFFICIENT,55.56
GRASIM,2018,6.6,20.78,6.43,6.72,1.77,1.17,0,3.28,Interest Bearing,0,1075.0,0.27,437.87,15.0,-2594.0,1.12,High Quality,2.77,Asset Light,-22.34,-,+,+,Distress Signal,20.77,14.9,,12.62,-0.48,,1.77,-7.31,,NORMAL,NORMAL,INSUFFICIENT,NORMAL,NORMAL,INSUFFICIENT,NORMAL,NORMAL,INSUFFICIENT,33.33
GRASIM,2019,3.56,21.55,4.73,6.13,1.14,1.46,0,2.44,Interest Bearing,0,21740.0,0.32,439.55,27.0,-3871.0,0.6,Moderate,2.87,Asset Light,-23.26,-,-,+,Growth Funded by Debt,30.81,22.2,,-7.38,-1.46,,-21.15,-10.69,,NORMAL,NORMAL,INSUFFICIENT,NORMAL,NORMAL,INSUFFICIENT,NORMAL,NORMAL,INSUFFICIENT,11.11
GRASIM,2020,9.73,15.2,11.72,7.47,2.72,1.5,0,2.53,Interest Bearing,0,18440.0,0.28,429.04,6.0,5256.0,2.5,High Quality,16.65,Capital Intensive,50.67,+,-,-,Shareholder Returns,23.69,16.55,,16.07,20.79,,-0.51,11.93,,NORMAL,NORMAL,INSUFFICIENT,NORMAL,NORMAL,INSUFFICIENT,NORMAL,NORMAL,INSUFFICIENT,55.56
GRASIM,2021,9.14,24.39,10.67,9.71,2.61,1.21,0,3.45,Interest Bearing,0,-8939.0,0.29,496.17,14.0,7929.0,2.16,High Quality,9.35,Capital Intensive,42.55,+,-,-,Shareholder Returns,10.98,17.24,,23.74,15.12,,17.33,4.32,,NORMAL,NORMAL,INSUFFICIENT,NORMAL,NORMAL,INSUFFICIENT,NORMAL,NORMAL,INSUFFICIENT,55.56
GRASIM,2022,11.71,21.35,14.8,11.5,3.88,0.99,0,4.62,Interest Bearing,0,-22022.0,0.33,573.48,9.0,5985.0,0.63,Moderate,1.1,Asset Light,29.29,+,-,-,Reinvestor,7.42,21.55,,59.82,21.42,,64.36,10.96,,NORMAL,NORMAL,INSUFFICIENT,NORMAL,NORMAL,INSUFFICIENT,NORMAL,NORMAL,INSUFFICIENT,66.67
GRASIM,2023,9.42,18.35,14.07,10.61,3.29,1.31,0,4.19,Interest Bearing,0,-2316.0,0.35,596.53,10.0,-26397.0,1.15,High Quality,11.66,Capital Intensive,-122.27,-,-,+,Growth Funded by Debt,19.89,16.05,15.47,18.61,24.6,11.36,15.44,20.72,5.78,NORMAL,NORMAL,NORMAL,NORMAL,NORMAL,NORMAL,NORMAL,NORMAL,NORMAL,55.56
GRASIM,2024,7.58,20.76,11.2,8.28,2.41,1.55,0,3.02,Interest Bearing,0,7849.0,0.32,666.56,12.0,-33833.0,1.08,High Quality,17.65,Capital Intensive,-124.41,-,-,+,Growth Funded by Debt,19.68,11.15,16.54,12.42,29.31,12.89,10.5,27.73,6.81,NORMAL,NORMAL,NORMAL,NORMAL,NORMAL,NORMAL,NORMAL,NORMAL,NORMAL,55.56
GRASIM,2024,7.58,20.76,10.68,7.45,2.21,1.7,0,3.02,Interest Bearing,0,55706.0,0.29,693.42,12.0,-33833.0,1.08,High Quality,17.65,Capital Intensive,-124.41,-,-,+,Growth Funded by Debt,19.68,11.15,16.54,12.42,29.31,12.89,10.5,27.73,6.81,NORMAL,NORMAL,NORMAL,NORMAL,NORMAL,NORMAL,NORMAL,NORMAL,NORMAL,55.56
HAL,2017,14.57,18.03,1966.92,3158.52,1538.82,0.02,0,267.5,Interest Bearing,0,-20.0,105.59,26.6,31.0,2598.0,0.16,Accrual Risk,16.83,Capital Intensive,80.28,-,+,-,Unknown,,,,,,,,,,INSUFFICIENT,INSUFFICIENT,INSUFFICIENT,INSUFFICIENT,INSUFFICIENT,INSUFFICIENT,INSUFFICIENT,INSUFFICIENT,INSUFFICIENT,55.56
HAL,2018,10.73,18.68,1528.46,3147.37,1196.99,0.02,0,120.6,Interest Bearing,0,-21.0,111.56,26.0,54.0,-140.0,0.37,Accrual Risk,3.21,Moderate,-4.05,-,+,-,Unknown,,,,,,,,,,INSUFFICIENT,INSUFFICIENT,INSUFFICIENT,INSUFFICIENT,INSUFFICIENT,INSUFFICIENT,INSUFFICIENT,INSUFFICIENT,INSUFFICIENT,44.44
HAL,2019,11.73,22.84,1763.91,3381.56,1340.57,0.06,0,27.94,Interest Bearing,0,-14.0,114.33,26.6,28.0,-2402.0,3.28,High Quality,26.45,Capital Intensive,-52.57,-,+,+,Distress Signal,,,,,,,,,,INSUFFICIENT,INSUFFICIENT,INSUFFICIENT,INSUFFICIENT,INSUFFICIENT,INSUFFICIENT,INSUFFICIENT,INSUFFICIENT,INSUFFICIENT,55.56
HAL,2020,13.25,22.76,2059.42,3525.71,1642.77,0.01,0,14.75,Interest Bearing,0,-16.0,123.96,27.6,39.0,203.0,0.54,Moderate,6.22,Moderate,4.16,+,-,+,Mixed,6.11,,,2.8,,,5.27,,,NORMAL,INSUFFICIENT,INSUFFICIENT,NORMAL,INSUFFICIENT,INSUFFICIENT,NORMAL,INSUFFICIENT,INSUFFICIENT,55.56
HAL,2021,14.16,23.34,2249.31,3622.67,1741.4,0.04,0,21.35,Interest Bearing,0,-11.0,123.02,28.8,31.0,13934.0,4.67,High Quality,5.2,Moderate,260.89,+,-,-,Shareholder Returns,7.31,,,17.69,,,16.96,,,NORMAL,INSUFFICIENT,INSUFFICIENT,NORMAL,INSUFFICIENT,INSUFFICIENT,NORMAL,INSUFFICIENT,INSUFFICIENT,66.67
HAL,2022,20.66,22.01,3324.18,3843.03,2517.82,0.08,0,98.55,Interest Bearing,0,-17.0,121.88,30.6,26.0,-2609.0,2.0,High Quality,51.95,Capital Intensive,-48.14,+,-,-,Shareholder Returns,7.16,6.52,,29.42,14.22,,29.49,16.12,,NORMAL,NORMAL,INSUFFICIENT,NORMAL,NORMAL,INSUFFICIENT,NORMAL,NORMAL,INSUFFICIENT,77.78
HAL,2023,21.58,24.77,3283.05,3695.09,2144.28,0.27,0,130.33,Interest Bearing,0,12.0,99.37,35.4,32.0,3102.0,1.52,High Quality,21.29,Capital Intensive,46.51,+,-,-,Shareholder Returns,7.88,7.77,,26.92,23.94,,27.47,23.73,,NORMAL,NORMAL,INSUFFICIENT,NORMAL,NORMAL,INSUFFICIENT,NORMAL,NORMAL,INSUFFICIENT,88.89
HAL,2024,25.0,32.09,3816.58,3604.04,1687.78,0.62,0,270.88,Interest Bearing,0,80.0,67.51,39.8,31.0,1814.0,1.08,High Quality,21.11,Capital Intensive,18.61,+,-,-,Shareholder Returns,9.91,8.71,,32.85,26.49,,33.42,26.64,,NORMAL,NORMAL,INSUFFICIENT,NORMAL,NORMAL,INSUFFICIENT,NORMAL,NORMAL,INSUFFICIENT,88.89
HAL,2024,25.0,32.09,3669.08,3506.04,1595.59,0.6,0,270.88,Interest Bearing,0,76.0,63.83,41.4,31.0,1814.0,1.08,High Quality,21.11,Capital Intensive,18.61,+,-,-,Shareholder Returns,9.91,8.71,,32.85,26.49,,33.42,26.64,,NORMAL,NORMAL,INSUFFICIENT,NORMAL,NORMAL,INSUFFICIENT,NORMAL,NORMAL,INSUFFICIENT,88.89
HAVELLS,2013,8.14,9.45,40.29,31.89,13.03,0.68,0,7.28,Interest Bearing,0,982.0,1.6,23.26,16.0,494.0,1.1,High Quality,2.02,Asset Light,73.29,+,-,-,Shareholder Returns,,,,,,,,,,INSUFFICIENT,INSUFFICIENT,INSUFFICIENT,INSUFFICIENT,INSUFFICIENT,INSUFFICIENT,INSUFFICIENT,INSUFFICIENT,INSUFFICIENT,66.67
HAVELLS,2014,5.54,9.65,26.77,26.1,8.36,0.63,0,7.96,Interest Bearing,0,1054.0,1.51,26.87,42.0,492.0,1.95,High Quality,4.67,Moderate,63.32,+,-,-,Shareholder Returns,,,,,,,,,,INSUFFICIENT,INSUFFICIENT,INSUFFICIENT,INSUFFICIENT,INSUFFICIENT,INSUFFICIENT,INSUFFICIENT,INSUFFICIENT,INSUFFICIENT,66.67
HAVELLS,2015,4.55,8.92,21.18,31.53,8.04,0.23,0,8.36,Interest Bearing,0,424.0,1.77,29.32,49.0,478.0,2.5,High Quality,5.73,Moderate,63.31,+,-,-,Shareholder Returns,,,,,,,,,,INSUFFICIENT,INSUFFICIENT,INSUFFICIENT,INSUFFICIENT,INSUFFICIENT,INSUFFICIENT,INSUFFICIENT,INSUFFICIENT,INSUFFICIENT,66.67
HAVELLS,2016,17.12,10.48,42.95,52.33,29.63,0.04,0,19.18,Interest Bearing,0,-55.0,1.73,48.82,29.0,392.0,0.39,Accrual Risk,1.59,Asset Light,49.25,+,-,-,Reinvestor,2.1,,,30.79,,,32.64,,,NORMAL,INSUFFICIENT,INSUFFICIENT,NORMAL,INSUFFICIENT,INSUFFICIENT,NORMAL,INSUFFICIENT,INSUFFICIENT,55.56
HAVELLS,2017,8.06,13.3,15.08,24.23,9.56,0.06,0,65.92,Interest Bearing,0,46.0,1.19,52.84,44.0,547.0,1.55,High Quality,3.59,Moderate,67.12,+,-,-,Shareholder Returns,-8.69,,,3.47,,,4.55,,,NORMAL,INSUFFICIENT,INSUFFICIENT,NORMAL,INSUFFICIENT,INSUFFICIENT,NORMAL,INSUFFICIENT,INSUFFICIENT,66.67
HAVELLS,2018,8.14,12.73,17.72,28.74,10.0,0.03,0,45.2,Interest Bearing,0,115.0,1.23,59.21,4.0,154.0,1.66,High Quality,11.66,Capital Intensive,14.91,+,-,-,Shareholder Returns,-1.41,2.61,,19.74,2.61,,22.39,4.1,,NORMAL,NORMAL,INSUFFICIENT,NORMAL,NORMAL,INSUFFICIENT,NORMAL,NORMAL,INSUFFICIENT,66.67
HAVELLS,2019,7.82,11.8,18.77,30.22,11.02,0.02,0,82.06,Interest Bearing,0,94.0,1.41,66.63,36.0,686.0,0.64,Moderate,1.84,Asset Light,57.7,+,+,-,Liquidating Assets,9.87,4.58,,-15.37,12.06,,-14.77,13.18,,NORMAL,NORMAL,INSUFFICIENT,NORMAL,NORMAL,INSUFFICIENT,NORMAL,NORMAL,INSUFFICIENT,77.78
HAVELLS,2020,7.79,11.3,17.05,25.62,10.39,0.02,0,23.02,Interest Bearing,0,72.0,1.33,68.44,34.0,279.0,1.13,High Quality,5.81,Moderate,26.15,+,-,-,Shareholder Returns,15.48,2.2,,14.16,13.81,,14.47,14.87,,NORMAL,NORMAL,INSUFFICIENT,NORMAL,NORMAL,INSUFFICIENT,NORMAL,NORMAL,INSUFFICIENT,88.89
HAVELLS,2021,9.98,15.2,20.17,29.59,11.79,0.1,0,19.73,Interest Bearing,0,215.0,1.18,82.17,39.0,-103.0,0.63,Moderate,7.3,Moderate,-6.48,+,-,+,Mixed,8.81,6.61,,16.46,-4.29,,15.62,-4.14,,NORMAL,NORMAL,INSUFFICIENT,NORMAL,NORMAL,INSUFFICIENT,NORMAL,NORMAL,INSUFFICIENT,44.44
HAVELLS,2022,8.58,12.73,19.92,28.21,11.37,0.1,0,28.87,Interest Bearing,0,190.0,1.32,95.29,39.0,969.0,1.44,High Quality,5.45,Moderate,54.59,+,-,-,Shareholder Returns,11.43,17.85,,14.92,19.34,,13.48,18.89,,NORMAL,NORMAL,INSUFFICIENT,NORMAL,NORMAL,INSUFFICIENT,NORMAL,NORMAL,INSUFFICIENT,100.0
HAVELLS,2023,6.34,9.59,16.18,25.46,9.61,0.03,0,32.71,Interest Bearing,0,22.0,1.52,105.17,44.0,596.0,0.53,Moderate,0.18,Asset Light,36.77,+,+,-,Liquidating Assets,21.45,15.82,9.01,13.41,10.15,6.32,12.31,9.1,6.57,NORMAL,NORMAL,NORMAL,NORMAL,NORMAL,NORMAL,NORMAL,NORMAL,NORMAL,77.78
HAVELLS,2024,6.84,10.12,17.07,26.4,10.22,0.04,0,25.36,Interest Bearing,0,283.0,1.5,118.21,44.0,335.0,1.54,High Quality,8.7,Capital Intensive,17.81,+,-,-,Shareholder Returns,21.14,13.04,8.73,6.78,10.03,11.04,5.57,9.0,11.07,NORMAL,NORMAL,NORMAL,NORMAL,NORMAL,NORMAL,NORMAL,NORMAL,NORMAL,88.89
HAVELLS,2024,6.84,10.12,16.31,25.18,9.9,0.04,0,25.36,Interest Bearing,0,312.0,1.45,123.71,44.0,335.0,1.54,High Quality,8.7,Capital Intensive,17.81,+,-,-,Shareholder Returns,21.14,13.04,8.73,6.78,10.03,11.04,5.57,9.0,11.07,NORMAL,NORMAL,NORMAL,NORMAL,NORMAL,NORMAL,NORMAL,NORMAL,NORMAL,88.89
HCLTECH,2013,15.79,22.2,30.69,41.57,18.04,0.08,0,56.72,Interest Bearing,0,331.0,1.14,94.71,21.0,2131.0,1.11,High Quality,9.23,Capital Intensive,37.52,+,-,-,Shareholder Returns,,,,,,,,,,INSUFFICIENT,INSUFFICIENT,INSUFFICIENT,INSUFFICIENT,INSUFFICIENT,INSUFFICIENT,INSUFFICIENT,INSUFFICIENT,INSUFFICIENT,66.67
HCLTECH,2014,20.31,25.0,33.39,41.8,21.77,0.05,0,76.42,Interest Bearing,0,356.0,1.07,139.64,11.0,1615.0,0.99,Moderate,15.06,Capital Intensive,20.1,+,-,-,Reinvestor,,,,,,,,,,INSUFFICIENT,INSUFFICIENT,INSUFFICIENT,INSUFFICIENT,INSUFFICIENT,INSUFFICIENT,INSUFFICIENT,INSUFFICIENT,INSUFFICIENT,55.56
HCLTECH,2015,20.0,23.12,30.31,38.28,20.83,0.03,0,105.63,Interest Bearing,0,-221.0,1.04,86.21,58.0,3451.0,0.75,Moderate,5.69,Moderate,40.67,+,-,-,Reinvestor,,,,,,,,,,INSUFFICIENT,INSUFFICIENT,INSUFFICIENT,INSUFFICIENT,INSUFFICIENT,INSUFFICIENT,INSUFFICIENT,INSUFFICIENT,INSUFFICIENT,55.56
HCLTECH,2016,17.99,21.37,20.45,26.16,14.24,0.04,0,101.69,Interest Bearing,0,392.0,0.79,97.13,40.0,1615.0,0.68,Moderate,7.09,Moderate,24.27,+,-,-,Reinvestor,6.77,,,11.51,,,12.62,,,NORMAL,INSUFFICIENT,INSUFFICIENT,NORMAL,INSUFFICIENT,INSUFFICIENT,NORMAL,INSUFFICIENT,INSUFFICIENT,55.56
HCLTECH,2017,18.09,21.84,26.12,33.91,18.81,0.02,0,128.75,Interest Bearing,0,-724.0,1.04,115.61,40.0,5105.0,1.05,High Quality,8.18,Capital Intensive,49.13,+,-,-,Shareholder Returns,13.96,,,9.65,,,9.26,,,NORMAL,INSUFFICIENT,INSUFFICIENT,NORMAL,INSUFFICIENT,INSUFFICIENT,NORMAL,INSUFFICIENT,INSUFFICIENT,66.67
HCLTECH,2018,17.25,22.24,23.97,33.58,18.17,0.02,0,180.81,Interest Bearing,0,-2103.0,1.05,130.88,19.0,6092.0,0.95,Moderate,4.42,Moderate,54.17,+,-,-,Reinvestor,11.28,14.6,,5.91,16.64,,6.04,17.23,,NORMAL,NORMAL,INSUFFICIENT,NORMAL,NORMAL,INSUFFICIENT,NORMAL,NORMAL,INSUFFICIENT,88.89
HCLTECH,2019,16.75,23.05,24.46,32.25,17.34,0.1,0,85.45,Interest Bearing,0,1890.0,1.04,152.64,11.0,5715.0,0.89,Moderate,5.39,Moderate,41.04,+,-,-,Reinvestor,24.74,13.46,,21.79,9.16,,22.76,9.98,,NORMAL,NORMAL,INSUFFICIENT,NORMAL,NORMAL,INSUFFICIENT,NORMAL,NORMAL,INSUFFICIENT,66.67
HCLTECH,2020,15.64,24.5,21.57,29.37,13.35,0.16,0,35.46,Interest Bearing,0,920.0,0.85,94.41,25.0,1027.0,1.21,High Quality,17.45,Capital Intensive,5.93,+,-,-,Shareholder Returns,14.11,14.0,,8.71,8.53,,10.97,9.54,,NORMAL,NORMAL,INSUFFICIENT,NORMAL,NORMAL,INSUFFICIENT,NORMAL,NORMAL,INSUFFICIENT,77.78
HCLTECH,2021,14.82,26.6,18.64,30.65,12.98,0.11,0,41.05,Interest Bearing,0,2.0,0.88,110.34,24.0,13953.0,1.76,High Quality,7.52,Moderate,69.6,+,-,-,Shareholder Returns,14.23,19.34,,8.59,14.8,,9.77,15.44,,NORMAL,NORMAL,INSUFFICIENT,NORMAL,NORMAL,INSUFFICIENT,NORMAL,NORMAL,INSUFFICIENT,100.0
HCLTECH,2022,15.79,23.97,21.84,31.17,15.21,0.1,0,67.7,Interest Bearing,0,-8.0,0.96,114.02,84.0,18497.0,1.25,High Quality,1.86,Asset Light,90.1,+,+,-,Liquidating Assets,12.33,12.48,,10.14,9.46,,10.56,10.76,,NORMAL,NORMAL,INSUFFICIENT,NORMAL,NORMAL,INSUFFICIENT,NORMAL,NORMAL,INSUFFICIENT,88.89
HCLTECH,2023,14.63,22.3,22.7,33.67,15.92,0.07,0,67.95,Interest Bearing,0,-701.0,1.09,120.45,88.0,14436.0,1.21,High Quality,3.52,Moderate,63.8,+,-,-,Shareholder Returns,12.81,14.94,14.77,10.32,11.22,13.9,10.29,12.15,14.66,NORMAL,NORMAL,NORMAL,NORMAL,NORMAL,NORMAL,NORMAL,NORMAL,NORMAL,100.0
HCLTECH,2024,14.29,22.02,23.01,33.96,15.87,0.08,0,46.46,Interest Bearing,0,-1379.0,1.11,125.71,90.0,15840.0,1.43,High Quality,6.01,Moderate,65.46,+,-,-,Shareholder Returns,13.4,12.71,13.08,12.04,9.19,9.18,12.26,9.41,9.69,NORMAL,NORMAL,NORMAL,NORMAL,NORMAL,NORMAL,NORMAL,NORMAL,NORMAL,77.78
HCLTECH,2024,14.29,22.02,22.81,33.67,15.75,0.08,0,46.46,Interest Bearing,0,-1851.0,1.1,126.84,90.0,15840.0,1.43,High Quality,6.01,Moderate,65.46,+,-,-,Shareholder Returns,13.4,12.71,13.08,12.04,9.19,9.18,12.26,9.41,9.69,NORMAL,NORMAL,NORMAL,NORMAL,NORMAL,NORMAL,NORMAL,NORMAL,NORMAL,77.78
HDFCBANK,2013,19.25,35.22,18.84,1.48,1.69,9.16,1,1.77,Interest Bearing,0,224628.0,0.09,76.98,19.0,-6749.0,0.85,Moderate,2.52,Asset Light,-53.43,-,-,+,Growth Funded by Debt,,,,,,,,,,INSUFFICIENT,INSUFFICIENT,INSUFFICIENT,INSUFFICIENT,INSUFFICIENT,INSUFFICIENT,INSUFFICIENT,INSUFFICIENT,INSUFFICIENT,11.11
HDFCBANK,2014,20.6,31.74,19.85,1.13,1.74,9.43,1,1.63,Interest Bearing,0,297106.0,0.08,92.01,19.0,3112.0,0.48,Accrual Risk,2.58,Asset Light,23.04,+,-,+,Mixed,,,,,,,,,,INSUFFICIENT,INSUFFICIENT,INSUFFICIENT,INSUFFICIENT,INSUFFICIENT,INSUFFICIENT,INSUFFICIENT,INSUFFICIENT,INSUFFICIENT,22.22
HDFCBANK,2015,21.12,31.9,16.95,1.16,1.76,8.07,1,1.69,Interest Bearing,0,360308.0,0.08,126.06,19.0,-22081.0,1.99,High Quality,1.58,Asset Light,-136.61,-,-,+,Growth Funded by Debt,,,,,,,,,,INSUFFICIENT,INSUFFICIENT,INSUFFICIENT,INSUFFICIENT,INSUFFICIENT,INSUFFICIENT,INSUFFICIENT,INSUFFICIENT,INSUFFICIENT,22.22
HDFCBANK,2016,20.3,31.75,17.25,1.22,1.68,8.74,1,1.79,Interest Bearing,0,455953.0,0.08,146.85,19.0,-35272.0,2.69,High Quality,1.33,Asset Light,-175.88,-,-,+,Growth Funded by Debt,20.77,,,22.92,,,21.32,,,NORMAL,INSUFFICIENT,INSUFFICIENT,NORMAL,INSUFFICIENT,INSUFFICIENT,NORMAL,INSUFFICIENT,INSUFFICIENT,22.22
HDFCBANK,2017,20.9,32.56,16.69,1.32,1.72,8.08,1,1.85,Interest Bearing,0,530773.0,0.08,178.94,18.0,16136.0,1.13,High Quality,1.56,Asset Light,67.64,+,-,-,Shareholder Returns,19.86,,,20.44,,,18.56,,,NORMAL,INSUFFICIENT,INSUFFICIENT,NORMAL,INSUFFICIENT,INSUFFICIENT,NORMAL,INSUFFICIENT,INSUFFICIENT,33.33
HDFCBANK,2018,21.76,34.63,16.94,1.28,1.68,8.62,1,1.84,Interest Bearing,0,706356.0,0.08,211.17,18.0,16372.0,0.93,Moderate,0.99,Asset Light,55.44,+,-,+,Mixed,18.96,18.92,,20.14,21.87,,19.68,20.79,,NORMAL,NORMAL,INSUFFICIENT,NORMAL,NORMAL,INSUFFICIENT,NORMAL,NORMAL,INSUFFICIENT,55.56
HDFCBANK,2019,21.34,33.15,14.61,1.29,1.74,7.03,1,1.84,Interest Bearing,0,790789.0,0.08,281.97,18.0,-64375.0,2.8,High Quality,1.43,Asset Light,-184.69,-,-,+,Growth Funded by Debt,18.52,19.83,,20.52,20.68,,17.93,17.9,,NORMAL,NORMAL,INSUFFICIENT,NORMAL,NORMAL,INSUFFICIENT,NORMAL,NORMAL,INSUFFICIENT,44.44
HDFCBANK,2020,22.34,37.2,15.48,1.36,1.73,7.56,1,1.83,Interest Bearing,0,943736.0,0.08,321.82,5.0,-18272.0,0.62,Moderate,1.15,Asset Light,-40.19,-,-,+,Growth Funded by Debt,18.59,19.25,,21.24,20.59,,18.56,18.95,,NORMAL,NORMAL,INSUFFICIENT,NORMAL,NORMAL,INSUFFICIENT,NORMAL,NORMAL,INSUFFICIENT,44.44
HDFCBANK,2021,24.78,40.81,15.18,1.46,1.77,7.2,1,1.92,Interest Bearing,0,1072595.0,0.07,380.78,11.0,40653.0,1.33,High Quality,1.42,Asset Light,77.5,+,-,-,Shareholder Returns,14.66,15.27,,19.73,19.97,,17.23,18.33,,NORMAL,NORMAL,INSUFFICIENT,NORMAL,NORMAL,INSUFFICIENT,NORMAL,NORMAL,INSUFFICIENT,66.67
HDFCBANK,2022,28.07,41.61,15.43,1.22,1.8,7.22,1,1.78,Interest Bearing,0,1335706.0,0.06,445.63,23.0,-14011.0,0.31,Accrual Risk,1.51,Asset Light,-24.77,-,-,+,Growth Funded by Debt,8.93,13.16,,19.34,20.02,,18.95,18.13,,NORMAL,NORMAL,INSUFFICIENT,NORMAL,NORMAL,INSUFFICIENT,NORMAL,NORMAL,INSUFFICIENT,44.44
HDFCBANK,2023,27.03,36.92,15.94,1.2,1.82,7.39,1,1.86,Interest Bearing,0,1627630.0,0.07,518.71,23.0,17822.0,0.45,Accrual Risk,1.75,Asset Light,28.27,+,-,+,Mixed,11.8,14.89,16.89,19.13,19.98,20.92,17.93,17.9,19.34,NORMAL,NORMAL,NORMAL,NORMAL,NORMAL,NORMAL,NORMAL,NORMAL,NORMAL,55.56
HDFCBANK,2024,23.07,61.41,14.34,1.4,1.62,6.81,1,1.4,Interest Bearing,1,2101821.0,0.07,600.52,23.0,35669.0,0.29,Accrual Risk,5.85,Moderate,20.48,+,+,-,Liquidating Assets,30.19,21.95,20.89,27.12,23.87,22.26,13.14,15.42,16.65,NORMAL,NORMAL,NORMAL,NORMAL,NORMAL,NORMAL,NORMAL,NORMAL,NORMAL,44.44
HDFCLIFE,2013,3.18,96.27,33.43,1010.55,1.07,0.0,0,483.54,Interest Bearing,0,-40404.0,0.34,0.67,0.0,0.0,0.0,Accrual Risk,0.0,Asset Light,0.0,0,0,0,Unknown,,,,,,,,,,INSUFFICIENT,INSUFFICIENT,INSUFFICIENT,INSUFFICIENT,INSUFFICIENT,INSUFFICIENT,INSUFFICIENT,INSUFFICIENT,INSUFFICIENT,44.44
HDFCLIFE,2014,4.22,96.48,37.6,846.68,1.39,0.0,0,68.73,Interest Bearing,0,-50527.0,0.33,0.97,14.0,0.0,0.0,Accrual Risk,0.0,Asset Light,0.0,0,0,0,Unknown,,,,,,,,,,INSUFFICIENT,INSUFFICIENT,INSUFFICIENT,INSUFFICIENT,INSUFFICIENT,INSUFFICIENT,INSUFFICIENT,INSUFFICIENT,INSUFFICIENT,44.44
HDFCLIFE,2015,2.89,96.79,30.93,1033.65,1.13,0.0,0,333.47,Interest Bearing,0,-67024.0,0.39,1.27,18.0,945.0,5.67,High Quality,12.91,Capital Intensive,3.59,+,-,-,Shareholder Returns,,,,,,,,,,INSUFFICIENT,INSUFFICIENT,INSUFFICIENT,INSUFFICIENT,INSUFFICIENT,INSUFFICIENT,INSUFFICIENT,INSUFFICIENT,INSUFFICIENT,66.67
HDFCLIFE,2016,4.5,94.74,26.33,550.56,1.07,0.0,0,159.19,Interest Bearing,0,-74144.0,0.24,1.56,22.0,1725.0,6.96,High Quality,21.84,Capital Intensive,10.04,+,-,-,Shareholder Returns,8.87,,,22.27,,,25.99,,,NORMAL,INSUFFICIENT,INSUFFICIENT,NORMAL,INSUFFICIENT,INSUFFICIENT,NORMAL,INSUFFICIENT,INSUFFICIENT,66.67
HDFCLIFE,2017,2.89,96.83,23.18,772.03,0.93,0.0,0,213.5,Interest Bearing,0,-91723.0,0.32,1.91,25.0,1053.0,7.02,High Quality,16.89,Capital Intensive,3.55,+,-,-,Shareholder Returns,21.31,,,6.95,,,0.0,,,NORMAL,INSUFFICIENT,INSUFFICIENT,NORMAL,INSUFFICIENT,INSUFFICIENT,NORMAL,INSUFFICIENT,INSUFFICIENT,66.67
HDFCLIFE,2018,3.43,96.67,23.53,656.9,1.0,0.0,0,110.6,Interest Bearing,0,-106590.0,0.29,2.34,25.0,2318.0,6.09,High Quality,13.7,Capital Intensive,7.43,+,-,-,Shareholder Returns,5.83,18.07,,12.09,19.89,,14.47,24.57,,NORMAL,NORMAL,INSUFFICIENT,NORMAL,NORMAL,INSUFFICIENT,NORMAL,NORMAL,INSUFFICIENT,100.0
HDFCLIFE,2019,3.29,96.87,22.65,664.78,0.98,0.0,0,276.79,Interest Bearing,0,-124958.0,0.3,2.8,26.0,-314.0,7.72,High Quality,26.21,Capital Intensive,-0.83,+,-,-,Shareholder Returns,28.9,17.75,,16.08,12.01,,14.47,8.45,,NORMAL,NORMAL,INSUFFICIENT,NORMAL,NORMAL,INSUFFICIENT,NORMAL,NORMAL,INSUFFICIENT,77.78
HDFCLIFE,2020,4.41,96.12,19.05,409.49,0.98,0.0,0,76.54,Interest Bearing,0,-127256.0,0.22,3.37,0.0,-401.0,5.7,High Quality,26.51,Capital Intensive,-1.42,+,-,+,Mixed,-1.4,1.54,,13.5,10.54,,14.47,8.45,,NORMAL,NORMAL,INSUFFICIENT,NORMAL,NORMAL,INSUFFICIENT,NORMAL,NORMAL,INSUFFICIENT,66.67
HDFCLIFE,2021,1.9,98.27,15.75,755.96,0.76,0.07,0,157.97,Interest Bearing,0,-172964.0,0.4,4.28,30.0,751.0,7.13,High Quality,12.52,Capital Intensive,1.07,+,-,+,Mixed,30.4,31.57,,7.13,10.75,,5.27,11.84,,NORMAL,NORMAL,INSUFFICIENT,NORMAL,NORMAL,INSUFFICIENT,NORMAL,NORMAL,INSUFFICIENT,100.0
HDFCLIFE,2022,1.98,98.84,8.5,404.48,0.58,0.04,0,86.62,Interest Bearing,0,-215951.0,0.29,7.39,27.0,5142.0,4.48,High Quality,1.19,Asset Light,7.75,+,-,-,Shareholder Returns,19.99,16.98,,1.26,8.39,,0.0,8.45,,NORMAL,NORMAL,INSUFFICIENT,NORMAL,NORMAL,INSUFFICIENT,NORMAL,NORMAL,INSUFFICIENT,66.67
HDFCLIFE,2023,1.95,99.89,10.53,492.65,0.55,0.07,0,48.8,Interest Bearing,0,-237247.0,0.28,6.05,30.0,-3188.0,5.03,High Quality,14.34,Capital Intensive,-4.55,+,-,+,Mixed,33.69,16.83,17.45,1.79,4.32,11.84,0.0,0.0,11.61,NORMAL,NORMAL,NORMAL,NORMAL,NORMAL,NORMAL,NORMAL,NORMAL,NORMAL,55.56
HDFCLIFE,2024,1.55,99.48,10.73,643.1,0.52,0.06,0,192.29,Interest Bearing,0,-290178.0,0.34,6.82,27.0,-2893.0,6.81,High Quality,13.42,Capital Intensive,-2.87,+,-,-,Shareholder Returns,12.37,21.17,19.45,4.97,4.25,8.06,0.0,3.13,5.76,NORMAL,NORMAL,NORMAL,NORMAL,NORMAL,NORMAL,NORMAL,NORMAL,NORMAL,55.56
HDFCLIFE,2024,1.55,99.48,10.09,606.66,0.47,0.06,0,192.29,Interest Bearing,0,-324073.0,0.3,7.25,27.0,-2893.0,6.81,High Quality,13.42,Capital Intensive,-2.87,+,-,-,Shareholder Returns,12.37,21.17,19.45,4.97,4.25,8.06,0.0,3.13,5.76,NORMAL,NORMAL,NORMAL,NORMAL,NORMAL,NORMAL,NORMAL,NORMAL,NORMAL,55.56
HEROMOTOCO,2014,8.32,85.94,37.38,360.69,20.77,0.05,0,50.55,Interest Bearing,0,-3822.0,2.5,140.57,62.0,1347.0,1.41,High Quality,6.39,Moderate,6.2,+,-,-,Shareholder Returns,,,,,,,,,,INSUFFICIENT,INSUFFICIENT,INSUFFICIENT,INSUFFICIENT,INSUFFICIENT,INSUFFICIENT,INSUFFICIENT,INSUFFICIENT,INSUFFICIENT,66.67
HEROMOTOCO,2015,8.58,87.22,36.15,357.02,22.19,0.02,0,73.94,Interest Bearing,0,-3018.0,2.58,163.5,51.0,2217.0,0.92,Moderate,0.11,Asset Light,9.23,+,+,-,Liquidating Assets,,,,,,,,,,INSUFFICIENT,INSUFFICIENT,INSUFFICIENT,INSUFFICIENT,INSUFFICIENT,INSUFFICIENT,INSUFFICIENT,INSUFFICIENT,INSUFFICIENT,55.56
HEROMOTOCO,2016,10.94,84.45,35.23,260.62,24.13,0.03,0,57.12,Interest Bearing,0,-4269.0,2.21,220.85,46.0,1422.0,1.2,High Quality,8.08,Capital Intensive,5.92,+,-,-,Shareholder Returns,,,,,,,,,,INSUFFICIENT,INSUFFICIENT,INSUFFICIENT,INSUFFICIENT,INSUFFICIENT,INSUFFICIENT,INSUFFICIENT,INSUFFICIENT,INSUFFICIENT,66.67
HEROMOTOCO,2017,12.39,83.97,34.37,219.45,23.16,0.03,0,28.97,Interest Bearing,0,-5805.0,1.87,257.9,47.0,2035.0,1.13,High Quality,6.89,Moderate,8.47,+,-,-,Shareholder Returns,4.22,,,19.04,,,19.46,,,NORMAL,INSUFFICIENT,INSUFFICIENT,NORMAL,INSUFFICIENT,INSUFFICIENT,NORMAL,INSUFFICIENT,INSUFFICIENT,66.67
HEROMOTOCO,2018,11.47,83.57,31.09,217.84,21.39,0.02,0,48.12,Interest Bearing,0,-7441.0,1.87,299.3,51.0,2159.0,1.08,High Quality,5.72,Moderate,7.96,+,-,-,Shareholder Returns,5.63,,,16.33,,,16.38,,,NORMAL,INSUFFICIENT,INSUFFICIENT,NORMAL,INSUFFICIENT,INSUFFICIENT,NORMAL,INSUFFICIENT,INSUFFICIENT,66.67
HEROMOTOCO,2019,10.2,85.21,26.42,210.1,18.73,0.02,0,39.08,Interest Bearing,0,-5802.0,1.84,328.0,50.0,2330.0,0.3,Accrual Risk,3.82,Moderate,8.05,+,+,-,Liquidating Assets,6.08,6.09,,3.66,10.52,,3.09,10.37,,NORMAL,NORMAL,INSUFFICIENT,NORMAL,NORMAL,INSUFFICIENT,NORMAL,NORMAL,INSUFFICIENT,77.78
HEROMOTOCO,2020,12.51,86.09,25.4,159.93,18.6,0.03,0,17.57,Interest Bearing,0,-7906.0,1.49,360.15,49.0,2699.0,1.51,High Quality,9.64,Capital Intensive,10.72,+,-,-,Shareholder Returns,0.74,1.22,,1.05,9.13,,0.56,9.05,,NORMAL,NORMAL,INSUFFICIENT,NORMAL,NORMAL,INSUFFICIENT,NORMAL,NORMAL,INSUFFICIENT,66.67
HEROMOTOCO,2021,9.48,86.9,19.05,164.76,12.71,0.04,0,48.67,Interest Bearing,0,-9998.0,1.34,385.4,72.0,1821.0,1.4,High Quality,7.39,Moderate,6.77,+,-,-,Shareholder Returns,-1.56,1.7,,-7.6,-1.16,,-7.75,-1.44,,NORMAL,NORMAL,INSUFFICIENT,NORMAL,NORMAL,INSUFFICIENT,NORMAL,NORMAL,INSUFFICIENT,66.67
HEROMOTOCO,2022,7.88,88.98,14.7,156.58,10.36,0.04,0,48.27,Interest Bearing,0,-9923.0,1.31,396.18,82.0,1882.0,0.9,Moderate,0.75,Asset Light,7.16,+,-,-,Reinvestor,-4.54,0.65,,-12.41,-8.06,,-12.3,-8.31,,NORMAL,NORMAL,INSUFFICIENT,NORMAL,NORMAL,INSUFFICIENT,NORMAL,NORMAL,INSUFFICIENT,44.44
HEROMOTOCO,2023,8.2,88.0,16.81,171.3,11.71,0.03,0,53.04,Interest Bearing,0,-10323.0,1.43,416.4,71.0,2193.0,0.93,Moderate,1.23,Asset Light,7.3,+,-,-,Reinvestor,5.3,1.03,,-8.53,-5.53,,-8.16,-5.39,,NORMAL,NORMAL,INSUFFICIENT,NORMAL,NORMAL,INSUFFICIENT,NORMAL,NORMAL,INSUFFICIENT,55.56
HEROMOTOCO,2024,9.9,86.15,21.14,174.15,14.31,0.03,0,47.27,Interest Bearing,0,-12145.0,1.44,442.48,75.0,3095.0,1.32,High Quality,4.84,Moderate,9.51,+,-,-,Shareholder Returns,6.87,2.15,4.1,8.42,1.54,5.94,8.6,1.69,5.94,NORMAL,NORMAL,NORMAL,NORMAL,NORMAL,NORMAL,NORMAL,NORMAL,NORMAL,66.67
HEROMOTOCO,2024,9.9,86.15,19.68,162.66,12.79,0.03,0,47.27,Interest Bearing,0,-14392.0,1.29,475.27,75.0,3095.0,1.32,High Quality,4.84,Moderate,9.51,+,-,-,Shareholder Returns,6.87,2.15,4.1,8.42,1.54,5.94,8.6,1.69,5.94,NORMAL,NORMAL,NORMAL,NORMAL,NORMAL,NORMAL,NORMAL,NORMAL,NORMAL,66.67
HINDALCO,2013,3.75,90.4,8.51,77.36,2.49,1.61,0,65.26,Interest Bearing,0,44350.0,0.67,184.97,6.0,-10824.0,0.99,Moderate,17.21,Capital Intensive,-14.93,+,-,+,Mixed,,,,,,,,,,INSUFFICIENT,INSUFFICIENT,INSUFFICIENT,INSUFFICIENT,INSUFFICIENT,INSUFFICIENT,INSUFFICIENT,INSUFFICIENT,INSUFFICIENT,22.22
HINDALCO,2014,2.5,90.85,5.41,74.98,1.59,1.59,0,117.7,Interest Bearing,0,51795.0,0.64,197.11,9.0,-139.0,3.62,High Quality,9.23,Capital Intensive,-0.17,+,-,+,Mixed,,,,,,,,,,INSUFFICIENT,INSUFFICIENT,INSUFFICIENT,INSUFFICIENT,INSUFFICIENT,INSUFFICIENT,INSUFFICIENT,INSUFFICIENT,INSUFFICIENT,33.33
HINDALCO,2015,0.25,91.52,0.68,90.15,0.18,1.79,0,-114.72,Interest Bearing,1,56122.0,0.74,185.16,24.0,3270.0,27.58,High Quality,3.71,Moderate,3.43,+,-,-,Shareholder Returns,,,,,,,,,,INSUFFICIENT,INSUFFICIENT,INSUFFICIENT,INSUFFICIENT,INSUFFICIENT,INSUFFICIENT,INSUFFICIENT,INSUFFICIENT,INSUFFICIENT,33.33
HINDALCO,2016,-0.71,92.12,-1.73,82.74,-0.5,1.66,0,60.66,Interest Bearing,0,55089.0,0.7,196.18,-82.0,8468.0,16.65,High Quality,3.26,Moderate,9.31,+,-,-,Shareholder Returns,7.19,,,,,,,,,NORMAL,INSUFFICIENT,INSUFFICIENT,DECLINE_TO_LOSS,INSUFFICIENT,INSUFFICIENT,DECLINE_TO_LOSS,INSUFFICIENT,INSUFFICIENT,44.44
HINDALCO,2017,1.88,87.71,4.09,78.89,1.29,1.39,0,73.35,Interest Bearing,0,48660.0,0.69,206.54,13.0,9811.0,6.74,High Quality,2.87,Asset Light,11.17,+,-,-,Shareholder Returns,4.54,,,-5.0,,,-10.07,,,NORMAL,INSUFFICIENT,INSUFFICIENT,NORMAL,INSUFFICIENT,INSUFFICIENT,NORMAL,INSUFFICIENT,INSUFFICIENT,44.44
HINDALCO,2018,5.28,88.11,11.09,92.23,4.14,0.95,0,35.26,Interest Bearing,0,41293.0,0.78,245.97,4.0,16231.0,1.79,High Quality,4.63,Moderate,15.99,+,+,-,Liquidating Assets,3.37,7.51,,186.38,15.13,,88.99,11.03,,NORMAL,NORMAL,INSUFFICIENT,NORMAL,NORMAL,INSUFFICIENT,NORMAL,NORMAL,INSUFFICIENT,77.78
HINDALCO,2019,4.21,88.12,9.56,103.64,3.62,0.91,0,102.08,Interest Bearing,0,43403.0,0.86,259.01,5.0,6521.0,2.18,High Quality,4.18,Moderate,5.67,+,-,-,Shareholder Returns,9.75,8.28,,,20.15,,,16.89,,NORMAL,NORMAL,INSUFFICIENT,TURNAROUND,NORMAL,INSUFFICIENT,TURNAROUND,NORMAL,INSUFFICIENT,77.78
HINDALCO,2020,3.19,87.89,6.46,81.24,2.23,1.17,0,114.62,Interest Bearing,0,58988.0,0.7,262.69,6.0,5518.0,3.38,High Quality,6.12,Moderate,5.31,+,-,+,Mixed,5.65,2.53,,26.03,70.82,,28.56,33.56,,NORMAL,NORMAL,INSUFFICIENT,NORMAL,NORMAL,INSUFFICIENT,NORMAL,NORMAL,INSUFFICIENT,66.67
HINDALCO,2021,2.64,86.7,5.23,86.32,1.84,1.01,0,-115.97,Interest Bearing,1,50073.0,0.7,299.7,19.0,-8048.0,4.95,High Quality,19.15,Capital Intensive,-7.03,+,-,-,Shareholder Returns,4.65,5.98,,-16.96,,,-16.01,,,NORMAL,NORMAL,INSUFFICIENT,NORMAL,TURNAROUND,INSUFFICIENT,NORMAL,TURNAROUND,INSUFFICIENT,22.22
HINDALCO,2022,7.04,85.47,17.56,115.98,6.19,0.82,0,133.06,Interest Bearing,0,50367.0,0.88,352.21,6.0,10065.0,1.23,High Quality,3.47,Moderate,6.04,+,-,-,Shareholder Returns,14.32,14.25,,35.7,48.8,,36.47,50.12,,NORMAL,NORMAL,INSUFFICIENT,NORMAL,NORMAL,INSUFFICIENT,NORMAL,NORMAL,INSUFFICIENT,100.0
HINDALCO,2023,4.52,89.85,10.65,128.46,4.52,0.64,0,153.44,Interest Bearing,0,46175.0,1.0,427.05,7.0,11649.0,1.9,High Quality,3.39,Moderate,5.81,+,-,-,Shareholder Returns,23.62,14.15,10.78,38.91,10.67,12.88,38.33,10.76,10.89,NORMAL,NORMAL,NORMAL,NORMAL,NORMAL,NORMAL,NORMAL,NORMAL,NORMAL,88.89
HINDALCO,2024,4.7,88.95,9.57,117.28,4.4,0.53,0,126.47,Interest Bearing,0,40912.0,0.94,478.14,8.0,9789.0,2.37,High Quality,6.61,Moderate,5.1,+,-,-,Shareholder Returns,17.83,10.59,9.43,42.86,13.07,16.55,41.16,13.4,15.13,NORMAL,NORMAL,NORMAL,NORMAL,NORMAL,NORMAL,NORMAL,NORMAL,NORMAL,88.89
HINDALCO,2024,4.7,88.95,8.82,108.2,4.03,0.53,0,126.47,Interest Bearing,0,38506.0,0.86,518.81,8.0,9789.0,2.37,High Quality,6.61,Moderate,5.1,+,-,-,Shareholder Returns,17.83,10.59,9.43,42.86,13.07,16.55,41.16,13.4,15.13,NORMAL,NORMAL,NORMAL,NORMAL,NORMAL,NORMAL,NORMAL,NORMAL,NORMAL,88.89
HINDUNILVR,2013,14.22,84.37,134.0,750.07,31.75,0.01,0,20.3,Interest Bearing,0,-2227.0,2.23,13.26,104.0,3668.0,0.94,Moderate,0.23,Asset Light,16.1,+,+,-,Liquidating Assets,,,,,,,,,,INSUFFICIENT,INSUFFICIENT,INSUFFICIENT,INSUFFICIENT,INSUFFICIENT,INSUFFICIENT,INSUFFICIENT,INSUFFICIENT,INSUFFICIENT,55.56
HINDUNILVR,2014,13.53,83.72,111.85,661.43,28.76,0.01,0,30.92,Interest Bearing,0,-2792.0,2.13,16.38,71.0,3343.0,0.97,Moderate,1.62,Asset Light,13.66,+,-,-,Reinvestor,,,,,,,,,,INSUFFICIENT,INSUFFICIENT,INSUFFICIENT,INSUFFICIENT,INSUFFICIENT,INSUFFICIENT,INSUFFICIENT,INSUFFICIENT,INSUFFICIENT,55.56
HINDUNILVR,2015,13.69,83.07,108.67,622.36,30.33,0.01,0,21.31,Interest Bearing,0,-2982.0,2.22,18.64,74.0,3430.0,0.75,Moderate,0.43,Asset Light,12.91,+,+,-,Liquidating Assets,,,,,,,,,,INSUFFICIENT,INSUFFICIENT,INSUFFICIENT,INSUFFICIENT,INSUFFICIENT,INSUFFICIENT,INSUFFICIENT,INSUFFICIENT,INSUFFICIENT,55.56
HINDUNILVR,2016,12.9,81.64,63.15,382.34,28.06,0.03,0,54.1,Interest Bearing,0,-2415.0,2.18,30.43,83.0,3889.0,1.0,High Quality,0.88,Asset Light,14.8,+,-,-,Shareholder Returns,6.03,,,2.64,,,1.82,,,NORMAL,INSUFFICIENT,INSUFFICIENT,NORMAL,INSUFFICIENT,INSUFFICIENT,NORMAL,INSUFFICIENT,INSUFFICIENT,66.67
HINDUNILVR,2017,13.54,80.92,66.58,373.84,28.59,0.04,0,44.31,Interest Bearing,0,-3517.0,2.11,31.22,82.0,4012.0,1.15,High Quality,3.54,Moderate,14.95,+,-,-,Shareholder Returns,4.29,,,4.31,,,5.27,,,NORMAL,INSUFFICIENT,INSUFFICIENT,NORMAL,INSUFFICIENT,INSUFFICIENT,NORMAL,INSUFFICIENT,INSUFFICIENT,66.67
HINDUNILVR,2018,14.71,78.9,71.79,380.63,29.26,0.0,0,79.51,Interest Bearing,0,-2873.0,1.99,33.71,83.0,4996.0,1.16,High Quality,2.99,Asset Light,17.81,+,-,-,Shareholder Returns,3.59,5.65,,6.1,6.37,,6.27,5.92,,NORMAL,NORMAL,INSUFFICIENT,NORMAL,NORMAL,INSUFFICIENT,NORMAL,NORMAL,INSUFFICIENT,66.67
HINDUNILVR,2019,15.42,77.41,77.03,378.25,32.53,0.01,0,94.57,Interest Bearing,0,-2617.0,2.11,36.42,78.0,5362.0,0.96,Moderate,1.11,Asset Light,17.62,+,-,-,Reinvestor,6.89,6.1,,13.44,8.9,,13.8,9.24,,NORMAL,NORMAL,INSUFFICIENT,NORMAL,NORMAL,INSUFFICIENT,NORMAL,NORMAL,INSUFFICIENT,55.56
HINDUNILVR,2020,16.98,75.21,82.1,358.77,33.52,0.0,0,70.63,Interest Bearing,0,-1255.0,1.97,38.1,80.0,9414.0,1.13,High Quality,4.5,Moderate,31.46,+,+,-,Liquidating Assets,6.26,4.47,,14.59,9.07,,13.86,9.16,,NORMAL,NORMAL,INSUFFICIENT,NORMAL,NORMAL,INSUFFICIENT,NORMAL,NORMAL,INSUFFICIENT,66.67
HINDUNILVR,2021,17.01,75.28,16.78,73.95,11.64,0.0,0,208.39,Interest Bearing,0,-2709.0,0.68,202.87,119.0,7935.0,1.15,High Quality,2.61,Asset Light,22.41,+,-,-,Shareholder Returns,9.78,7.88,,15.24,14.02,,12.31,12.34,,NORMAL,NORMAL,INSUFFICIENT,NORMAL,NORMAL,INSUFFICIENT,NORMAL,NORMAL,INSUFFICIENT,88.89
HINDUNILVR,2022,16.95,75.49,18.12,78.63,12.61,0.02,0,180.89,Interest Bearing,0,-2478.0,0.74,208.77,90.0,7320.0,1.02,High Quality,3.29,Moderate,18.49,+,-,-,Shareholder Returns,10.09,9.6,,13.63,14.64,,10.72,12.59,,NORMAL,NORMAL,INSUFFICIENT,NORMAL,NORMAL,INSUFFICIENT,NORMAL,NORMAL,INSUFFICIENT,88.89
HINDUNILVR,2023,16.74,76.65,20.16,89.3,13.88,0.02,0,103.7,Interest Bearing,0,-1663.0,0.83,214.06,91.0,8507.0,0.99,Moderate,2.45,Asset Light,18.32,+,-,-,Reinvestor,15.05,11.25,8.42,14.51,14.18,10.2,11.52,12.37,9.1,NORMAL,NORMAL,NORMAL,NORMAL,NORMAL,NORMAL,NORMAL,NORMAL,NORMAL,88.89
HINDUNILVR,2024,16.61,76.32,20.07,88.13,13.1,0.03,0,57.85,Interest Bearing,0,-3141.0,0.79,217.95,96.0,10145.0,1.5,High Quality,8.6,Capital Intensive,21.48,+,-,-,Shareholder Returns,9.59,9.5,7.79,8.73,11.15,10.02,8.97,9.46,9.35,NORMAL,NORMAL,NORMAL,NORMAL,NORMAL,NORMAL,NORMAL,NORMAL,NORMAL,77.78
HINDUNILVR,2024,16.61,76.32,20.25,88.59,12.73,0.03,0,57.85,Interest Bearing,0,-2665.0,0.77,216.07,96.0,10145.0,1.5,High Quality,8.6,Capital Intensive,21.48,+,-,-,Shareholder Returns,9.59,9.5,7.79,8.73,11.15,10.02,8.97,9.46,9.35,NORMAL,NORMAL,NORMAL,NORMAL,NORMAL,NORMAL,NORMAL,NORMAL,NORMAL,77.78
ICICIBANK,2013,22.57,70.59,14.73,0.42,1.5,7.09,1,1.08,Interest Bearing,1,231992.0,0.07,59.59,24.0,-1069.0,1.73,High Quality,41.36,Capital Intensive,-3.37,+,-,+,Mixed,,,,,,,,,,INSUFFICIENT,INSUFFICIENT,INSUFFICIENT,INSUFFICIENT,INSUFFICIENT,INSUFFICIENT,INSUFFICIENT,INSUFFICIENT,INSUFFICIENT,11.11
ICICIBANK,2014,23.6,66.4,15.28,0.44,1.56,7.11,1,1.09,Interest Bearing,1,275446.0,0.07,66.17,24.0,-8985.0,0.58,Moderate,31.83,Capital Intensive,-27.35,+,-,+,Mixed,,,,,,,,,,INSUFFICIENT,INSUFFICIENT,INSUFFICIENT,INSUFFICIENT,INSUFFICIENT,INSUFFICIENT,INSUFFICIENT,INSUFFICIENT,INSUFFICIENT,11.11
ICICIBANK,2015,23.55,70.53,15.28,0.51,1.57,7.05,1,1.1,Interest Bearing,1,322896.0,0.07,73.02,24.0,-25448.0,0.95,Moderate,23.97,Capital Intensive,-65.65,-,-,+,Growth Funded by Debt,,,,,,,,,,INSUFFICIENT,INSUFFICIENT,INSUFFICIENT,INSUFFICIENT,INSUFFICIENT,INSUFFICIENT,INSUFFICIENT,INSUFFICIENT,INSUFFICIENT,11.11
ICICIBANK,2016,18.43,88.12,11.61,1.32,1.19,7.13,1,1.24,Interest Bearing,1,385411.0,0.06,80.92,29.0,11585.0,2.16,High Quality,20.34,Capital Intensive,22.17,+,-,+,Mixed,9.72,,,2.56,,,2.17,,,NORMAL,INSUFFICIENT,INSUFFICIENT,NORMAL,INSUFFICIENT,INSUFFICIENT,NORMAL,INSUFFICIENT,INSUFFICIENT,22.22
ICICIBANK,2017,18.61,104.76,10.84,1.41,1.15,6.7,1,1.22,Interest Bearing,1,396501.0,0.06,89.81,14.0,50925.0,4.64,High Quality,2.81,Asset Light,79.77,+,-,-,Shareholder Returns,7.19,,,-0.97,,,-2.0,,,NORMAL,INSUFFICIENT,INSUFFICIENT,NORMAL,INSUFFICIENT,INSUFFICIENT,NORMAL,INSUFFICIENT,INSUFFICIENT,22.22
ICICIBANK,2018,14.64,117.12,8.23,1.72,0.81,7.37,1,1.28,Interest Bearing,1,442990.0,0.06,86.03,12.0,-31168.0,2.13,High Quality,81.32,Capital Intensive,-42.81,+,-,+,Mixed,4.19,6.73,,-11.08,-2.12,,-14.2,-4.36,,NORMAL,NORMAL,INSUFFICIENT,NORMAL,NORMAL,INSUFFICIENT,NORMAL,NORMAL,INSUFFICIENT,11.11
ICICIBANK,2019,7.9,116.38,4.98,2.42,0.46,7.8,1,1.41,Interest Bearing,1,493440.0,0.06,88.64,15.0,18389.0,8.56,High Quality,42.07,Capital Intensive,21.95,+,-,-,Shareholder Returns,6.68,7.79,,-19.55,-13.4,,-24.09,-16.26,,NORMAL,NORMAL,INSUFFICIENT,NORMAL,NORMAL,INSUFFICIENT,NORMAL,NORMAL,INSUFFICIENT,22.22
ICICIBANK,2020,13.23,100.62,9.13,1.79,0.82,8.25,1,1.31,Interest Bearing,1,571163.0,0.06,94.95,0.0,37470.0,7.09,High Quality,49.62,Capital Intensive,43.9,+,-,+,Mixed,11.66,9.07,,-0.34,-2.81,,-2.13,-4.62,,NORMAL,NORMAL,INSUFFICIENT,NORMAL,NORMAL,INSUFFICIENT,NORMAL,NORMAL,INSUFFICIENT,22.22
ICICIBANK,2021,22.84,102.41,12.92,1.51,1.29,7.0,1,1.26,Interest Bearing,1,567261.0,0.06,113.95,8.0,74384.0,6.78,High Quality,71.36,Capital Intensive,81.46,+,-,-,Shareholder Returns,12.78,8.5,,30.8,13.26,,31.04,11.03,,NORMAL,NORMAL,INSUFFICIENT,NORMAL,NORMAL,INSUFFICIENT,NORMAL,NORMAL,INSUFFICIENT,44.44
ICICIBANK,2022,27.82,84.69,14.58,1.3,1.51,6.88,1,1.3,Interest Bearing,1,685870.0,0.05,130.97,14.0,18663.0,2.19,High Quality,41.35,Capital Intensive,23.1,+,-,+,Mixed,9.85,9.38,,67.09,18.54,,72.61,17.61,,NORMAL,NORMAL,INSUFFICIENT,NORMAL,NORMAL,INSUFFICIENT,NORMAL,NORMAL,INSUFFICIENT,44.44
ICICIBANK,2023,29.29,72.57,16.53,1.41,1.81,6.53,1,1.35,Interest Bearing,1,760342.0,0.06,153.54,16.0,-71460.0,0.11,Accrual Risk,55.91,Capital Intensive,-81.33,-,-,+,Growth Funded by Debt,12.59,14.26,10.43,46.73,31.26,13.35,48.38,32.5,12.57,NORMAL,NORMAL,NORMAL,NORMAL,NORMAL,NORMAL,NORMAL,NORMAL,NORMAL,44.44
ICICIBANK,2024,28.89,62.41,17.99,1.21,1.95,6.45,1,1.3,Interest Bearing,1,823845.0,0.07,182.31,16.0,12547.0,3.41,High Quality,90.74,Capital Intensive,12.6,+,-,+,Mixed,21.4,17.25,12.42,31.29,51.95,14.71,32.64,55.18,14.0,NORMAL,NORMAL,NORMAL,NORMAL,NORMAL,NORMAL,NORMAL,NORMAL,NORMAL,66.67
ICICIGI,2013,8.8,104.46,18.88,192.57,2.79,0.0,0,7.15,Interest Bearing,0,-7800.0,0.32,4.28,0.0,22.0,2.79,High Quality,23.98,Capital Intensive,0.52,+,-,+,Mixed,,,,,,,,,,INSUFFICIENT,INSUFFICIENT,INSUFFICIENT,INSUFFICIENT,INSUFFICIENT,INSUFFICIENT,INSUFFICIENT,INSUFFICIENT,INSUFFICIENT,66.67
ICICIGI,2014,11.95,105.19,21.72,156.89,3.53,0.0,0,5.6,Interest Bearing,0,-9290.0,0.3,5.38,0.0,-111.0,1.14,High Quality,16.22,Capital Intensive,-2.42,+,-,+,Mixed,,,,,,,,,,INSUFFICIENT,INSUFFICIENT,INSUFFICIENT,INSUFFICIENT,INSUFFICIENT,INSUFFICIENT,INSUFFICIENT,INSUFFICIENT,INSUFFICIENT,55.56
ICICIGI,2015,13.82,105.24,20.27,119.85,3.99,0.0,0,4.49,Interest Bearing,0,-10200.0,0.29,6.46,15.0,73.0,0.17,Accrual Risk,4.04,Moderate,1.64,-,+,-,Unknown,,,,,,,,,,INSUFFICIENT,INSUFFICIENT,INSUFFICIENT,INSUFFICIENT,INSUFFICIENT,INSUFFICIENT,INSUFFICIENT,INSUFFICIENT,INSUFFICIENT,55.56
ICICIGI,2016,8.4,87.34,15.66,163.18,3.23,0.0,0,,Debt Free,0,-11426.0,0.38,7.23,26.0,201.0,1.01,High Quality,5.14,Moderate,3.81,+,-,-,Shareholder Returns,14.57,,,12.83,,,11.2,,,NORMAL,INSUFFICIENT,INSUFFICIENT,NORMAL,INSUFFICIENT,INSUFFICIENT,NORMAL,INSUFFICIENT,INSUFFICIENT,55.56
ICICIGI,2017,9.34,87.78,18.0,150.82,3.01,0.12,0,-3306.5,Interest Bearing,1,-14321.0,0.32,8.65,22.0,-362.0,2.32,High Quality,26.46,Capital Intensive,-5.48,+,-,+,Mixed,20.0,,,10.52,,,10.06,,,NORMAL,INSUFFICIENT,INSUFFICIENT,NORMAL,INSUFFICIENT,INSUFFICIENT,NORMAL,INSUFFICIENT,INSUFFICIENT,44.44
ICICIGI,2018,12.47,103.79,18.98,111.44,2.9,0.11,0,4.57,Interest Bearing,0,-17708.0,0.23,10.0,17.0,494.0,2.77,High Quality,27.43,Capital Intensive,6.89,+,-,-,Shareholder Returns,17.75,11.49,,13.79,19.55,,13.48,18.89,,NORMAL,NORMAL,INSUFFICIENT,NORMAL,NORMAL,INSUFFICIENT,NORMAL,NORMAL,INSUFFICIENT,100.0
ICICIGI,2019,9.4,85.05,19.43,161.61,3.14,0.09,0,-4754.5,Interest Bearing,1,-20229.0,0.33,11.89,26.0,120.0,2.84,High Quality,25.58,Capital Intensive,1.26,+,-,-,Shareholder Returns,22.77,20.73,,27.43,15.07,,27.87,13.9,,NORMAL,NORMAL,INSUFFICIENT,NORMAL,NORMAL,INSUFFICIENT,NORMAL,NORMAL,INSUFFICIENT,88.89
ICICIGI,2020,10.37,84.61,19.47,147.23,3.22,0.08,0,650.67,Interest Bearing,0,-25842.0,0.31,13.51,13.0,51.0,2.88,High Quality,29.37,Capital Intensive,0.52,+,-,-,Shareholder Returns,15.27,22.16,,19.37,15.34,,17.57,14.87,,NORMAL,NORMAL,INSUFFICIENT,NORMAL,NORMAL,INSUFFICIENT,NORMAL,NORMAL,INSUFFICIENT,100.0
ICICIGI,2021,12.11,82.97,19.38,124.88,3.75,0.06,0,842.25,Interest Bearing,0,-30303.0,0.31,16.7,25.0,407.0,1.2,High Quality,11.24,Capital Intensive,4.03,+,-,-,Shareholder Returns,20.72,15.05,,19.55,23.78,,18.98,23.81,,NORMAL,NORMAL,INSUFFICIENT,NORMAL,NORMAL,INSUFFICIENT,NORMAL,NORMAL,INSUFFICIENT,100.0
ICICIGI,2022,7.93,93.66,13.83,150.37,2.5,0.03,0,18.56,Interest Bearing,0,-38157.0,0.32,18.72,35.0,944.0,0.64,Moderate,0.84,Asset Light,6.29,+,+,-,Liquidating Assets,12.81,16.34,,6.61,12.61,,4.17,10.2,,NORMAL,NORMAL,INSUFFICIENT,NORMAL,NORMAL,INSUFFICIENT,NORMAL,NORMAL,INSUFFICIENT,77.78
ICICIGI,2023,9.67,92.93,16.55,149.14,3.14,0.0,0,16.77,Interest Bearing,0,-42801.0,0.32,21.27,31.0,605.0,1.32,High Quality,9.43,Capital Intensive,3.64,+,-,-,Shareholder Returns,15.78,20.93,16.12,13.13,14.94,17.22,10.42,13.0,15.9,NORMAL,NORMAL,NORMAL,NORMAL,NORMAL,NORMAL,NORMAL,NORMAL,NORMAL,100.0
ICICIGI,2024,9.37,87.42,15.72,145.51,3.03,0.0,0,160.03,Interest Bearing,0,-48549.0,0.32,24.76,28.0,486.0,1.25,High Quality,9.38,Capital Intensive,2.71,+,-,-,Shareholder Returns,18.99,12.91,16.76,9.22,12.84,13.95,6.82,11.14,12.51,NORMAL,NORMAL,NORMAL,NORMAL,NORMAL,NORMAL,NORMAL,NORMAL,NORMAL,100.0
ICICIGI,2024,9.37,87.42,14.08,130.72,2.82,0.0,0,160.03,Interest Bearing,0,-51557.0,0.3,27.53,28.0,486.0,1.25,High Quality,9.38,Capital Intensive,2.71,+,-,-,Shareholder Returns,18.99,12.91,16.76,9.22,12.84,13.95,6.82,11.14,12.51,NORMAL,NORMAL,NORMAL,NORMAL,NORMAL,NORMAL,NORMAL,NORMAL,NORMAL,88.89
ICICIPRULI,2013,7.57,96.28,38.25,464.13,2.01,0.0,0,21.43,Interest Bearing,0,-73716.0,0.27,2.77,32.0,-1077.0,1.74,High Quality,7.81,Moderate,-5.59,-,+,-,Unknown,,,,,,,,,,INSUFFICIENT,INSUFFICIENT,INSUFFICIENT,INSUFFICIENT,INSUFFICIENT,INSUFFICIENT,INSUFFICIENT,INSUFFICIENT,INSUFFICIENT,55.56
ICICIPRULI,2014,7.13,93.13,35.61,462.29,1.92,0.0,0,158.07,Interest Bearing,0,-80101.0,0.27,3.07,70.0,3630.0,1.53,High Quality,27.47,Capital Intensive,17.81,-,+,-,Unknown,,,,,,,,,,INSUFFICIENT,INSUFFICIENT,INSUFFICIENT,INSUFFICIENT,INSUFFICIENT,INSUFFICIENT,INSUFFICIENT,INSUFFICIENT,INSUFFICIENT,66.67
ICICIPRULI,2015,4.76,95.2,31.15,622.22,1.62,0.0,0,762.86,Interest Bearing,0,-99491.0,0.34,3.68,51.0,-1299.0,0.32,Accrual Risk,5.29,Moderate,-3.96,+,-,-,Reinvestor,,,,,,,,,,INSUFFICIENT,INSUFFICIENT,INSUFFICIENT,INSUFFICIENT,INSUFFICIENT,INSUFFICIENT,INSUFFICIENT,INSUFFICIENT,INSUFFICIENT,44.44
ICICIPRULI,2016,7.91,91.17,31.0,299.39,1.57,0.19,0,,Debt Free,0,-101995.0,0.2,3.72,73.0,3661.0,2.2,High Quality,0.13,Asset Light,19.26,+,+,-,Liquidating Assets,1.35,,,2.89,,,2.94,,,NORMAL,INSUFFICIENT,INSUFFICIENT,NORMAL,INSUFFICIENT,INSUFFICIENT,NORMAL,INSUFFICIENT,INSUFFICIENT,55.56
ICICIPRULI,2017,4.45,95.22,26.26,560.18,1.35,0.0,0,277.04,Interest Bearing,0,-121581.0,0.3,4.46,63.0,3434.0,2.46,High Quality,1.84,Asset Light,9.54,+,-,-,Shareholder Returns,19.99,,,2.52,,,2.94,,,NORMAL,INSUFFICIENT,INSUFFICIENT,NORMAL,INSUFFICIENT,INSUFFICIENT,NORMAL,INSUFFICIENT,INSUFFICIENT,66.67
ICICIPRULI,2018,4.17,95.44,24.63,561.83,1.14,0.0,0,280.81,Interest Bearing,0,-138537.0,0.27,4.58,59.0,301.0,3.51,High Quality,13.88,Capital Intensive,0.81,+,-,-,Shareholder Returns,4.07,14.16,,-0.43,1.34,,0.0,0.0,,NORMAL,NORMAL,INSUFFICIENT,NORMAL,NORMAL,INSUFFICIENT,NORMAL,NORMAL,INSUFFICIENT,77.78
ICICIPRULI,2019,2.75,98.7,16.58,583.76,0.7,0.0,0,50.34,Interest Bearing,0,-159003.0,0.25,4.78,40.0,3818.0,9.99,High Quality,18.23,Capital Intensive,9.33,+,-,-,Shareholder Returns,25.75,13.63,,-11.62,-6.11,,-12.64,-6.17,,NORMAL,NORMAL,INSUFFICIENT,NORMAL,NORMAL,INSUFFICIENT,NORMAL,NORMAL,INSUFFICIENT,77.78
ICICIPRULI,2020,5.07,101.52,14.79,274.01,0.68,0.0,0,13.52,Interest Bearing,0,-150776.0,0.13,5.02,11.0,-2201.0,8.06,High Quality,51.35,Capital Intensive,-10.31,+,-,-,Shareholder Returns,-17.77,-9.41,,-14.08,-8.24,,-16.45,-8.64,,NORMAL,NORMAL,INSUFFICIENT,NORMAL,NORMAL,INSUFFICIENT,NORMAL,NORMAL,INSUFFICIENT,44.44
ICICIPRULI,2021,1.15,100.47,10.5,794.48,0.44,0.13,0,50.07,Interest Bearing,0,-210527.0,0.38,6.34,30.0,2230.0,7.65,High Quality,6.11,Moderate,2.67,+,-,+,Mixed,28.91,31.88,,-16.1,-10.34,,-13.99,-10.22,,NORMAL,NORMAL,INSUFFICIENT,NORMAL,NORMAL,INSUFFICIENT,NORMAL,NORMAL,INSUFFICIENT,66.67
ICICIPRULI,2022,1.19,103.4,8.29,603.73,0.31,0.13,0,20.6,Interest Bearing,0,-236901.0,0.26,6.37,10.0,1015.0,2.41,High Quality,1.28,Asset Light,1.54,+,-,-,Shareholder Returns,15.31,10.94,,-12.65,-14.71,,-14.5,-16.06,,NORMAL,NORMAL,INSUFFICIENT,NORMAL,NORMAL,INSUFFICIENT,NORMAL,NORMAL,INSUFFICIENT,66.67
ICICIPRULI,2023,1.61,103.48,8.06,436.73,0.32,0.12,0,17.86,Interest Bearing,0,-247016.0,0.2,7.01,11.0,-1056.0,0.11,Accrual Risk,2.27,Asset Light,-2.02,+,-,-,Reinvestor,33.9,5.39,9.69,-8.66,-12.87,-6.03,-5.01,-11.42,-5.88,NORMAL,NORMAL,NORMAL,NORMAL,NORMAL,NORMAL,NORMAL,NORMAL,NORMAL,33.33
ICICIPRULI,2024,0.94,102.03,7.73,730.55,0.28,0.11,0,31.02,Interest Bearing,0,-288528.0,0.3,7.64,10.0,105.0,8.6,High Quality,8.22,Capital Intensive,0.11,-,+,-,Unknown,2.78,16.85,15.23,-3.8,-5.66,-5.89,-5.01,-5.59,-5.88,NORMAL,NORMAL,NORMAL,NORMAL,NORMAL,NORMAL,NORMAL,NORMAL,NORMAL,66.67
ICICIPRULI,2024,0.94,102.03,7.35,770.38,0.26,0.0,0,31.02,Interest Bearing,0,-314855.0,0.28,8.02,10.0,105.0,8.6,High Quality,8.22,Capital Intensive,0.11,-,+,-,Unknown,2.78,16.85,15.23,-3.8,-5.66,-5.89,-5.01,-5.59,-5.88,NORMAL,NORMAL,NORMAL,NORMAL,NORMAL,NORMAL,NORMAL,NORMAL,NORMAL,66.67
INDIGO,2013,8.55,90.71,17886.36,52344.16,3026.92,2.5,1,28.23,Interest Bearing,0,11.0,353.96,11.0,70.0,-149.0,2.21,High Quality,20.54,Capital Intensive,-1.78,+,-,+,Mixed,,,,,,,,,,INSUFFICIENT,INSUFFICIENT,INSUFFICIENT,INSUFFICIENT,INSUFFICIENT,INSUFFICIENT,INSUFFICIENT,INSUFFICIENT,INSUFFICIENT,44.44
INDIGO,2014,4.26,96.11,10772.73,55961.96,1354.29,3.18,1,27.34,Interest Bearing,0,14.0,317.63,11.0,80.0,-1319.0,3.36,High Quality,26.21,Capital Intensive,-12.35,+,-,+,Mixed,,,,,,,,,,INSUFFICIENT,INSUFFICIENT,INSUFFICIENT,INSUFFICIENT,INSUFFICIENT,INSUFFICIENT,INSUFFICIENT,INSUFFICIENT,INSUFFICIENT,44.44
INDIGO,2015,9.36,86.33,4939.39,38292.76,2137.7,0.15,0,30.47,Interest Bearing,0,3.0,228.28,66.0,83.0,1444.0,1.83,High Quality,6.75,Moderate,12.01,+,-,-,Shareholder Returns,,,,,,,,,,INSUFFICIENT,INSUFFICIENT,INSUFFICIENT,INSUFFICIENT,INSUFFICIENT,INSUFFICIENT,INSUFFICIENT,INSUFFICIENT,INSUFFICIENT,66.67
INDIGO,2016,12.3,80.4,1534.78,9083.7,1013.27,0.06,0,25.23,Interest Bearing,0,-116.0,82.35,323.5,27.0,1779.0,1.57,High Quality,8.28,Capital Intensive,13.71,+,-,-,Shareholder Returns,20.59,,,36.14,,,-87.1,,,NORMAL,INSUFFICIENT,INSUFFICIENT,NORMAL,INSUFFICIENT,INSUFFICIENT,NORMAL,INSUFFICIENT,INSUFFICIENT,66.67
INDIGO,2017,8.93,88.06,1692.86,10390.0,674.39,0.53,0,20.75,Interest Bearing,0,36.0,75.53,3.38,74.0,749.0,2.28,High Quality,16.32,Capital Intensive,4.58,+,-,-,Shareholder Returns,18.67,,,51.83,,,-85.62,,,NORMAL,INSUFFICIENT,INSUFFICIENT,NORMAL,INSUFFICIENT,INSUFFICIENT,NORMAL,INSUFFICIENT,INSUFFICIENT,66.67
INDIGO,2018,9.74,86.84,2242.0,12374.68,803.58,0.54,0,21.12,Interest Bearing,0,39.0,82.51,3.45,10.0,-249.0,1.74,High Quality,18.04,Capital Intensive,-1.25,+,-,+,Mixed,18.24,20.13,,19.8,23.29,,-88.91,-70.43,,NORMAL,NORMAL,INSUFFICIENT,NORMAL,NORMAL,INSUFFICIENT,NORMAL,NORMAL,INSUFFICIENT,77.78
INDIGO,2019,0.55,100.53,120.93,12590.78,41.82,0.68,0,21.62,Interest Bearing,0,68.0,76.4,4.45,123.0,634.0,20.26,High Quality,8.86,Capital Intensive,2.21,+,-,-,Shareholder Returns,20.86,20.72,,-57.17,-19.93,,-58.26,-80.83,,NORMAL,NORMAL,INSUFFICIENT,NORMAL,NORMAL,INSUFFICIENT,NORMAL,NORMAL,INSUFFICIENT,77.78
INDIGO,2020,-0.69,88.62,-138.55,11876.77,-58.77,0.42,0,20.7,Interest Bearing,0,54.0,84.73,6.17,0.0,2370.0,28.0,High Quality,12.79,Capital Intensive,7.48,+,-,-,Shareholder Returns,24.38,20.76,,,,,,,,NORMAL,NORMAL,INSUFFICIENT,DECLINE_TO_LOSS,DECLINE_TO_LOSS,INSUFFICIENT,DECLINE_TO_LOSS,DECLINE_TO_LOSS,INSUFFICIENT,66.67
INDIGO,2021,-42.15,99.98,-1094.15,2373.82,-760.91,0.02,0,14.13,Interest Bearing,0,-41.0,18.05,11.75,0.0,1608.0,0.26,Accrual Risk,22.05,Capital Intensive,10.99,-,+,-,Unknown,-14.0,-1.93,,,,,,,,NORMAL,NORMAL,INSUFFICIENT,DECLINE_TO_LOSS,DECLINE_TO_LOSS,INSUFFICIENT,DECLINE_TO_LOSS,DECLINE_TO_LOSS,INSUFFICIENT,44.44
INDIGO,2022,-1.22,97.85,-48.77,3723.56,-34.46,0.02,0,35.0,Interest Bearing,0,-161.0,28.19,13.54,0.0,3591.0,6.51,High Quality,5.89,Moderate,14.15,+,+,-,Liquidating Assets,-3.1,6.89,,,,,,,,NORMAL,NORMAL,INSUFFICIENT,DECLINE_TO_LOSS,DECLINE_TO_LOSS,INSUFFICIENT,DECLINE_TO_LOSS,DECLINE_TO_LOSS,INSUFFICIENT,55.56
INDIGO,2023,-0.58,88.02,-40.8,5894.42,-29.85,0.02,0,33.5,Interest Bearing,0,-120.0,51.27,16.19,0.0,8664.0,40.07,High Quality,7.42,Moderate,18.08,+,-,-,Shareholder Returns,15.05,18.79,19.45,,,,,,,NORMAL,NORMAL,NORMAL,BOTH_NEGATIVE,DECLINE_TO_LOSS,DECLINE_TO_LOSS,BOTH_NEGATIVE,DECLINE_TO_LOSS,DECLINE_TO_LOSS,66.67
INDIGO,2024,11.85,76.3,892.57,5393.88,668.33,0.02,0,22.61,Interest Bearing,0,-171.0,56.39,19.06,0.0,9424.0,2.59,High Quality,17.07,Capital Intensive,17.93,+,-,-,Shareholder Returns,67.58,19.31,20.01,,120.69,32.93,,121.24,-34.88,NORMAL,NORMAL,NORMAL,TURNAROUND,NORMAL,NORMAL,TURNAROUND,NORMAL,NORMAL,100.0
INDIGO,2024,11.85,76.3,856.98,5166.6,659.16,0.02,0,22.61,Interest Bearing,0,-158.0,55.61,19.85,0.0,9424.0,2.59,High Quality,17.07,Capital Intensive,17.93,+,-,-,Shareholder Returns,67.58,19.31,20.01,,120.69,32.93,,121.24,-34.88,NORMAL,NORMAL,NORMAL,TURNAROUND,NORMAL,NORMAL,TURNAROUND,NORMAL,NORMAL,100.0
INDUSINDBK,2013,15.19,27.88,13.91,0.83,1.45,8.33,1,1.43,Interest Bearing,1,43922.0,0.1,14.59,15.0,-660.0,0.46,Accrual Risk,2.49,Asset Light,-33.9,-,-,+,Growth Funded by Debt,,,,,,,,,,INSUFFICIENT,INSUFFICIENT,INSUFFICIENT,INSUFFICIENT,INSUFFICIENT,INSUFFICIENT,INSUFFICIENT,INSUFFICIENT,INSUFFICIENT,0.0
INDUSINDBK,2014,17.06,30.95,15.57,0.79,1.62,8.32,1,1.35,Interest Bearing,1,53701.0,0.09,17.19,13.0,-4280.0,2.92,High Quality,2.11,Asset Light,-167.51,-,-,+,Growth Funded by Debt,,,,,,,,,,INSUFFICIENT,INSUFFICIENT,INSUFFICIENT,INSUFFICIENT,INSUFFICIENT,INSUFFICIENT,INSUFFICIENT,INSUFFICIENT,INSUFFICIENT,22.22
INDUSINDBK,2015,18.51,32.33,16.85,0.56,1.6,8.9,1,1.23,Interest Bearing,1,71874.0,0.09,20.12,12.0,-1697.0,0.79,Moderate,2.85,Asset Light,-54.17,-,-,+,Growth Funded by Debt,,,,,,,,,,INSUFFICIENT,INSUFFICIENT,INSUFFICIENT,INSUFFICIENT,INSUFFICIENT,INSUFFICIENT,INSUFFICIENT,INSUFFICIENT,INSUFFICIENT,11.11
INDUSINDBK,2016,19.26,35.28,12.92,0.66,1.6,6.67,1,1.27,Interest Bearing,1,83942.0,0.08,29.74,12.0,-3185.0,1.28,High Quality,2.17,Asset Light,-76.05,-,-,+,Growth Funded by Debt,19.35,,,29.16,,,23.86,,,NORMAL,INSUFFICIENT,INSUFFICIENT,NORMAL,INSUFFICIENT,INSUFFICIENT,NORMAL,INSUFFICIENT,INSUFFICIENT,11.11
INDUSINDBK,2017,19.91,39.46,13.89,0.89,1.61,7.22,1,1.36,Interest Bearing,1,112324.0,0.08,34.53,13.0,11284.0,4.03,High Quality,1.98,Asset Light,198.52,+,-,-,Shareholder Returns,20.4,,,26.76,,,21.14,,,NORMAL,INSUFFICIENT,INSUFFICIENT,NORMAL,INSUFFICIENT,INSUFFICIENT,NORMAL,INSUFFICIENT,INSUFFICIENT,22.22
INDUSINDBK,2018,20.87,37.93,15.13,0.85,1.63,7.97,1,1.38,Interest Bearing,1,139851.0,0.08,39.73,12.0,-20917.0,5.74,High Quality,1.26,Asset Light,-319.1,-,-,+,Growth Funded by Debt,21.26,19.87,,26.2,27.72,,20.84,24.57,,NORMAL,NORMAL,INSUFFICIENT,NORMAL,NORMAL,INSUFFICIENT,NORMAL,NORMAL,INSUFFICIENT,55.56
INDUSINDBK,2019,14.83,41.7,12.37,1.35,1.19,9.08,1,1.64,Interest Bearing,0,182923.0,0.08,44.26,14.0,-7022.0,1.94,High Quality,2.84,Asset Light,-75.64,-,-,+,Growth Funded by Debt,23.31,21.95,,13.03,18.58,,13.12,15.29,,NORMAL,NORMAL,INSUFFICIENT,NORMAL,NORMAL,INSUFFICIENT,NORMAL,NORMAL,INSUFFICIENT,44.44
INDUSINDBK,2020,15.35,43.81,12.73,1.9,1.44,7.57,1,1.81,Interest Bearing,0,202813.0,0.09,50.01,0.0,-11513.0,2.72,High Quality,1.83,Asset Light,-91.29,-,+,+,Distress Signal,25.95,24.32,,15.49,19.75,,10.06,13.49,,NORMAL,NORMAL,INSUFFICIENT,NORMAL,NORMAL,INSUFFICIENT,NORMAL,NORMAL,INSUFFICIENT,44.44
INDUSINDBK,2021,9.78,55.16,6.54,2.69,0.78,7.09,1,2.44,Interest Bearing,0,237833.0,0.08,56.1,14.0,44420.0,15.74,High Quality,0.78,Asset Light,277.68,+,-,-,Shareholder Returns,18.83,19.56,,-7.69,4.41,,-14.88,-0.53,,NORMAL,NORMAL,INSUFFICIENT,NORMAL,NORMAL,INSUFFICIENT,NORMAL,NORMAL,INSUFFICIENT,33.33
INDUSINDBK,2022,14.96,51.39,9.67,2.19,1.15,7.15,1,2.16,Interest Bearing,0,270034.0,0.08,61.55,14.0,16249.0,3.6,High Quality,1.14,Asset Light,102.58,+,-,-,Shareholder Returns,11.46,16.43,,11.78,9.96,,2.94,4.56,,NORMAL,NORMAL,INSUFFICIENT,NORMAL,NORMAL,INSUFFICIENT,NORMAL,NORMAL,INSUFFICIENT,33.33
INDUSINDBK,2023,20.32,42.69,13.53,1.67,1.61,7.06,1,1.9,Interest Bearing,0,302333.0,0.08,70.39,15.0,-12879.0,1.68,High Quality,1.21,Asset Light,-82.96,-,-,+,Growth Funded by Debt,8.11,16.05,17.94,18.71,15.43,21.42,14.07,9.63,16.86,NORMAL,NORMAL,NORMAL,NORMAL,NORMAL,NORMAL,NORMAL,NORMAL,NORMAL,33.33
INDUSINDBK,2024,19.56,38.55,14.25,1.67,1.74,6.89,1,1.88,Interest Bearing,0,325877.0,0.09,80.72,14.0,-17468.0,1.88,High Quality,1.37,Asset Light,-99.04,-,-,-,Pre-Revenue,16.41,15.5,18.68,46.68,22.08,20.32,45.94,15.9,15.59,NORMAL,NORMAL,NORMAL,NORMAL,NORMAL,NORMAL,NORMAL,NORMAL,NORMAL,44.44
INFY,2013,23.37,28.59,24.82,36.58,20.38,0.0,0,2780.6,Interest Bearing,0,-2116.0,0.87,132.85,25.0,4451.0,0.78,Moderate,7.24,Moderate,38.58,+,-,-,Reinvestor,,,,,,,,,,INSUFFICIENT,INSUFFICIENT,INSUFFICIENT,INSUFFICIENT,INSUFFICIENT,INSUFFICIENT,INSUFFICIENT,INSUFFICIENT,INSUFFICIENT,55.56
INFY,2014,21.26,26.71,23.93,36.03,18.71,0.0,0,1783.78,Interest Bearing,0,-4331.0,0.88,155.7,34.0,7262.0,0.92,Moderate,5.11,Moderate,54.23,+,-,-,Reinvestor,,,,,,,,,,INSUFFICIENT,INSUFFICIENT,INSUFFICIENT,INSUFFICIENT,INSUFFICIENT,INSUFFICIENT,INSUFFICIENT,INSUFFICIENT,INSUFFICIENT,55.56
INFY,2015,23.2,27.91,24.39,36.07,18.66,0.0,0,1526.08,Interest Bearing,0,-2270.0,0.8,88.7,55.0,9352.0,0.68,Moderate,1.87,Asset Light,62.84,+,+,-,Liquidating Assets,,,,,,,,,,INSUFFICIENT,INSUFFICIENT,INSUFFICIENT,INSUFFICIENT,INSUFFICIENT,INSUFFICIENT,INSUFFICIENT,INSUFFICIENT,INSUFFICIENT,55.56
INFY,2016,21.6,27.35,21.85,32.71,17.96,0.0,0,,Debt Free,0,-1892.0,0.83,53.97,41.0,9143.0,0.74,Moderate,1.42,Asset Light,53.53,+,-,-,Reinvestor,15.66,,,12.68,,,11.36,,,NORMAL,INSUFFICIENT,INSUFFICIENT,NORMAL,INSUFFICIENT,INSUFFICIENT,NORMAL,INSUFFICIENT,INSUFFICIENT,44.44
INFY,2017,20.96,27.17,20.81,31.39,17.26,0.0,0,,Debt Free,0,-16423.0,0.82,60.3,41.0,-3133.0,0.8,Moderate,21.41,Capital Intensive,-16.84,+,-,-,Reinvestor,10.96,,,10.44,,,10.46,,,NORMAL,INSUFFICIENT,INSUFFICIENT,NORMAL,INSUFFICIENT,INSUFFICIENT,NORMAL,INSUFFICIENT,INSUFFICIENT,33.33
INFY,2018,22.73,26.69,24.69,34.09,20.2,0.0,0,,Debt Free,0,-12163.0,0.89,59.67,59.0,17751.0,0.82,Moderate,6.43,Moderate,94.31,+,+,-,Liquidating Assets,9.77,11.81,,9.02,11.2,,11.07,11.99,,NORMAL,NORMAL,INSUFFICIENT,NORMAL,NORMAL,INSUFFICIENT,NORMAL,NORMAL,INSUFFICIENT,77.78
INFY,2019,18.64,24.4,23.73,35.49,18.33,0.0,0,,Debt Free,0,-11261.0,0.98,29.93,60.0,14209.0,0.96,Moderate,0.76,Asset Light,70.45,+,-,-,Reinvestor,9.81,10.52,,4.54,7.66,,6.47,8.76,,NORMAL,NORMAL,INSUFFICIENT,NORMAL,NORMAL,INSUFFICIENT,NORMAL,NORMAL,INSUFFICIENT,55.56
INFY,2020,18.33,24.53,25.42,35.53,18.13,0.07,0,147.47,Interest Bearing,0,-4159.0,0.99,30.84,45.0,16672.0,1.02,High Quality,0.36,Asset Light,74.87,+,-,-,Shareholder Returns,9.85,11.23,,5.05,6.11,,7.95,7.63,,NORMAL,NORMAL,INSUFFICIENT,NORMAL,NORMAL,INSUFFICIENT,NORMAL,NORMAL,INSUFFICIENT,77.78
INFY,2021,19.33,27.76,25.44,36.6,18.07,0.07,0,154.31,Interest Bearing,0,-8880.0,0.93,35.95,59.0,15851.0,1.2,High Quality,7.34,Moderate,56.84,+,-,-,Shareholder Returns,12.52,9.98,,6.61,7.56,,6.74,9.18,,NORMAL,NORMAL,INSUFFICIENT,NORMAL,NORMAL,INSUFFICIENT,NORMAL,NORMAL,INSUFFICIENT,66.67
INFY,2022,18.21,25.89,29.39,41.55,18.97,0.07,0,168.93,Interest Bearing,0,-14850.0,1.04,35.92,59.0,17400.0,1.08,High Quality,5.33,Moderate,55.25,+,-,-,Shareholder Returns,13.74,12.18,,12.85,9.06,,14.83,11.32,,NORMAL,NORMAL,INSUFFICIENT,NORMAL,NORMAL,INSUFFICIENT,NORMAL,NORMAL,INSUFFICIENT,88.89
INFY,2023,16.43,23.94,31.97,44.86,19.35,0.11,0,133.21,Interest Bearing,0,-11179.0,1.18,36.45,73.0,21396.0,0.93,Moderate,0.73,Asset Light,60.91,+,-,-,Reinvestor,17.36,15.79,13.78,13.16,8.51,9.84,14.14,9.41,10.69,NORMAL,NORMAL,NORMAL,NORMAL,NORMAL,NORMAL,NORMAL,NORMAL,NORMAL,66.67
INFY,2024,17.08,23.7,29.79,42.15,19.3,0.09,0,87.52,Interest Bearing,0,-16264.0,1.13,42.55,0.0,20117.0,0.96,Moderate,3.31,Moderate,55.23,+,-,-,Reinvestor,15.22,13.2,11.85,10.56,11.24,9.43,11.87,12.47,10.6,NORMAL,NORMAL,NORMAL,NORMAL,NORMAL,NORMAL,NORMAL,NORMAL,NORMAL,88.89
INFY,2024,17.08,23.7,29.02,40.97,18.5,0.1,0,87.52,Interest Bearing,0,-8590.0,1.08,43.66,0.0,20117.0,0.96,Moderate,3.31,Moderate,55.23,+,-,-,Reinvestor,15.22,13.2,11.85,10.56,11.24,9.43,11.87,12.47,10.6,NORMAL,NORMAL,NORMAL,NORMAL,NORMAL,NORMAL,NORMAL,NORMAL,NORMAL,88.89
IOC,2013,0.79,3.0,5.75,6.68,1.5,1.42,0,2.42,Interest Bearing,0,72320.0,1.91,25.96,36.0,46.0,2.58,High Quality,2.01,Asset Light,0.33,+,-,+,Mixed,,,,,,,,,,INSUFFICIENT,INSUFFICIENT,INSUFFICIENT,INSUFFICIENT,INSUFFICIENT,INSUFFICIENT,INSUFFICIENT,INSUFFICIENT,INSUFFICIENT,22.22
IOC,2014,1.43,3.53,10.26,10.03,2.62,1.4,0,3.75,Interest Bearing,0,79021.0,1.84,27.97,30.0,5601.0,3.47,High Quality,3.81,Moderate,32.52,+,-,-,Shareholder Returns,,,,,,,,,,INSUFFICIENT,INSUFFICIENT,INSUFFICIENT,INSUFFICIENT,INSUFFICIENT,INSUFFICIENT,INSUFFICIENT,INSUFFICIENT,INSUFFICIENT,33.33
IOC,2015,1.08,2.35,7.08,9.15,2.08,0.94,0,3.91,Interest Bearing,0,48824.0,1.92,28.35,33.0,35877.0,9.46,High Quality,2.27,Asset Light,339.26,+,-,-,Shareholder Returns,,,,,,,,,,INSUFFICIENT,INSUFFICIENT,INSUFFICIENT,INSUFFICIENT,INSUFFICIENT,INSUFFICIENT,INSUFFICIENT,INSUFFICIENT,INSUFFICIENT,44.44
IOC,2016,3.59,6.37,13.8,16.0,5.36,0.65,0,7.82,Interest Bearing,0,27367.0,1.49,37.97,28.0,12014.0,2.06,High Quality,3.93,Moderate,54.51,+,-,-,Shareholder Returns,-9.17,,,50.7,,,38.67,,,NORMAL,INSUFFICIENT,INSUFFICIENT,NORMAL,INSUFFICIENT,INSUFFICIENT,NORMAL,INSUFFICIENT,INSUFFICIENT,55.56
IOC,2017,5.74,9.61,19.97,21.02,7.45,0.62,0,10.29,Interest Bearing,0,19584.0,1.3,21.54,45.0,10532.0,1.38,High Quality,4.98,Moderate,30.84,+,-,-,Shareholder Returns,-10.05,,,43.03,,,40.95,,,NORMAL,INSUFFICIENT,INSUFFICIENT,NORMAL,INSUFFICIENT,INSUFFICIENT,NORMAL,INSUFFICIENT,INSUFFICIENT,66.67
IOC,2018,5.37,9.88,19.87,23.46,7.65,0.58,0,11.87,Interest Bearing,0,20844.0,1.42,12.01,90.0,11996.0,1.29,High Quality,4.06,Moderate,28.8,+,-,-,Shareholder Returns,-2.12,-1.81,,66.84,44.22,,71.0,37.97,,NORMAL,NORMAL,INSUFFICIENT,NORMAL,NORMAL,INSUFFICIENT,NORMAL,NORMAL,INSUFFICIENT,88.89
IOC,2019,3.27,6.68,15.36,16.46,5.15,0.86,0,7.99,Interest Bearing,0,52653.0,1.57,12.25,49.0,-9822.0,0.74,Moderate,4.27,Moderate,-27.85,+,-,+,Mixed,15.14,1.58,,11.64,19.91,,14.47,19.14,,NORMAL,NORMAL,INSUFFICIENT,NORMAL,NORMAL,INSUFFICIENT,NORMAL,NORMAL,INSUFFICIENT,66.67
IOC,2020,-0.39,3.32,-1.97,1.37,-0.57,1.36,0,1.53,Interest Bearing,0,94219.0,1.47,10.39,-437.0,-21955.0,3.81,High Quality,6.02,Moderate,-136.77,+,-,+,Mixed,10.83,1.48,,,,,,,,NORMAL,NORMAL,INSUFFICIENT,DECLINE_TO_LOSS,DECLINE_TO_LOSS,INSUFFICIENT,DECLINE_TO_LOSS,DECLINE_TO_LOSS,INSUFFICIENT,11.11
IOC,2021,5.98,10.97,19.46,18.25,6.13,1.04,0,15.21,Interest Bearing,0,71932.0,1.02,12.18,51.0,26715.0,2.28,High Quality,6.3,Moderate,66.91,+,-,-,Shareholder Returns,-4.78,1.01,,-1.29,11.88,,0.0,13.4,,NORMAL,NORMAL,INSUFFICIENT,NORMAL,NORMAL,INSUFFICIENT,NORMAL,NORMAL,INSUFFICIENT,77.78
IOC,2022,4.37,8.1,19.27,17.56,6.26,0.99,0,9.55,Interest Bearing,0,79668.0,1.43,14.54,46.0,4453.0,1.0,High Quality,3.61,Moderate,9.32,+,-,-,Shareholder Returns,3.72,10.65,,14.2,4.76,,14.47,5.15,,NORMAL,NORMAL,INSUFFICIENT,NORMAL,NORMAL,INSUFFICIENT,NORMAL,NORMAL,INSUFFICIENT,77.78
IOC,2023,1.39,3.65,8.38,9.77,2.65,1.07,0,4.72,Interest Bearing,0,96787.0,1.9,10.15,42.0,1614.0,2.53,High Quality,3.33,Moderate,5.26,+,-,-,Shareholder Returns,20.28,14.84,6.19,,-12.35,12.43,,-14.14,8.84,NORMAL,NORMAL,NORMAL,TURNAROUND,NORMAL,NORMAL,TURNAROUND,NORMAL,NORMAL,44.44
IOC,2024,5.56,9.74,23.53,23.15,8.94,0.72,0,10.28,Interest Bearing,0,67086.0,1.61,13.32,40.0,39635.0,1.65,High Quality,4.05,Moderate,52.4,+,-,-,Shareholder Returns,28.73,8.01,4.74,25.64,20.1,20.01,25.99,20.11,19.62,NORMAL,NORMAL,NORMAL,NORMAL,NORMAL,NORMAL,NORMAL,NORMAL,NORMAL,88.89
IOC,2024,5.56,9.74,23.8,21.22,8.46,0.9,0,10.28,Interest Bearing,0,93223.0,1.52,13.17,40.0,39635.0,1.65,High Quality,4.05,Moderate,52.4,+,-,-,Shareholder Returns,28.73,8.01,4.74,25.64,20.1,20.01,25.99,20.11,19.62,NORMAL,NORMAL,NORMAL,NORMAL,NORMAL,NORMAL,NORMAL,NORMAL,NORMAL,88.89
IRCTC,2015,12.37,14.35,29.5,52.7,11.27,0.0,0,,Debt Free,0,0.0,0.91,22.2,20.0,23.0,0.53,Moderate,4.34,Moderate,15.13,+,-,-,Reinvestor,,,,,,,,,,INSUFFICIENT,INSUFFICIENT,INSUFFICIENT,INSUFFICIENT,INSUFFICIENT,INSUFFICIENT,INSUFFICIENT,INSUFFICIENT,INSUFFICIENT,44.44
IRCTC,2016,13.83,13.9,34.87,60.7,13.15,0.0,0,,Debt Free,0,0.0,0.95,27.1,40.0,295.0,1.52,High Quality,0.51,Asset Light,155.26,+,+,-,Liquidating Assets,,,,,,,,,,INSUFFICIENT,INSUFFICIENT,INSUFFICIENT,INSUFFICIENT,INSUFFICIENT,INSUFFICIENT,INSUFFICIENT,INSUFFICIENT,INSUFFICIENT,55.56
IRCTC,2017,15.07,20.66,29.1,48.03,12.54,0.0,0,127.0,Interest Bearing,0,0.0,0.83,19.68,49.0,432.0,1.48,High Quality,6.18,Moderate,137.58,+,+,-,Liquidating Assets,,,,,,,,,,INSUFFICIENT,INSUFFICIENT,INSUFFICIENT,INSUFFICIENT,INSUFFICIENT,INSUFFICIENT,INSUFFICIENT,INSUFFICIENT,INSUFFICIENT,66.67
IRCTC,2018,15.08,18.69,23.14,38.74,9.53,0.0,0,124.33,Interest Bearing,0,0.0,0.63,23.88,21.0,64.0,0.11,Accrual Risk,2.73,Asset Light,23.36,+,+,-,Liquidating Assets,11.45,,,19.04,,,-5.42,,,NORMAL,INSUFFICIENT,INSUFFICIENT,NORMAL,INSUFFICIENT,INSUFFICIENT,NORMAL,INSUFFICIENT,INSUFFICIENT,55.56
IRCTC,2019,16.52,20.48,28.85,47.34,11.91,0.0,0,254.5,Interest Bearing,0,0.0,0.72,6.69,98.0,146.0,1.61,High Quality,18.88,Capital Intensive,38.12,+,-,-,Shareholder Returns,11.01,,,17.81,,,-40.51,,,NORMAL,INSUFFICIENT,INSUFFICIENT,NORMAL,INSUFFICIENT,INSUFFICIENT,NORMAL,INSUFFICIENT,INSUFFICIENT,66.67
IRCTC,2020,22.66,31.05,39.04,58.6,15.83,0.0,0,78.0,Interest Bearing,0,0.0,0.7,8.21,39.0,417.0,0.8,Moderate,0.35,Asset Light,59.32,+,+,-,Liquidating Assets,14.2,16.41,,30.85,31.39,,-18.29,-14.33,,NORMAL,NORMAL,INSUFFICIENT,NORMAL,NORMAL,INSUFFICIENT,NORMAL,NORMAL,INSUFFICIENT,77.78
IRCTC,2021,24.07,24.2,12.84,19.8,5.93,0.05,0,39.0,Interest Bearing,0,79.0,0.25,9.1,43.0,-205.0,1.33,High Quality,58.3,Capital Intensive,-109.04,+,-,-,Shareholder Returns,-19.07,-10.68,,-5.42,-0.21,,-43.35,-36.25,,NORMAL,NORMAL,INSUFFICIENT,NORMAL,NORMAL,INSUFFICIENT,NORMAL,NORMAL,INSUFFICIENT,44.44
IRCTC,2022,35.13,46.51,35.29,47.34,16.99,0.06,0,86.0,Interest Bearing,0,105.0,0.48,11.69,42.0,282.0,0.79,Moderate,12.88,Capital Intensive,32.27,+,-,-,Reinvestor,0.16,4.33,,28.78,23.58,,25.99,-6.17,,NORMAL,NORMAL,INSUFFICIENT,NORMAL,NORMAL,INSUFFICIENT,NORMAL,NORMAL,INSUFFICIENT,66.67
IRCTC,2023,28.41,36.04,40.6,54.96,19.77,0.03,0,89.0,Interest Bearing,0,84.0,0.7,15.49,44.0,495.0,0.81,Moderate,8.95,Capital Intensive,38.79,+,-,-,Reinvestor,16.08,19.29,,25.17,35.41,,29.4,3.4,,NORMAL,NORMAL,INSUFFICIENT,NORMAL,NORMAL,INSUFFICIENT,NORMAL,NORMAL,INSUFFICIENT,77.78
IRCTC,2024,26.02,34.33,34.4,47.2,18.24,0.02,0,82.74,Interest Bearing,0,60.0,0.7,20.19,47.0,667.0,0.79,Moderate,5.04,Moderate,45.5,+,-,-,Reinvestor,76.47,17.96,,81.12,29.17,,91.29,28.47,,NORMAL,NORMAL,INSUFFICIENT,NORMAL,NORMAL,INSUFFICIENT,NORMAL,NORMAL,INSUFFICIENT,88.89
IRCTC,2024,26.02,34.33,31.54,43.56,16.34,0.01,0,82.74,Interest Bearing,0,27.0,0.63,22.02,47.0,667.0,0.79,Moderate,5.04,Moderate,45.5,+,-,-,Reinvestor,76.47,17.96,,81.12,29.17,,91.29,28.47,,NORMAL,NORMAL,INSUFFICIENT,NORMAL,NORMAL,INSUFFICIENT,NORMAL,NORMAL,INSUFFICIENT,88.89
IRFC,2016,11.31,99.48,7.37,1.97,0.78,7.59,1,1.35,Interest Bearing,1,87495.0,0.07,2.55,40.0,-16376.0,19.29,High Quality,0.03,Asset Light,-219.28,-,+,+,Distress Signal,,,,,,,,,,INSUFFICIENT,INSUFFICIENT,INSUFFICIENT,INSUFFICIENT,INSUFFICIENT,INSUFFICIENT,INSUFFICIENT,INSUFFICIENT,INSUFFICIENT,11.11
IRFC,2017,10.32,99.71,7.78,1.8,0.72,8.86,1,1.31,Interest Bearing,1,106387.0,0.07,1.84,40.0,-19453.0,20.83,High Quality,0.02,Asset Light,-215.64,-,+,+,Distress Signal,,,,,,,,,,INSUFFICIENT,INSUFFICIENT,INSUFFICIENT,INSUFFICIENT,INSUFFICIENT,INSUFFICIENT,INSUFFICIENT,INSUFFICIENT,INSUFFICIENT,11.11
IRFC,2018,22.18,99.59,14.75,1.75,1.27,9.62,1,1.39,Interest Bearing,1,133992.0,0.06,2.13,18.0,-28074.0,13.66,High Quality,0.02,Asset Light,-304.19,-,+,+,Distress Signal,,,,,,,,,,INSUFFICIENT,INSUFFICIENT,INSUFFICIENT,INSUFFICIENT,INSUFFICIENT,INSUFFICIENT,INSUFFICIENT,INSUFFICIENT,INSUFFICIENT,11.11
IRFC,2019,20.25,99.56,9.01,1.46,1.09,6.95,1,1.35,Interest Bearing,1,173920.0,0.05,2.67,18.0,-41747.0,18.51,High Quality,0.01,Asset Light,-376.61,-,+,+,Distress Signal,14.04,,,38.49,,,-78.01,,,NORMAL,INSUFFICIENT,INSUFFICIENT,NORMAL,INSUFFICIENT,INSUFFICIENT,NORMAL,INSUFFICIENT,INSUFFICIENT,11.11
IRFC,2020,23.78,99.51,10.54,1.21,1.16,7.74,1,1.31,Interest Bearing,1,234365.0,0.05,2.55,0.0,-62700.0,19.64,High Quality,0.01,Asset Light,-469.49,-,+,+,Distress Signal,14.05,,,50.63,,,-72.42,,,NORMAL,INSUFFICIENT,INSUFFICIENT,NORMAL,INSUFFICIENT,INSUFFICIENT,NORMAL,INSUFFICIENT,INSUFFICIENT,11.11
IRFC,2021,28.0,99.28,12.3,1.23,1.16,9.0,1,1.39,Interest Bearing,1,323133.0,0.04,2.75,31.0,-89907.0,20.36,High Quality,0.0,Asset Light,-574.23,-,0,+,Unknown,19.39,16.01,,29.04,39.07,,0.0,-56.29,,NORMAL,NORMAL,INSUFFICIENT,NORMAL,NORMAL,INSUFFICIENT,NORMAL,NORMAL,INSUFFICIENT,33.33
IRFC,2022,30.0,99.4,14.85,1.42,1.35,9.47,1,1.43,Interest Bearing,1,388430.0,0.05,3.14,30.0,-64417.0,10.58,High Quality,0.02,Asset Light,-319.26,-,-,+,Growth Funded by Debt,22.16,17.54,,39.26,45.5,,35.72,-48.86,,NORMAL,NORMAL,INSUFFICIENT,NORMAL,NORMAL,INSUFFICIENT,NORMAL,NORMAL,INSUFFICIENT,33.33
IRFC,2023,26.0,99.44,13.8,1.33,1.26,9.38,1,1.35,Interest Bearing,1,418921.0,0.05,3.42,32.0,-28588.0,4.64,High Quality,0.0,Asset Light,-121.2,-,0,+,Unknown,20.91,20.68,,24.55,24.58,,18.56,10.76,,NORMAL,NORMAL,INSUFFICIENT,NORMAL,NORMAL,INSUFFICIENT,NORMAL,NORMAL,INSUFFICIENT,44.44
IRFC,2024,24.06,99.5,13.04,1.39,1.32,8.38,1,1.32,Interest Bearing,1,411985.0,0.05,3.76,31.0,7906.0,1.23,High Quality,0.03,Asset Light,29.82,+,-,-,Shareholder Returns,19.1,19.07,,13.24,23.25,,18.56,20.11,,NORMAL,NORMAL,INSUFFICIENT,NORMAL,NORMAL,INSUFFICIENT,NORMAL,NORMAL,INSUFFICIENT,55.56
IRFC,2024,24.06,99.5,12.46,1.41,1.3,7.83,1,1.32,Interest Bearing,1,403055.0,0.05,3.94,31.0,7906.0,1.23,High Quality,0.03,Asset Light,29.82,+,-,-,Shareholder Returns,19.1,19.07,,13.24,23.25,,18.56,20.11,,NORMAL,NORMAL,INSUFFICIENT,NORMAL,NORMAL,INSUFFICIENT,NORMAL,NORMAL,INSUFFICIENT,55.56
ITC,2013,24.37,35.49,33.27,51.44,21.81,0.0,0,111.79,Interest Bearing,0,-5879.0,0.89,29.31,55.0,3221.0,0.92,Moderate,12.27,Capital Intensive,28.71,+,-,-,Reinvestor,,,,,,,,,,INSUFFICIENT,INSUFFICIENT,INSUFFICIENT,INSUFFICIENT,INSUFFICIENT,INSUFFICIENT,INSUFFICIENT,INSUFFICIENT,INSUFFICIENT,55.56
ITC,2014,25.49,37.05,33.05,51.01,22.04,0.01,0,484.34,Interest Bearing,0,-7042.0,0.86,34.26,54.0,4090.0,0.82,Moderate,9.22,Capital Intensive,31.27,+,-,-,Reinvestor,,,,,,,,,,INSUFFICIENT,INSUFFICIENT,INSUFFICIENT,INSUFFICIENT,INSUFFICIENT,INSUFFICIENT,INSUFFICIENT,INSUFFICIENT,INSUFFICIENT,55.56
ITC,2015,25.19,36.72,30.81,48.09,21.28,0.01,0,170.12,Interest Bearing,0,-6674.0,0.84,39.57,52.0,4568.0,1.01,High Quality,13.59,Capital Intensive,32.05,+,-,-,Shareholder Returns,,,,,,,,,,INSUFFICIENT,INSUFFICIENT,INSUFFICIENT,INSUFFICIENT,INSUFFICIENT,INSUFFICIENT,INSUFFICIENT,INSUFFICIENT,INSUFFICIENT,66.67
ITC,2016,24.24,37.08,22.26,37.26,18.39,0.0,0,205.31,Interest Bearing,0,-11664.0,0.76,53.02,73.0,5878.0,1.03,High Quality,10.0,Capital Intensive,40.45,+,-,-,Shareholder Returns,7.42,,,7.24,,,10.06,,,NORMAL,INSUFFICIENT,INSUFFICIENT,NORMAL,INSUFFICIENT,INSUFFICIENT,NORMAL,INSUFFICIENT,INSUFFICIENT,66.67
ITC,2017,24.5,36.17,22.57,36.98,18.74,0.0,0,351.61,Interest Bearing,0,-17535.0,0.77,38.2,56.0,7376.0,1.01,High Quality,7.6,Moderate,47.68,+,-,-,Shareholder Returns,6.6,,,5.19,,,4.55,,,NORMAL,INSUFFICIENT,INSUFFICIENT,NORMAL,INSUFFICIENT,INSUFFICIENT,NORMAL,INSUFFICIENT,INSUFFICIENT,66.67
ITC,2018,26.45,38.02,21.89,35.49,17.89,0.0,0,163.14,Interest Bearing,0,-22017.0,0.68,43.04,56.0,6055.0,1.15,High Quality,16.37,Capital Intensive,36.65,+,-,-,Shareholder Returns,3.83,6.56,,5.53,8.33,,4.0,8.45,,NORMAL,NORMAL,INSUFFICIENT,NORMAL,NORMAL,INSUFFICIENT,NORMAL,NORMAL,INSUFFICIENT,66.67
ITC,2019,26.55,38.35,21.7,34.73,17.89,0.0,0,290.38,Interest Bearing,0,-25030.0,0.67,48.24,56.0,7037.0,0.98,Moderate,11.47,Capital Intensive,37.96,+,-,-,Reinvestor,7.24,6.49,,10.55,7.36,,7.72,7.39,,NORMAL,NORMAL,INSUFFICIENT,NORMAL,NORMAL,INSUFFICIENT,NORMAL,NORMAL,INSUFFICIENT,55.56
ITC,2020,31.57,39.17,23.89,33.07,20.17,0.0,0,268.65,Interest Bearing,0,-28386.0,0.64,53.11,82.0,8516.0,0.94,Moderate,12.5,Capital Intensive,44.02,+,-,-,Reinvestor,4.91,4.93,,14.17,9.78,,14.47,8.45,,NORMAL,NORMAL,INSUFFICIENT,NORMAL,NORMAL,INSUFFICIENT,NORMAL,NORMAL,INSUFFICIENT,55.56
ITC,2021,27.17,34.64,22.18,32.31,18.14,0.0,0,338.66,Interest Bearing,0,-24600.0,0.67,49.02,101.0,18267.0,0.94,Moderate,11.65,Capital Intensive,107.04,+,+,-,Liquidating Assets,4.27,4.68,,5.21,7.09,,6.92,6.58,,NORMAL,NORMAL,INSUFFICIENT,NORMAL,NORMAL,INSUFFICIENT,NORMAL,NORMAL,INSUFFICIENT,55.56
ITC,2022,25.56,34.01,24.82,35.84,20.08,0.0,0,375.55,Interest Bearing,0,-24592.0,0.79,50.69,93.0,13538.0,1.02,High Quality,3.69,Moderate,65.65,+,-,-,Shareholder Returns,7.85,7.23,,6.49,8.15,,6.27,8.45,,NORMAL,NORMAL,INSUFFICIENT,NORMAL,NORMAL,INSUFFICIENT,NORMAL,NORMAL,INSUFFICIENT,66.67
ITC,2023,27.46,36.24,28.16,39.91,22.69,0.0,0,356.44,Interest Bearing,0,-29109.0,0.83,55.64,100.0,13146.0,0.97,Moderate,8.08,Capital Intensive,51.14,+,-,-,Reinvestor,12.82,10.3,8.41,7.7,11.13,9.72,7.72,10.76,9.6,NORMAL,NORMAL,NORMAL,NORMAL,NORMAL,NORMAL,NORMAL,NORMAL,NORMAL,88.89
ITC,2024,29.28,37.02,27.85,38.71,22.62,0.0,0,362.96,Interest Bearing,0,-30811.0,0.77,59.7,84.0,18742.0,0.83,Moderate,2.21,Asset Light,71.44,+,+,-,Liquidating Assets,12.89,7.95,7.22,15.74,10.08,8.71,13.3,9.86,8.62,NORMAL,NORMAL,NORMAL,NORMAL,NORMAL,NORMAL,NORMAL,NORMAL,NORMAL,66.67
ITC,2024,29.28,37.02,27.57,38.32,22.06,0.0,0,362.96,Interest Bearing,0,-28105.0,0.75,60.16,84.0,18742.0,0.83,Moderate,2.21,Asset Light,71.44,+,+,-,Liquidating Assets,12.89,7.95,7.22,15.74,10.08,8.71,13.3,9.86,8.62,NORMAL,NORMAL,NORMAL,NORMAL,NORMAL,NORMAL,NORMAL,NORMAL,NORMAL,66.67
JINDALSTEL,2013,14.9,30.83,13.89,11.71,5.17,1.16,0,6.03,Interest Bearing,0,23809.0,0.35,228.52,5.0,-6069.0,1.19,High Quality,48.42,Capital Intensive,-99.39,+,-,+,Mixed,,,,,,,,,,INSUFFICIENT,INSUFFICIENT,INSUFFICIENT,INSUFFICIENT,INSUFFICIENT,INSUFFICIENT,INSUFFICIENT,INSUFFICIENT,INSUFFICIENT,22.22
JINDALSTEL,2014,9.83,30.07,8.39,7.36,2.75,1.61,0,3.4,Interest Bearing,0,36026.0,0.28,248.46,7.0,-8114.0,2.42,High Quality,65.82,Capital Intensive,-139.92,+,-,+,Mixed,,,,,,,,,,INSUFFICIENT,INSUFFICIENT,INSUFFICIENT,INSUFFICIENT,INSUFFICIENT,INSUFFICIENT,INSUFFICIENT,INSUFFICIENT,INSUFFICIENT,22.22
JINDALSTEL,2015,-7.48,28.16,-6.9,1.79,-1.92,2.16,1,1.41,Interest Bearing,1,43716.0,0.26,231.23,0.0,-5535.0,0.81,Moderate,34.62,Capital Intensive,-101.3,+,-,+,Mixed,,,,,,,,,,INSUFFICIENT,INSUFFICIENT,INSUFFICIENT,INSUFFICIENT,INSUFFICIENT,INSUFFICIENT,INSUFFICIENT,INSUFFICIENT,INSUFFICIENT,0.0
JINDALSTEL,2016,-15.86,17.65,-9.52,0.13,-3.34,1.44,0,1.03,Interest Bearing,1,46405.0,0.21,356.44,0.0,2071.0,1.4,High Quality,11.62,Capital Intensive,60.26,+,-,-,Shareholder Returns,-0.57,,,,,,,,,NORMAL,INSUFFICIENT,INSUFFICIENT,DECLINE_TO_LOSS,INSUFFICIENT,INSUFFICIENT,DECLINE_TO_LOSS,INSUFFICIENT,INSUFFICIENT,22.22
JINDALSTEL,2017,-11.75,21.8,-8.45,1.19,-2.8,1.53,0,1.26,Interest Bearing,1,45482.0,0.24,326.64,0.0,4852.0,2.7,High Quality,9.25,Capital Intensive,103.04,+,-,-,Shareholder Returns,3.85,,,,,,,,,NORMAL,INSUFFICIENT,INSUFFICIENT,DECLINE_TO_LOSS,INSUFFICIENT,INSUFFICIENT,DECLINE_TO_LOSS,INSUFFICIENT,INSUFFICIENT,22.22
JINDALSTEL,2018,-4.85,19.43,-5.32,2.75,-1.81,1.41,0,1.52,Interest Bearing,0,42816.0,0.37,313.25,0.0,6293.0,4.78,High Quality,4.3,Moderate,97.28,+,-,-,Shareholder Returns,19.71,10.94,,,,,,,,NORMAL,NORMAL,INSUFFICIENT,BOTH_NEGATIVE,DECLINE_TO_LOSS,INSUFFICIENT,BOTH_NEGATIVE,DECLINE_TO_LOSS,INSUFFICIENT,33.33
JINDALSTEL,2019,-5.14,17.91,-7.52,3.74,-2.71,1.23,0,1.63,Interest Bearing,0,39409.0,0.53,330.77,0.0,8195.0,3.74,High Quality,1.77,Asset Light,97.42,+,-,-,Shareholder Returns,34.12,19.48,,,,,,,,NORMAL,NORMAL,INSUFFICIENT,BOTH_NEGATIVE,DECLINE_TO_LOSS,INSUFFICIENT,BOTH_NEGATIVE,DECLINE_TO_LOSS,INSUFFICIENT,33.33
JINDALSTEL,2020,-1.05,18.01,-1.24,4.55,-0.45,1.15,0,1.83,Interest Bearing,0,36643.0,0.42,315.07,0.0,7338.0,22.04,High Quality,3.89,Moderate,107.42,+,-,-,Shareholder Returns,20.63,14.34,,,,,,,,NORMAL,NORMAL,INSUFFICIENT,BOTH_NEGATIVE,BOTH_NEGATIVE,INSUFFICIENT,BOTH_NEGATIVE,BOTH_NEGATIVE,INSUFFICIENT,33.33
JINDALSTEL,2021,12.34,31.62,13.41,13.76,5.48,0.94,0,4.08,Interest Bearing,0,28754.0,0.44,311.91,0.0,10077.0,2.8,High Quality,5.45,Moderate,92.17,+,-,-,Shareholder Returns,1.28,12.17,,,,,,,,NORMAL,NORMAL,INSUFFICIENT,TURNAROUND,TURNAROUND,INSUFFICIENT,TURNAROUND,TURNAROUND,INSUFFICIENT,55.56
JINDALSTEL,2022,13.22,30.32,18.99,23.99,8.83,0.38,0,7.24,Interest Bearing,0,13032.0,0.67,352.72,5.0,13717.0,2.37,High Quality,4.56,Moderate,88.41,+,-,-,Shareholder Returns,2.9,18.82,,,,,,,,NORMAL,NORMAL,INSUFFICIENT,TURNAROUND,TURNAROUND,INSUFFICIENT,TURNAROUND,TURNAROUND,INSUFFICIENT,77.78
JINDALSTEL,2023,7.47,18.68,10.27,15.38,5.72,0.34,0,6.5,Interest Bearing,0,12139.0,0.77,387.06,6.0,3257.0,1.85,High Quality,7.69,Moderate,32.76,+,-,-,Shareholder Returns,11.95,9.84,10.39,,,3.02,,,0.0,NORMAL,NORMAL,NORMAL,TURNAROUND,TURNAROUND,NORMAL,TURNAROUND,TURNAROUND,NORMAL,55.56
JINDALSTEL,2024,11.8,20.26,13.41,14.91,7.55,0.37,0,8.0,Interest Bearing,0,15653.0,0.64,443.16,3.0,-2336.0,1.01,High Quality,16.57,Capital Intensive,-22.9,+,-,+,Mixed,13.35,1.4,10.07,11.68,,12.1,17.23,,10.69,NORMAL,NORMAL,NORMAL,NORMAL,TURNAROUND,NORMAL,NORMAL,TURNAROUND,NORMAL,33.33
JINDALSTEL,2024,11.8,20.26,12.55,14.03,7.18,0.36,0,8.0,Interest Bearing,0,16403.0,0.61,468.72,3.0,-2336.0,1.01,High Quality,16.57,Capital Intensive,-22.9,+,-,+,Mixed,13.35,1.4,10.07,11.68,,12.1,17.23,,10.69,NORMAL,NORMAL,NORMAL,NORMAL,TURNAROUND,NORMAL,NORMAL,TURNAROUND,NORMAL,33.33
JIOFIN,2023,68.89,86.67,0.03,0.04,0.03,0.01,0,,Debt Free,0,-107398.0,0.0,57060.0,0.0,945.0,66.29,High Quality,2466.67,Capital Intensive,2423.08,+,-,-,Shareholder Returns,,,,,,,,,,INSUFFICIENT,INSUFFICIENT,INSUFFICIENT,INSUFFICIENT,INSUFFICIENT,INSUFFICIENT,INSUFFICIENT,INSUFFICIENT,INSUFFICIENT,33.33
JIOFIN,2024,86.52,84.04,1.15,1.42,1.11,0.0,0,198.8,Interest Bearing,0,-133292.0,0.01,21.9,0.0,763.0,0.42,Accrual Risk,77.68,Capital Intensive,48.94,-,+,-,Unknown,,,,,,,,,,INSUFFICIENT,INSUFFICIENT,INSUFFICIENT,INSUFFICIENT,INSUFFICIENT,INSUFFICIENT,INSUFFICIENT,INSUFFICIENT,INSUFFICIENT,33.33
JIOFIN,2024,86.52,84.04,1.17,1.44,1.11,0.0,0,198.8,Interest Bearing,0,-137439.0,0.01,21.59,0.0,763.0,0.42,Accrual Risk,77.68,Capital Intensive,48.94,-,+,-,Unknown,,,,,,,,,,INSUFFICIENT,INSUFFICIENT,INSUFFICIENT,INSUFFICIENT,INSUFFICIENT,INSUFFICIENT,INSUFFICIENT,INSUFFICIENT,INSUFFICIENT,33.33
JSWENERGY,2013,10.16,31.58,14.52,11.14,4.42,1.67,0,2.92,Interest Bearing,0,9422.0,0.44,3.78,36.0,781.0,1.91,High Quality,10.64,Capital Intensive,27.88,+,-,-,Shareholder Returns,,,,,,,,,,INSUFFICIENT,INSUFFICIENT,INSUFFICIENT,INSUFFICIENT,INSUFFICIENT,INSUFFICIENT,INSUFFICIENT,INSUFFICIENT,INSUFFICIENT,22.22
JSWENERGY,2014,8.79,37.64,11.57,11.21,3.95,1.54,0,2.55,Interest Bearing,0,9218.0,0.45,4.01,43.0,1906.0,2.99,High Quality,4.2,Moderate,58.56,+,-,-,Shareholder Returns,,,,,,,,,,INSUFFICIENT,INSUFFICIENT,INSUFFICIENT,INSUFFICIENT,INSUFFICIENT,INSUFFICIENT,INSUFFICIENT,INSUFFICIENT,INSUFFICIENT,22.22
JSWENERGY,2015,14.53,38.77,18.06,15.96,6.99,1.24,0,3.36,Interest Bearing,0,7675.0,0.48,4.58,24.0,2972.0,2.5,High Quality,4.51,Moderate,82.01,+,-,-,Shareholder Returns,,,,,,,,,,INSUFFICIENT,INSUFFICIENT,INSUFFICIENT,INSUFFICIENT,INSUFFICIENT,INSUFFICIENT,INSUFFICIENT,INSUFFICIENT,INSUFFICIENT,55.56
JSWENERGY,2016,14.86,41.01,15.05,11.69,5.12,1.53,0,2.92,Interest Bearing,0,13850.0,0.34,5.96,22.0,266.0,2.42,High Quality,33.31,Capital Intensive,6.6,+,-,-,Shareholder Returns,3.46,,,17.46,,,14.47,,,NORMAL,INSUFFICIENT,INSUFFICIENT,NORMAL,INSUFFICIENT,INSUFFICIENT,NORMAL,INSUFFICIENT,INSUFFICIENT,33.33
JSWENERGY,2017,7.54,40.23,6.01,7.52,2.19,1.38,0,2.1,Interest Bearing,0,12770.0,0.29,6.37,13.0,3091.0,6.18,High Quality,9.22,Capital Intensive,92.99,+,-,-,Shareholder Returns,-1.51,,,-6.41,,,-7.17,,,NORMAL,INSUFFICIENT,INSUFFICIENT,NORMAL,INSUFFICIENT,INSUFFICIENT,NORMAL,INSUFFICIENT,INSUFFICIENT,22.22
JSWENERGY,2018,1.06,33.71,0.77,5.67,0.32,1.07,0,1.9,Interest Bearing,0,9468.0,0.3,6.77,0.0,3719.0,46.28,High Quality,2.67,Asset Light,137.08,+,-,-,Shareholder Returns,-4.86,-1.92,,-60.3,-37.64,,,,,NORMAL,NORMAL,INSUFFICIENT,NORMAL,NORMAL,INSUFFICIENT,NORMAL,NORMAL,INSUFFICIENT,22.22
JSWENERGY,2019,7.49,31.24,5.79,9.21,2.64,0.89,0,2.73,Interest Bearing,0,8104.0,0.35,7.2,24.0,2436.0,3.64,High Quality,0.6,Asset Light,85.32,+,-,-,Shareholder Returns,-2.38,1.11,,-22.33,-2.09,,-23.69,-4.36,,NORMAL,NORMAL,INSUFFICIENT,NORMAL,NORMAL,INSUFFICIENT,NORMAL,NORMAL,INSUFFICIENT,33.33
JSWENERGY,2020,13.07,35.74,9.28,10.62,4.34,0.84,0,3.17,Interest Bearing,0,7986.0,0.33,7.09,15.0,2383.0,1.93,High Quality,3.64,Moderate,80.59,+,+,-,Liquidating Assets,0.04,-2.41,,20.17,-4.46,,20.51,-2.64,,NORMAL,NORMAL,INSUFFICIENT,NORMAL,NORMAL,INSUFFICIENT,NORMAL,NORMAL,INSUFFICIENT,44.44
JSWENERGY,2021,11.89,42.08,5.67,9.9,3.14,0.58,0,3.53,Interest Bearing,0,4319.0,0.26,8.83,41.0,2670.0,4.5,High Quality,14.88,Capital Intensive,91.66,+,-,-,Shareholder Returns,-4.9,-6.76,,113.14,-10.83,,,-11.09,,NORMAL,NORMAL,INSUFFICIENT,NORMAL,NORMAL,INSUFFICIENT,INSUFFICIENT,NORMAL,INSUFFICIENT,44.44
JSWENERGY,2022,21.34,43.74,10.01,12.79,5.71,0.51,0,5.34,Interest Bearing,0,2320.0,0.27,10.62,19.0,1565.0,1.69,High Quality,16.98,Capital Intensive,43.81,+,-,-,Shareholder Returns,-3.68,-0.23,,36.59,22.85,,40.1,22.42,,NORMAL,NORMAL,INSUFFICIENT,NORMAL,NORMAL,INSUFFICIENT,NORMAL,NORMAL,INSUFFICIENT,66.67
JSWENERGY,2023,14.32,31.77,7.94,7.12,3.06,1.34,0,4.69,Interest Bearing,0,19018.0,0.21,11.35,22.0,-4694.0,1.41,High Quality,65.6,Capital Intensive,-143.02,+,-,+,Mixed,7.69,5.12,1.54,11.04,77.08,5.09,8.74,,4.14,NORMAL,NORMAL,NORMAL,NORMAL,NORMAL,NORMAL,NORMAL,INSUFFICIENT,NORMAL,33.33
JSWENERGY,2024,15.02,46.86,8.28,7.25,2.99,1.52,0,2.85,Interest Bearing,0,24538.0,0.2,12.69,19.0,-1963.0,3.61,High Quality,71.37,Capital Intensive,-36.47,+,-,+,Mixed,18.39,4.68,2.88,27.98,20.32,8.54,25.99,20.11,7.18,NORMAL,NORMAL,NORMAL,NORMAL,NORMAL,NORMAL,NORMAL,NORMAL,NORMAL,33.33
JSWENERGY,2024,15.02,46.86,6.17,6.46,2.66,1.1,0,2.85,Interest Bearing,0,20752.0,0.18,16.03,19.0,-1963.0,3.61,High Quality,71.37,Capital Intensive,-36.47,+,-,+,Mixed,18.39,4.68,2.88,27.98,20.32,8.54,25.99,20.11,7.18,NORMAL,NORMAL,NORMAL,NORMAL,NORMAL,NORMAL,NORMAL,NORMAL,NORMAL,33.33
JSWSTEEL,2013,2.43,17.04,5.44,10.95,1.62,1.27,0,3.15,Interest Bearing,0,19875.0,0.66,60.09,30.0,411.0,6.29,High Quality,14.22,Capital Intensive,6.31,+,-,-,Shareholder Returns,,,,,,,,,,INSUFFICIENT,INSUFFICIENT,INSUFFICIENT,INSUFFICIENT,INSUFFICIENT,INSUFFICIENT,INSUFFICIENT,INSUFFICIENT,INSUFFICIENT,33.33
JSWSTEEL,2014,0.78,17.9,1.9,7.92,0.52,1.68,0,2.47,Interest Bearing,0,34864.0,0.66,69.88,74.0,-3024.0,6.45,High Quality,10.97,Capital Intensive,-32.98,+,-,+,Mixed,,,,,,,,,,INSUFFICIENT,INSUFFICIENT,INSUFFICIENT,INSUFFICIENT,INSUFFICIENT,INSUFFICIENT,INSUFFICIENT,INSUFFICIENT,INSUFFICIENT,11.11
JSWSTEEL,2015,3.25,17.68,7.73,9.79,2.01,1.74,0,2.71,Interest Bearing,0,38155.0,0.62,73.56,19.0,504.0,4.57,High Quality,13.92,Capital Intensive,5.38,+,-,-,Shareholder Returns,,,,,,,,,,INSUFFICIENT,INSUFFICIENT,INSUFFICIENT,INSUFFICIENT,INSUFFICIENT,INSUFFICIENT,INSUFFICIENT,INSUFFICIENT,INSUFFICIENT,22.22
JSWSTEEL,2016,-1.16,15.46,-2.54,1.4,-0.59,2.23,1,1.24,Interest Bearing,1,41009.0,0.51,63.01,-67.0,3040.0,14.34,High Quality,9.28,Capital Intensive,47.34,+,-,-,Shareholder Returns,2.83,,,,,,,,,NORMAL,INSUFFICIENT,INSUFFICIENT,DECLINE_TO_LOSS,INSUFFICIENT,INSUFFICIENT,DECLINE_TO_LOSS,INSUFFICIENT,INSUFFICIENT,22.22
JSWSTEEL,2017,6.24,22.14,15.31,12.97,3.94,1.91,0,3.27,Interest Bearing,0,41968.0,0.63,75.24,19.0,2794.0,2.28,High Quality,9.16,Capital Intensive,22.7,+,-,-,Shareholder Returns,2.78,,,105.07,,,95.74,,,NORMAL,INSUFFICIENT,INSUFFICIENT,NORMAL,INSUFFICIENT,INSUFFICIENT,NORMAL,INSUFFICIENT,INSUFFICIENT,44.44
JSWSTEEL,2018,8.5,20.74,21.83,16.38,6.65,1.41,0,3.98,Interest Bearing,0,37924.0,0.78,92.71,16.0,7850.0,2.03,High Quality,6.3,Moderate,52.63,+,-,-,Shareholder Returns,10.74,13.49,,52.55,45.76,,54.87,45.41,,NORMAL,NORMAL,INSUFFICIENT,NORMAL,NORMAL,INSUFFICIENT,NORMAL,NORMAL,INSUFFICIENT,88.89
JSWSTEEL,2019,8.88,22.33,21.62,18.5,6.55,1.36,0,4.88,Interest Bearing,0,45502.0,0.74,115.6,16.0,3246.0,1.94,High Quality,13.43,Capital Intensive,17.15,+,-,+,Mixed,26.83,10.6,,,79.66,,,74.11,,NORMAL,NORMAL,INSUFFICIENT,TURNAROUND,NORMAL,INSUFFICIENT,TURNAROUND,NORMAL,INSUFFICIENT,88.89
JSWSTEEL,2020,5.34,16.11,10.71,7.41,2.97,1.68,0,2.7,Interest Bearing,0,60164.0,0.56,121.59,15.0,-6804.0,3.26,High Quality,26.71,Capital Intensive,-57.6,+,-,+,Mixed,9.66,6.72,,4.17,17.88,,4.26,19.42,,NORMAL,NORMAL,INSUFFICIENT,NORMAL,NORMAL,INSUFFICIENT,NORMAL,NORMAL,INSUFFICIENT,33.33
JSWSTEEL,2021,9.86,25.27,16.84,15.29,5.31,1.33,0,5.22,Interest Bearing,0,53811.0,0.54,154.85,25.0,11087.0,2.39,High Quality,9.65,Capital Intensive,54.95,+,-,-,Shareholder Returns,3.54,13.96,,8.8,,,8.27,,,NORMAL,NORMAL,INSUFFICIENT,NORMAL,TURNAROUND,INSUFFICIENT,NORMAL,TURNAROUND,INSUFFICIENT,66.67
JSWSTEEL,2022,14.3,26.72,31.11,25.62,10.66,1.07,0,8.2,Interest Bearing,0,67297.0,0.74,223.58,25.0,11522.0,1.25,High Quality,10.08,Capital Intensive,29.46,+,-,-,Shareholder Returns,19.98,21.36,,40.66,43.28,,38.49,41.47,,NORMAL,NORMAL,INSUFFICIENT,NORMAL,NORMAL,INSUFFICIENT,NORMAL,NORMAL,INSUFFICIENT,88.89
JSWSTEEL,2023,2.49,11.13,6.3,8.96,1.97,1.23,0,2.9,Interest Bearing,0,76047.0,0.79,218.26,25.0,12593.0,5.63,High Quality,6.47,Moderate,68.18,+,-,-,Shareholder Returns,31.3,18.2,15.82,1.84,-7.5,16.11,0.0,-8.15,15.57,NORMAL,NORMAL,NORMAL,NORMAL,NORMAL,NORMAL,NORMAL,NORMAL,NORMAL,33.33
JSWSTEEL,2024,5.13,16.09,11.55,13.01,3.94,1.13,0,3.66,Interest Bearing,0,80738.0,0.77,254.65,25.0,-2389.0,1.35,High Quality,8.27,Capital Intensive,-8.48,+,-,-,Shareholder Returns,29.9,15.6,13.07,4.46,3.59,36.42,2.94,2.38,33.51,NORMAL,NORMAL,NORMAL,NORMAL,NORMAL,NORMAL,NORMAL,NORMAL,NORMAL,33.33
JSWSTEEL,2024,5.13,16.09,11.26,12.32,3.85,1.2,0,3.66,Interest Bearing,0,84518.0,0.75,261.2,25.0,-2389.0,1.35,High Quality,8.27,Capital Intensive,-8.48,+,-,-,Shareholder Returns,29.9,15.6,13.07,4.46,3.59,36.42,2.94,2.38,33.51,NORMAL,NORMAL,NORMAL,NORMAL,NORMAL,NORMAL,NORMAL,NORMAL,NORMAL,33.33
KOTAKBANK,2013,20.65,60.92,14.66,1.46,1.93,5.6,1,1.29,Interest Bearing,1,44654.0,0.09,40.93,2.0,-6157.0,1.29,High Quality,83.36,Capital Intensive,-93.25,+,-,+,Mixed,,,,,,,,,,INSUFFICIENT,INSUFFICIENT,INSUFFICIENT,INSUFFICIENT,INSUFFICIENT,INSUFFICIENT,INSUFFICIENT,INSUFFICIENT,INSUFFICIENT,11.11
KOTAKBANK,2014,21.08,58.84,13.24,1.67,2.07,4.5,1,1.33,Interest Bearing,1,47146.0,0.1,49.57,2.0,7938.0,3.59,High Quality,9.43,Capital Intensive,112.55,+,-,-,Shareholder Returns,,,,,,,,,,INSUFFICIENT,INSUFFICIENT,INSUFFICIENT,INSUFFICIENT,INSUFFICIENT,INSUFFICIENT,INSUFFICIENT,INSUFFICIENT,INSUFFICIENT,22.22
KOTAKBANK,2015,23.31,72.96,14.01,1.22,2.09,4.71,1,1.19,Interest Bearing,1,58669.0,0.09,57.4,2.0,-2165.0,0.74,Moderate,33.54,Capital Intensive,-22.28,+,-,+,Mixed,,,,,,,,,,INSUFFICIENT,INSUFFICIENT,INSUFFICIENT,INSUFFICIENT,INSUFFICIENT,INSUFFICIENT,INSUFFICIENT,INSUFFICIENT,INSUFFICIENT,0.0
KOTAKBANK,2016,17.27,56.57,10.56,1.83,1.46,5.39,1,1.51,Interest Bearing,0,109405.0,0.08,36.38,3.0,2672.0,1.43,High Quality,11.53,Capital Intensive,23.15,+,-,+,Mixed,23.47,,,16.34,,,8.2,,,NORMAL,INSUFFICIENT,INSUFFICIENT,NORMAL,INSUFFICIENT,INSUFFICIENT,NORMAL,INSUFFICIENT,INSUFFICIENT,22.22
KOTAKBANK,2017,22.48,66.44,13.04,1.29,1.82,5.33,1,1.27,Interest Bearing,1,136768.0,0.08,41.84,2.0,7933.0,2.63,High Quality,23.69,Capital Intensive,53.49,+,-,+,Mixed,23.04,,,25.7,,,19.06,,,NORMAL,INSUFFICIENT,INSUFFICIENT,NORMAL,INSUFFICIENT,INSUFFICIENT,NORMAL,INSUFFICIENT,INSUFFICIENT,22.22
KOTAKBANK,2018,24.9,66.87,12.4,1.03,1.85,4.95,1,1.23,Interest Bearing,1,158863.0,0.07,52.98,2.0,-15867.0,1.66,High Quality,21.79,Capital Intensive,-94.42,-,-,+,Growth Funded by Debt,23.57,18.32,,26.32,22.83,,18.17,17.08,,NORMAL,NORMAL,INSUFFICIENT,NORMAL,NORMAL,INSUFFICIENT,NORMAL,NORMAL,INSUFFICIENT,44.44
KOTAKBANK,2019,24.15,66.23,12.47,1.03,1.82,5.05,1,1.22,Interest Bearing,1,188276.0,0.08,60.57,2.0,-1501.0,0.25,Accrual Risk,11.14,Capital Intensive,-7.6,+,-,+,Mixed,13.5,20.0,,26.91,23.31,,25.99,18.89,,NORMAL,NORMAL,INSUFFICIENT,NORMAL,NORMAL,INSUFFICIENT,NORMAL,NORMAL,INSUFFICIENT,33.33
KOTAKBANK,2020,25.67,67.45,12.9,1.44,1.94,4.9,1,1.34,Interest Bearing,1,215280.0,0.08,69.63,0.0,33551.0,5.43,High Quality,39.04,Capital Intensive,148.6,+,-,-,Shareholder Returns,14.46,20.24,,19.63,22.58,,18.56,17.61,,NORMAL,NORMAL,INSUFFICIENT,NORMAL,NORMAL,INSUFFICIENT,NORMAL,NORMAL,INSUFFICIENT,55.56
KOTAKBANK,2021,30.44,90.83,11.85,1.51,2.09,3.88,1,1.26,Interest Bearing,1,170164.0,0.07,85.1,2.0,-6291.0,0.49,Accrual Risk,34.04,Capital Intensive,-21.1,+,-,-,Reinvestor,9.31,9.97,,16.87,23.17,,14.86,21.35,,NORMAL,NORMAL,INSUFFICIENT,NORMAL,NORMAL,INSUFFICIENT,NORMAL,NORMAL,INSUFFICIENT,22.22
KOTAKBANK,2022,35.83,90.98,12.51,1.24,2.21,3.78,1,1.23,Interest Bearing,1,201218.0,0.06,97.44,2.0,-2595.0,0.69,Moderate,32.31,Capital Intensive,-8.45,+,-,+,Mixed,4.19,8.61,,18.83,19.22,,17.09,17.7,,NORMAL,NORMAL,INSUFFICIENT,NORMAL,NORMAL,INSUFFICIENT,NORMAL,NORMAL,INSUFFICIENT,22.22
KOTAKBANK,2023,35.41,79.44,13.35,1.41,2.41,3.75,1,1.29,Interest Bearing,1,223469.0,0.07,112.6,2.0,-11623.0,0.08,Accrual Risk,24.63,Capital Intensive,-34.71,-,-,+,Growth Funded by Debt,7.99,10.9,14.55,20.21,18.99,20.89,18.56,17.84,17.46,NORMAL,NORMAL,NORMAL,NORMAL,NORMAL,NORMAL,NORMAL,NORMAL,NORMAL,33.33
KOTAKBANK,2024,32.39,83.67,14.01,1.38,2.37,4.0,1,1.24,Interest Bearing,1,273928.0,0.07,130.76,2.0,6766.0,0.86,Moderate,15.86,Capital Intensive,14.38,+,-,+,Mixed,19.66,13.52,16.72,22.16,20.38,21.84,22.54,19.34,19.12,NORMAL,NORMAL,NORMAL,NORMAL,NORMAL,NORMAL,NORMAL,NORMAL,NORMAL,44.44
LICI,2019,0.46,1.04,324.32,3.16,0.08,332.59,1,,Debt Free,0,-2630886.0,0.17,8.1,2.0,22910.0,5.05,High Quality,1.69,Asset Light,386.99,+,+,-,Liquidating Assets,,,,,,,,,,INSUFFICIENT,INSUFFICIENT,INSUFFICIENT,INSUFFICIENT,INSUFFICIENT,INSUFFICIENT,INSUFFICIENT,INSUFFICIENT,INSUFFICIENT,33.33
LICI,2020,0.43,-1.11,270.46,5.47,0.08,252.91,1,,Debt Free,0,-2722686.0,0.18,10.02,2.0,13952.0,20.06,High Quality,6.44,Moderate,-200.83,+,-,-,Shareholder Returns,,,,,,,,,,INSUFFICIENT,INSUFFICIENT,INSUFFICIENT,INSUFFICIENT,INSUFFICIENT,INSUFFICIENT,INSUFFICIENT,INSUFFICIENT,INSUFFICIENT,33.33
LICI,2021,0.43,-0.04,43.2,182.46,0.08,0.0,0,,Debt Free,0,-3517441.0,0.18,68.84,0.0,229049.0,27.1,High Quality,21.49,Capital Intensive,-90892.46,+,+,-,Liquidating Assets,,,,,,,,,,INSUFFICIENT,INSUFFICIENT,INSUFFICIENT,INSUFFICIENT,INSUFFICIENT,INSUFFICIENT,INSUFFICIENT,INSUFFICIENT,INSUFFICIENT,55.56
LICI,2022,0.57,0.46,36.38,110.89,0.1,0.0,0,,Debt Free,0,-3926211.0,0.17,1.79,23.0,8748.0,0.92,Moderate,1.73,Asset Light,263.02,-,+,0,Unknown,8.18,,,16.23,,,,,,NORMAL,INSUFFICIENT,INSUFFICIENT,NORMAL,INSUFFICIENT,INSUFFICIENT,INSUFFICIENT,INSUFFICIENT,INSUFFICIENT,44.44
LICI,2023,4.59,4.36,77.86,90.69,0.79,0.0,0,545.55,Interest Bearing,0,-4243008.0,0.17,7.31,5.0,1671.0,1.51,High Quality,6.74,Moderate,4.88,+,-,-,Shareholder Returns,7.7,,,136.83,,,,,,NORMAL,INSUFFICIENT,INSUFFICIENT,NORMAL,INSUFFICIENT,INSUFFICIENT,INSUFFICIENT,INSUFFICIENT,INSUFFICIENT,66.67
LICI,2024,4.84,3.87,49.45,57.38,0.77,0.0,0,371.94,Interest Bearing,0,-4976133.0,0.16,13.08,15.0,853.0,0.64,Moderate,2.99,Asset Light,2.6,+,-,-,Reinvestor,6.98,8.16,,139.62,73.18,,111.26,,,NORMAL,NORMAL,INSUFFICIENT,NORMAL,NORMAL,INSUFFICIENT,NORMAL,INSUFFICIENT,INSUFFICIENT,66.67
LICI,2024,4.84,3.87,41.91,48.62,0.72,0.0,0,371.94,Interest Bearing,0,-5413769.0,0.15,15.44,15.0,853.0,0.64,Moderate,2.99,Asset Light,2.6,+,-,-,Reinvestor,6.98,8.16,,139.62,73.18,,111.26,,,NORMAL,NORMAL,INSUFFICIENT,NORMAL,NORMAL,INSUFFICIENT,NORMAL,INSUFFICIENT,INSUFFICIENT,66.67
LODHA,2016,8.52,25.77,17.69,9.25,2.27,3.48,1,2.67,Interest Bearing,0,13224.0,0.27,36.79,0.0,-467.0,0.55,Moderate,10.35,Capital Intensive,-21.97,+,-,+,Mixed,,,,,,,,,,INSUFFICIENT,INSUFFICIENT,INSUFFICIENT,INSUFFICIENT,INSUFFICIENT,INSUFFICIENT,INSUFFICIENT,INSUFFICIENT,INSUFFICIENT,11.11
LODHA,2017,7.37,20.36,14.48,7.23,1.72,4.01,1,2.99,Interest Bearing,0,15003.0,0.23,35.69,0.0,295.0,2.52,High Quality,14.81,Capital Intensive,18.28,+,-,-,Shareholder Returns,,,,,,,,,,INSUFFICIENT,INSUFFICIENT,INSUFFICIENT,INSUFFICIENT,INSUFFICIENT,INSUFFICIENT,INSUFFICIENT,INSUFFICIENT,INSUFFICIENT,22.22
LODHA,2018,8.21,17.38,15.41,5.68,1.97,4.39,1,5.04,Interest Bearing,0,21232.0,0.24,13.01,0.0,45.0,0.88,Moderate,6.73,Moderate,2.68,+,-,+,Mixed,,,,,,,,,,INSUFFICIENT,INSUFFICIENT,INSUFFICIENT,INSUFFICIENT,INSUFFICIENT,INSUFFICIENT,INSUFFICIENT,INSUFFICIENT,INSUFFICIENT,33.33
LODHA,2019,13.81,26.7,42.8,9.1,3.3,6.68,1,5.72,Interest Bearing,0,24236.0,0.24,9.7,0.0,-638.0,0.28,Accrual Risk,1.47,Asset Light,-20.07,-,-,+,Growth Funded by Debt,13.01,,,32.73,,,9.49,,,NORMAL,INSUFFICIENT,INSUFFICIENT,NORMAL,INSUFFICIENT,INSUFFICIENT,NORMAL,INSUFFICIENT,INSUFFICIENT,22.22
LODHA,2020,5.96,15.41,16.3,5.64,1.82,4.05,1,2.75,Interest Bearing,0,16870.0,0.31,11.49,0.0,3954.0,5.08,High Quality,1.46,Asset Light,206.26,+,+,-,Liquidating Assets,16.22,,,8.31,,,-11.54,,,NORMAL,INSUFFICIENT,INSUFFICIENT,NORMAL,INSUFFICIENT,INSUFFICIENT,NORMAL,INSUFFICIENT,INSUFFICIENT,33.33
LODHA,2021,0.88,25.38,1.04,0.47,0.12,3.96,1,1.09,Interest Bearing,1,16614.0,0.14,11.61,0.0,2944.0,52.58,High Quality,7.71,Moderate,212.87,+,+,-,Liquidating Assets,-17.42,-7.96,,-60.75,-41.54,,-53.58,-42.57,,NORMAL,NORMAL,INSUFFICIENT,NORMAL,NORMAL,INSUFFICIENT,NORMAL,NORMAL,INSUFFICIENT,22.22
LODHA,2022,13.08,23.68,9.98,7.58,3.15,0.95,0,3.6,Interest Bearing,0,10963.0,0.24,25.12,20.0,3137.0,1.65,High Quality,12.34,Capital Intensive,143.5,+,+,-,Liquidating Assets,-8.13,3.1,,-9.76,15.65,,-17.02,-1.59,,NORMAL,NORMAL,INSUFFICIENT,NORMAL,NORMAL,INSUFFICIENT,NORMAL,NORMAL,INSUFFICIENT,55.56
LODHA,2023,5.17,21.8,3.87,2.51,1.25,0.72,0,2.13,Interest Bearing,0,8814.0,0.24,26.27,14.0,4539.0,5.61,High Quality,18.89,Capital Intensive,219.91,+,+,-,Liquidating Assets,-8.7,-0.43,,-12.92,-9.2,,-17.79,-12.94,,NORMAL,NORMAL,INSUFFICIENT,NORMAL,NORMAL,INSUFFICIENT,NORMAL,NORMAL,INSUFFICIENT,33.33
LODHA,2024,15.06,25.83,8.9,8.86,3.29,0.44,0,5.63,Interest Bearing,0,5198.0,0.22,17.57,0.0,-435.0,1.62,High Quality,28.57,Capital Intensive,-16.32,+,-,+,Mixed,23.71,-2.83,,218.72,-1.12,,151.98,-5.29,,NORMAL,NORMAL,INSUFFICIENT,NORMAL,NORMAL,INSUFFICIENT,NORMAL,NORMAL,INSUFFICIENT,33.33
LODHA,2024,15.06,25.83,8.55,8.52,3.28,0.44,0,5.63,Interest Bearing,0,6530.0,0.22,18.28,0.0,-435.0,1.62,High Quality,28.57,Capital Intensive,-16.32,+,-,+,Mixed,23.71,-2.83,,218.72,-1.12,,151.98,-5.29,,NORMAL,NORMAL,INSUFFICIENT,NORMAL,NORMAL,INSUFFICIENT,NORMAL,NORMAL,INSUFFICIENT,33.33
LT,2013,7.11,15.31,395.15,589.64,227.28,0.17,0,3.0,Interest Bearing,0,185.0,31.97,83.69,22.0,-11277.0,0.82,Moderate,9.3,Capital Intensive,-98.97,-,-,+,Growth Funded by Debt,,,,,,,,,,INSUFFICIENT,INSUFFICIENT,INSUFFICIENT,INSUFFICIENT,INSUFFICIENT,INSUFFICIENT,INSUFFICIENT,INSUFFICIENT,INSUFFICIENT,44.44
LT,2014,5.74,16.56,303.42,519.13,183.23,0.07,0,2.37,Interest Bearing,0,-59.0,31.9,100.62,27.0,-12653.0,1.46,High Quality,6.48,Moderate,-89.83,-,-,+,Growth Funded by Debt,,,,,,,,,,INSUFFICIENT,INSUFFICIENT,INSUFFICIENT,INSUFFICIENT,INSUFFICIENT,INSUFFICIENT,INSUFFICIENT,INSUFFICIENT,INSUFFICIENT,44.44
LT,2015,5.4,17.06,245.11,438.5,166.76,0.11,0,2.35,Interest Bearing,0,114.0,30.87,126.62,32.0,-6143.0,0.27,Accrual Risk,5.2,Moderate,-39.17,-,-,+,Growth Funded by Debt,,,,,,,,,,INSUFFICIENT,INSUFFICIENT,INSUFFICIENT,INSUFFICIENT,INSUFFICIENT,INSUFFICIENT,INSUFFICIENT,INSUFFICIENT,INSUFFICIENT,33.33
LT,2016,4.54,15.31,216.09,449.82,146.38,0.03,0,2.42,Interest Bearing,0,12.0,32.24,125.0,40.0,-7867.0,0.71,Moderate,4.58,Moderate,-50.8,-,-,+,Growth Funded by Debt,10.76,,,-4.61,,,-6.56,,,NORMAL,INSUFFICIENT,INSUFFICIENT,NORMAL,INSUFFICIENT,INSUFFICIENT,NORMAL,INSUFFICIENT,INSUFFICIENT,33.33
LT,2017,5.93,15.2,206.3,358.05,146.84,0.0,0,2.65,Interest Bearing,0,-941.0,24.75,184.94,22.0,-3141.0,1.03,High Quality,8.96,Capital Intensive,-18.9,+,-,+,Mixed,8.72,,,9.91,,,7.1,,,NORMAL,INSUFFICIENT,INSUFFICIENT,NORMAL,INSUFFICIENT,INSUFFICIENT,NORMAL,INSUFFICIENT,INSUFFICIENT,44.44
LT,2018,6.69,16.8,207.36,359.12,149.97,0.0,0,2.8,Interest Bearing,0,-1264.0,22.43,227.06,30.0,-6117.0,1.25,High Quality,3.27,Moderate,-30.42,-,+,+,Distress Signal,9.19,9.97,,17.25,8.63,,15.95,6.88,,NORMAL,NORMAL,INSUFFICIENT,NORMAL,NORMAL,INSUFFICIENT,NORMAL,NORMAL,INSUFFICIENT,44.44
LT,2019,7.56,16.91,208.81,331.66,153.32,0.0,0,2.74,Interest Bearing,0,-1740.0,20.29,287.82,28.0,-15779.0,0.47,Accrual Risk,8.15,Capital Intensive,-69.01,-,-,+,Growth Funded by Debt,10.17,9.72,,30.55,15.9,,26.67,12.47,,NORMAL,NORMAL,INSUFFICIENT,NORMAL,NORMAL,INSUFFICIENT,NORMAL,NORMAL,INSUFFICIENT,55.56
LT,2020,7.49,16.88,201.59,261.99,123.58,0.17,0,2.5,Interest Bearing,0,-1307.0,16.5,317.88,26.0,-1714.0,0.61,Moderate,5.78,Moderate,-6.98,+,-,+,Mixed,9.99,9.61,,18.87,17.01,,16.51,14.87,,NORMAL,NORMAL,INSUFFICIENT,NORMAL,NORMAL,INSUFFICIENT,NORMAL,NORMAL,INSUFFICIENT,55.56
LT,2021,9.5,17.25,176.9,244.64,120.69,0.11,0,2.69,Interest Bearing,0,-2932.0,12.7,405.78,44.0,17324.0,1.79,High Quality,4.23,Moderate,73.84,+,-,-,Shareholder Returns,4.35,6.1,,17.31,22.99,,15.66,21.48,,NORMAL,NORMAL,INSUFFICIENT,NORMAL,NORMAL,INSUFFICIENT,NORMAL,NORMAL,INSUFFICIENT,77.78
LT,2022,6.66,15.53,72.92,119.92,50.65,0.02,0,2.89,Interest Bearing,0,-5790.0,7.61,476.27,36.0,15579.0,1.84,High Quality,2.29,Asset Light,64.07,+,-,-,Shareholder Returns,5.0,7.44,,0.65,9.94,,-0.53,7.59,,NORMAL,NORMAL,INSUFFICIENT,NORMAL,NORMAL,INSUFFICIENT,NORMAL,NORMAL,INSUFFICIENT,55.56
LT,2023,6.83,14.82,75.52,113.67,53.37,0.09,0,3.18,Interest Bearing,0,-3917.0,7.81,553.07,32.0,14729.0,1.82,High Quality,4.39,Moderate,54.22,+,-,-,Shareholder Returns,8.02,8.9,9.43,4.78,9.38,9.0,3.32,7.19,7.04,NORMAL,NORMAL,NORMAL,NORMAL,NORMAL,NORMAL,NORMAL,NORMAL,NORMAL,66.67
LT,2024,7.03,13.51,77.67,109.56,56.44,0.1,0,3.54,Interest Bearing,0,-6673.0,8.03,667.27,36.0,20445.0,1.17,High Quality,0.99,Asset Light,68.46,+,+,-,Liquidating Assets,17.59,10.34,10.03,6.36,8.76,12.27,5.03,8.56,10.5,NORMAL,NORMAL,NORMAL,NORMAL,NORMAL,NORMAL,NORMAL,NORMAL,NORMAL,77.78
LT,2024,7.03,13.51,73.77,103.41,54.06,0.11,0,3.54,Interest Bearing,0,-7338.0,7.69,702.5,36.0,20445.0,1.17,High Quality,0.99,Asset Light,68.46,+,+,-,Liquidating Assets,17.59,10.34,10.03,6.36,8.76,12.27,5.03,8.56,10.5,NORMAL,NORMAL,NORMAL,NORMAL,NORMAL,NORMAL,NORMAL,NORMAL,NORMAL,77.78
LTIM,2013,14.59,22.59,41.97,55.37,24.14,0.17,0,42.48,Interest Bearing,0,185.0,1.65,83.69,54.0,384.0,1.08,High Quality,5.82,Moderate,44.14,+,-,-,Shareholder Returns,,,,,,,,,,INSUFFICIENT,INSUFFICIENT,INSUFFICIENT,INSUFFICIENT,INSUFFICIENT,INSUFFICIENT,INSUFFICIENT,INSUFFICIENT,INSUFFICIENT,66.67
LTIM,2014,20.24,23.31,61.86,77.5,37.36,0.07,0,44.0,Interest Bearing,0,-59.0,1.85,100.62,55.0,808.0,0.63,Moderate,3.66,Moderate,70.44,+,+,-,Liquidating Assets,,,,,,,,,,INSUFFICIENT,INSUFFICIENT,INSUFFICIENT,INSUFFICIENT,INSUFFICIENT,INSUFFICIENT,INSUFFICIENT,INSUFFICIENT,INSUFFICIENT,55.56
LTIM,2015,15.45,20.19,37.96,48.75,25.82,0.11,0,110.4,Interest Bearing,0,114.0,1.67,126.62,63.0,539.0,0.83,Moderate,2.07,Asset Light,53.63,+,-,-,Reinvestor,,,,,,,,,,INSUFFICIENT,INSUFFICIENT,INSUFFICIENT,INSUFFICIENT,INSUFFICIENT,INSUFFICIENT,INSUFFICIENT,INSUFFICIENT,INSUFFICIENT,55.56
LTIM,2016,14.3,17.58,39.34,55.46,26.65,0.03,0,202.5,Interest Bearing,0,12.0,1.86,125.0,72.0,818.0,1.03,High Quality,0.68,Asset Light,79.57,+,-,-,Shareholder Returns,14.93,,,14.15,,,-34.45,,,NORMAL,INSUFFICIENT,INSUFFICIENT,NORMAL,INSUFFICIENT,INSUFFICIENT,NORMAL,INSUFFICIENT,INSUFFICIENT,66.67
LTIM,2017,14.94,18.92,30.88,44.97,21.98,0.0,0,472.33,Interest Bearing,0,-941.0,1.47,184.94,29.0,209.0,1.2,High Quality,14.78,Capital Intensive,16.99,+,-,-,Shareholder Returns,9.73,,,-0.84,,,-43.07,,,NORMAL,INSUFFICIENT,INSUFFICIENT,NORMAL,INSUFFICIENT,INSUFFICIENT,NORMAL,INSUFFICIENT,INSUFFICIENT,66.67
LTIM,2018,15.22,16.25,28.81,41.37,20.84,0.0,0,100.81,Interest Bearing,0,-1264.0,1.37,227.06,33.0,392.0,0.76,Moderate,6.19,Moderate,33.02,+,-,-,Reinvestor,13.64,13.66,,13.08,14.62,,-35.12,-17.88,,NORMAL,NORMAL,INSUFFICIENT,NORMAL,NORMAL,INSUFFICIENT,NORMAL,NORMAL,INSUFFICIENT,77.78
LTIM,2019,16.05,19.93,30.98,44.43,22.75,0.0,0,198.64,Interest Bearing,0,-1740.0,1.42,287.82,32.0,646.0,0.92,Moderate,7.93,Moderate,34.31,+,-,-,Reinvestor,17.34,13.93,,21.95,8.76,,21.09,-22.39,,NORMAL,NORMAL,INSUFFICIENT,NORMAL,NORMAL,INSUFFICIENT,NORMAL,NORMAL,INSUFFICIENT,66.67
LTIM,2020,13.97,18.65,28.13,36.02,17.24,0.17,0,28.41,Interest Bearing,0,-1307.0,1.23,317.88,32.0,1001.0,1.08,High Quality,5.91,Moderate,49.33,+,-,-,Shareholder Returns,18.72,16.92,,16.11,14.6,,15.14,-18.23,,NORMAL,NORMAL,INSUFFICIENT,NORMAL,NORMAL,INSUFFICIENT,NORMAL,NORMAL,INSUFFICIENT,88.89
LTIM,2021,15.67,22.03,26.53,36.04,18.1,0.11,0,37.96,Interest Bearing,0,-2932.0,1.16,405.78,36.0,743.0,1.24,High Quality,13.4,Capital Intensive,27.27,+,-,-,Shareholder Returns,19.19,16.17,,20.34,18.31,,19.53,17.77,,NORMAL,NORMAL,INSUFFICIENT,NORMAL,NORMAL,INSUFFICIENT,NORMAL,NORMAL,INSUFFICIENT,100.0
LTIM,2022,15.13,20.1,27.65,40.51,19.2,0.02,0,48.9,Interest Bearing,0,-5790.0,1.27,476.27,41.0,1608.0,0.82,Moderate,6.29,Moderate,30.63,+,-,-,Reinvestor,40.34,32.06,,37.6,32.4,,37.26,31.6,,NORMAL,NORMAL,INSUFFICIENT,NORMAL,NORMAL,INSUFFICIENT,NORMAL,NORMAL,INSUFFICIENT,88.89
LTIM,2023,13.29,18.41,26.58,35.93,18.78,0.09,0,44.43,Interest Bearing,0,-3917.0,1.41,553.07,40.0,2824.0,0.7,Moderate,0.82,Asset Light,46.23,+,-,-,Reinvestor,45.02,35.35,24.03,42.63,31.72,22.88,19.64,18.05,-1.54,NORMAL,NORMAL,NORMAL,NORMAL,NORMAL,NORMAL,NORMAL,NORMAL,NORMAL,88.89
LTIM,2024,12.91,17.98,22.9,31.09,16.65,0.1,0,31.93,Interest Bearing,0,-6673.0,1.29,667.27,42.0,1752.0,1.24,High Quality,11.03,Capital Intensive,27.43,+,-,-,Shareholder Returns,42.13,30.33,21.86,33.25,24.78,16.5,11.77,12.24,-6.67,NORMAL,NORMAL,NORMAL,NORMAL,NORMAL,NORMAL,NORMAL,NORMAL,NORMAL,100.0
LTIM,2024,12.91,17.98,21.76,29.34,15.94,0.11,0,31.93,Interest Bearing,0,-7338.0,1.23,702.5,42.0,1752.0,1.24,High Quality,11.03,Capital Intensive,27.43,+,-,-,Shareholder Returns,42.13,30.33,21.86,33.25,24.78,16.5,11.77,12.24,-6.67,NORMAL,NORMAL,NORMAL,NORMAL,NORMAL,NORMAL,NORMAL,NORMAL,NORMAL,100.0
M&M,2013,6.01,13.27,20.69,15.74,5.42,1.44,0,4.33,Interest Bearing,0,22271.0,0.9,67.66,19.0,-3825.0,0.22,Accrual Risk,4.23,Moderate,-41.96,-,-,+,Growth Funded by Debt,,,,,,,,,,INSUFFICIENT,INSUFFICIENT,INSUFFICIENT,INSUFFICIENT,INSUFFICIENT,INSUFFICIENT,INSUFFICIENT,INSUFFICIENT,INSUFFICIENT,33.33
M&M,2014,6.96,13.74,22.11,13.66,5.86,1.51,0,3.7,Interest Bearing,0,27085.0,0.84,79.01,18.0,-4768.0,0.05,Accrual Risk,6.11,Moderate,-46.88,-,-,+,Growth Funded by Debt,,,,,,,,,,INSUFFICIENT,INSUFFICIENT,INSUFFICIENT,INSUFFICIENT,INSUFFICIENT,INSUFFICIENT,INSUFFICIENT,INSUFFICIENT,INSUFFICIENT,22.22
M&M,2015,4.73,12.31,13.08,10.09,3.58,1.47,0,3.04,Interest Bearing,0,27884.0,0.76,87.35,23.0,-3302.0,0.31,Accrual Risk,6.1,Moderate,-37.55,+,-,+,Mixed,,,,,,,,,,INSUFFICIENT,INSUFFICIENT,INSUFFICIENT,INSUFFICIENT,INSUFFICIENT,INSUFFICIENT,INSUFFICIENT,INSUFFICIENT,INSUFFICIENT,11.11
M&M,2016,4.69,13.29,13.42,11.92,3.56,1.57,0,3.41,Interest Bearing,0,29950.0,0.76,98.12,21.0,-3121.0,0.67,Moderate,7.26,Moderate,-30.96,+,-,+,Mixed,3.35,,,-4.88,,,-8.84,,,NORMAL,INSUFFICIENT,INSUFFICIENT,NORMAL,INSUFFICIENT,INSUFFICIENT,NORMAL,INSUFFICIENT,INSUFFICIENT,11.11
M&M,2017,4.84,12.81,13.6,11.67,3.56,1.64,0,3.51,Interest Bearing,0,34100.0,0.74,95.75,22.0,-5692.0,0.05,Accrual Risk,7.01,Moderate,-53.02,+,-,+,Mixed,4.22,,,-7.71,,,-7.58,,,NORMAL,INSUFFICIENT,INSUFFICIENT,NORMAL,INSUFFICIENT,INSUFFICIENT,NORMAL,INSUFFICIENT,INSUFFICIENT,11.11
M&M,2018,8.64,14.36,21.64,14.68,5.84,1.52,0,4.41,Interest Bearing,0,39880.0,0.68,67.73,11.0,-4785.0,0.09,Accrual Risk,5.94,Moderate,-36.18,+,-,+,Mixed,8.83,6.04,,33.02,14.02,,33.89,12.7,,NORMAL,NORMAL,INSUFFICIENT,NORMAL,NORMAL,INSUFFICIENT,NORMAL,NORMAL,INSUFFICIENT,44.44
M&M,2019,5.75,14.52,15.05,11.61,3.72,1.77,0,3.56,Interest Bearing,0,52580.0,0.65,73.5,17.0,-11521.0,0.72,Moderate,6.85,Moderate,-75.76,-,-,+,Growth Funded by Debt,11.36,7.19,,19.18,3.14,,19.81,2.5,,NORMAL,NORMAL,INSUFFICIENT,NORMAL,NORMAL,INSUFFICIENT,NORMAL,NORMAL,INSUFFICIENT,22.22
M&M,2020,-0.43,13.48,-0.8,4.11,-0.19,2.05,1,1.83,Interest Bearing,0,62882.0,0.45,72.15,205.0,-8327.0,4.54,High Quality,9.11,Capital Intensive,-81.97,-,-,+,Growth Funded by Debt,-3.46,1.08,,,,,-67.82,-47.47,,NORMAL,NORMAL,INSUFFICIENT,DECLINE_TO_LOSS,DECLINE_TO_LOSS,INSUFFICIENT,NORMAL,NORMAL,INSUFFICIENT,11.11
M&M,2021,2.04,15.46,3.64,5.35,0.92,1.94,0,2.07,Interest Bearing,0,51847.0,0.45,74.92,54.0,-1777.0,11.84,High Quality,26.5,Capital Intensive,-15.47,+,-,+,Mixed,-6.92,-0.42,,-42.51,-15.71,,-37.0,-9.71,,NORMAL,NORMAL,INSUFFICIENT,NORMAL,NORMAL,INSUFFICIENT,NORMAL,NORMAL,INSUFFICIENT,11.11
M&M,2022,8.04,16.28,15.39,10.32,4.21,1.65,0,3.56,Interest Bearing,0,47545.0,0.52,84.75,20.0,5996.0,1.28,High Quality,3.61,Moderate,40.84,+,-,-,Shareholder Returns,-4.86,1.48,,6.43,12.35,,7.22,12.05,,NORMAL,NORMAL,INSUFFICIENT,NORMAL,NORMAL,INSUFFICIENT,NORMAL,NORMAL,INSUFFICIENT,66.67
M&M,2023,9.38,16.73,20.18,12.39,5.57,1.64,0,4.16,Interest Bearing,0,56975.0,0.59,101.2,18.0,-15940.0,0.62,Moderate,7.31,Moderate,-78.58,-,-,+,Growth Funded by Debt,17.17,5.66,5.85,,7.4,10.66,336.21,6.71,9.66,NORMAL,NORMAL,NORMAL,TURNAROUND,NORMAL,NORMAL,NORMAL,NORMAL,NORMAL,22.22
M&M,2024,8.82,17.9,18.54,11.84,5.23,1.64,0,3.76,Interest Bearing,0,73439.0,0.59,118.83,21.0,-11245.0,0.46,Accrual Risk,4.04,Moderate,-45.18,-,-,+,Growth Funded by Debt,23.25,5.84,6.51,100.95,15.32,9.06,82.38,16.18,9.13,NORMAL,NORMAL,NORMAL,NORMAL,NORMAL,NORMAL,NORMAL,NORMAL,NORMAL,44.44
M&M,2024,8.82,17.9,17.4,11.05,4.81,1.66,0,3.76,Interest Bearing,0,82433.0,0.54,126.35,21.0,-11245.0,0.46,Accrual Risk,4.04,Moderate,-45.18,-,-,+,Growth Funded by Debt,23.25,5.84,6.51,100.95,15.32,9.06,82.38,16.18,9.13,NORMAL,NORMAL,NORMAL,NORMAL,NORMAL,NORMAL,NORMAL,NORMAL,NORMAL,44.44
MARUTI,2013,5.58,9.84,12.98,24.08,8.98,0.08,0,26.05,Interest Bearing,0,-5852.0,1.61,126.01,10.0,940.0,1.64,High Quality,7.04,Moderate,21.55,+,-,-,Shareholder Returns,,,,,,,,,,INSUFFICIENT,INSUFFICIENT,INSUFFICIENT,INSUFFICIENT,INSUFFICIENT,INSUFFICIENT,INSUFFICIENT,INSUFFICIENT,INSUFFICIENT,55.56
MARUTI,2014,6.41,11.92,13.28,24.89,9.07,0.09,0,32.79,Interest Bearing,0,-8523.0,1.42,142.36,13.0,-2.0,1.75,High Quality,11.22,Capital Intensive,-0.04,+,-,-,Shareholder Returns,,,,,,,,,,INSUFFICIENT,INSUFFICIENT,INSUFFICIENT,INSUFFICIENT,INSUFFICIENT,INSUFFICIENT,INSUFFICIENT,INSUFFICIENT,INSUFFICIENT,44.44
MARUTI,2015,7.5,13.57,15.66,29.98,11.05,0.03,0,35.36,Interest Bearing,0,-12632.0,1.47,161.05,20.0,1958.0,1.69,High Quality,8.84,Capital Intensive,28.41,+,-,-,Shareholder Returns,,,,,,,,,,INSUFFICIENT,INSUFFICIENT,INSUFFICIENT,INSUFFICIENT,INSUFFICIENT,INSUFFICIENT,INSUFFICIENT,INSUFFICIENT,INSUFFICIENT,66.67
MARUTI,2016,9.55,15.67,17.95,33.73,12.87,0.01,0,127.9,Interest Bearing,0,-20445.0,1.35,202.75,19.0,1252.0,1.54,High Quality,12.55,Capital Intensive,13.87,+,-,-,Shareholder Returns,9.14,,,30.56,,,30.44,,,NORMAL,INSUFFICIENT,INSUFFICIENT,NORMAL,INSUFFICIENT,INSUFFICIENT,NORMAL,INSUFFICIENT,INSUFFICIENT,66.67
MARUTI,2017,11.03,15.31,20.26,33.9,14.46,0.01,0,144.04,Interest Bearing,0,-28667.0,1.31,245.53,30.0,1109.0,1.37,High Quality,13.47,Capital Intensive,10.64,+,-,-,Shareholder Returns,15.19,,,38.06,,,38.36,,,NORMAL,INSUFFICIENT,INSUFFICIENT,NORMAL,INSUFFICIENT,INSUFFICIENT,NORMAL,INSUFFICIENT,INSUFFICIENT,66.67
MARUTI,2018,9.87,15.18,18.52,32.63,13.08,0.0,0,41.25,Interest Bearing,0,-36002.0,1.32,281.85,31.0,3486.0,1.5,High Quality,10.4,Capital Intensive,28.77,+,-,-,Shareholder Returns,16.25,12.49,,27.43,26.12,,27.47,26.06,,NORMAL,NORMAL,INSUFFICIENT,NORMAL,NORMAL,INSUFFICIENT,NORMAL,NORMAL,INSUFFICIENT,100.0
MARUTI,2019,8.89,12.85,16.25,28.87,11.96,0.0,0,180.53,Interest Bearing,0,-37344.0,1.35,311.87,32.0,3061.0,0.86,Moderate,4.11,Moderate,27.69,+,-,-,Reinvestor,14.33,14.08,,11.65,21.8,,11.6,21.9,,NORMAL,NORMAL,INSUFFICIENT,NORMAL,NORMAL,INSUFFICIENT,NORMAL,NORMAL,INSUFFICIENT,88.89
MARUTI,2020,7.5,9.72,11.49,21.43,8.92,0.0,0,80.34,Interest Bearing,0,-37304.0,1.19,327.24,32.0,2939.0,0.62,Moderate,0.74,Asset Light,39.96,+,-,-,Reinvestor,3.58,8.29,,-8.9,8.31,,-8.94,8.33,,NORMAL,NORMAL,INSUFFICIENT,NORMAL,NORMAL,INSUFFICIENT,NORMAL,NORMAL,INSUFFICIENT,44.44
MARUTI,2021,6.24,7.69,8.36,15.75,6.15,0.01,0,82.91,Interest Bearing,0,-42404.0,0.99,347.69,31.0,1565.0,2.02,High Quality,10.36,Capital Intensive,28.92,+,-,-,Shareholder Returns,-4.11,4.09,,-17.73,-4.4,,-17.79,-4.44,,NORMAL,NORMAL,INSUFFICIENT,NORMAL,NORMAL,INSUFFICIENT,NORMAL,NORMAL,INSUFFICIENT,55.56
MARUTI,2022,4.39,6.51,7.01,13.43,5.2,0.01,0,59.94,Interest Bearing,0,-41609.0,1.18,366.44,47.0,1601.0,0.47,Accrual Risk,0.27,Asset Light,27.83,+,-,-,Reinvestor,0.87,5.34,,-20.25,-12.38,,-20.32,-12.46,,NORMAL,NORMAL,INSUFFICIENT,NORMAL,NORMAL,INSUFFICIENT,NORMAL,NORMAL,INSUFFICIENT,33.33
MARUTI,2023,6.98,11.08,11.08,20.15,8.26,0.02,0,61.65,Interest Bearing,0,-47936.0,1.18,475.16,34.0,1995.0,1.31,High Quality,7.45,Moderate,15.2,+,-,-,Shareholder Returns,16.1,8.21,10.33,13.33,0.95,12.84,13.38,0.98,12.82,NORMAL,NORMAL,NORMAL,NORMAL,NORMAL,NORMAL,NORMAL,NORMAL,NORMAL,55.56
MARUTI,2024,9.51,13.13,15.75,26.45,11.7,0.0,0,117.91,Interest Bearing,0,-57177.0,1.23,545.45,29.0,4936.0,1.25,High Quality,8.36,Capital Intensive,26.5,+,-,-,Shareholder Returns,26.32,10.51,12.28,45.39,12.01,16.8,43.56,11.14,16.39,NORMAL,NORMAL,NORMAL,NORMAL,NORMAL,NORMAL,NORMAL,NORMAL,NORMAL,100.0
MARUTI,2024,9.51,13.13,15.13,25.4,11.08,0.0,0,117.91,Interest Bearing,0,-57662.0,1.17,567.68,29.0,4936.0,1.25,High Quality,8.36,Capital Intensive,26.5,+,-,-,Shareholder Returns,26.32,10.51,12.28,45.39,12.01,16.8,43.56,11.14,16.39,NORMAL,NORMAL,NORMAL,NORMAL,NORMAL,NORMAL,NORMAL,NORMAL,NORMAL,100.0
MOTHERSON,2013,1.79,5.85,19.75,21.52,3.55,2.14,1,7.19,Interest Bearing,0,4832.0,1.99,38.8,26.0,397.0,3.29,High Quality,4.3,Moderate,26.82,+,-,-,Shareholder Returns,,,,,,,,,,INSUFFICIENT,INSUFFICIENT,INSUFFICIENT,INSUFFICIENT,INSUFFICIENT,INSUFFICIENT,INSUFFICIENT,INSUFFICIENT,INSUFFICIENT,55.56
MOTHERSON,2014,3.61,7.88,37.07,30.95,7.2,1.64,0,9.21,Interest Bearing,0,4765.0,2.0,33.62,29.0,1323.0,2.46,High Quality,4.51,Moderate,55.19,+,-,-,Shareholder Returns,,,,,,,,,,INSUFFICIENT,INSUFFICIENT,INSUFFICIENT,INSUFFICIENT,INSUFFICIENT,INSUFFICIENT,INSUFFICIENT,INSUFFICIENT,INSUFFICIENT,55.56
MOTHERSON,2015,3.73,8.21,38.87,32.38,7.41,1.54,0,9.61,Interest Bearing,0,5066.0,1.99,37.77,31.0,546.0,2.62,High Quality,8.21,Capital Intensive,19.2,+,-,+,Mixed,,,,,,,,,,INSUFFICIENT,INSUFFICIENT,INSUFFICIENT,INSUFFICIENT,INSUFFICIENT,INSUFFICIENT,INSUFFICIENT,INSUFFICIENT,INSUFFICIENT,55.56
MOTHERSON,2016,4.77,9.53,40.35,32.3,9.02,1.38,0,10.8,Interest Bearing,0,5479.0,1.89,33.31,26.0,282.0,1.23,High Quality,5.12,Moderate,7.95,+,-,-,Shareholder Returns,13.73,,,57.74,,,44.22,,,NORMAL,INSUFFICIENT,INSUFFICIENT,NORMAL,INSUFFICIENT,INSUFFICIENT,NORMAL,INSUFFICIENT,INSUFFICIENT,55.56
MOTHERSON,2017,5.13,9.84,26.26,22.24,6.8,1.25,0,12.05,Interest Bearing,0,9875.0,1.33,59.09,18.0,-2345.0,1.75,High Quality,14.5,Capital Intensive,-56.22,+,-,+,Mixed,11.69,,,25.57,,,14.47,,,NORMAL,INSUFFICIENT,INSUFFICIENT,NORMAL,INSUFFICIENT,INSUFFICIENT,NORMAL,INSUFFICIENT,INSUFFICIENT,44.44
MOTHERSON,2018,4.01,9.11,22.87,23.9,6.11,1.05,0,12.78,Interest Bearing,0,9582.0,1.52,47.07,30.0,70.0,1.44,High Quality,5.67,Moderate,1.37,+,-,-,Shareholder Returns,17.55,17.35,,20.49,37.97,,14.47,24.57,,NORMAL,NORMAL,INSUFFICIENT,NORMAL,NORMAL,INSUFFICIENT,NORMAL,NORMAL,INSUFFICIENT,88.89
MOTHERSON,2019,3.3,8.42,19.14,23.37,4.91,1.05,0,13.43,Interest Bearing,0,10679.0,1.49,34.69,29.0,994.0,2.06,High Quality,5.22,Moderate,18.59,+,-,-,Shareholder Returns,19.51,15.87,,5.75,13.85,,0.0,8.45,,NORMAL,NORMAL,INSUFFICIENT,NORMAL,NORMAL,INSUFFICIENT,NORMAL,NORMAL,INSUFFICIENT,77.78
MOTHERSON,2020,2.13,7.66,11.49,19.28,2.87,1.17,0,8.93,Interest Bearing,0,12340.0,1.35,35.64,40.0,4132.0,4.91,High Quality,3.66,Moderate,88.78,+,-,-,Shareholder Returns,12.74,11.87,,-15.86,0.03,,-12.64,0.0,,NORMAL,NORMAL,INSUFFICIENT,NORMAL,NORMAL,INSUFFICIENT,NORMAL,NORMAL,INSUFFICIENT,55.56
MOTHERSON,2021,2.73,7.62,12.49,18.07,3.29,0.95,0,9.64,Interest Bearing,0,11084.0,1.2,39.75,46.0,3165.0,3.22,High Quality,3.29,Moderate,72.43,+,-,-,Shareholder Returns,0.63,9.04,,-11.45,-2.43,,-12.64,-7.79,,NORMAL,NORMAL,INSUFFICIENT,NORMAL,NORMAL,INSUFFICIENT,NORMAL,NORMAL,INSUFFICIENT,55.56
MOTHERSON,2022,1.85,7.39,5.74,13.67,2.12,0.69,0,9.74,Interest Bearing,0,7668.0,1.14,45.55,34.0,159.0,2.08,High Quality,3.61,Moderate,3.37,+,-,-,Shareholder Returns,0.13,8.52,,-17.41,-11.46,,-30.66,-19.73,,NORMAL,NORMAL,INSUFFICIENT,NORMAL,NORMAL,INSUFFICIENT,NORMAL,NORMAL,INSUFFICIENT,44.44
MOTHERSON,2023,2.12,7.93,7.44,15.29,2.72,0.61,0,8.09,Interest Bearing,0,7502.0,1.28,33.12,29.0,2395.0,2.78,High Quality,2.85,Asset Light,38.31,+,-,-,Shareholder Returns,9.07,6.95,12.03,8.87,-5.87,13.96,0.0,-7.79,7.18,NORMAL,NORMAL,NORMAL,NORMAL,NORMAL,NORMAL,NORMAL,NORMAL,NORMAL,55.56
MOTHERSON,2024,3.06,9.45,11.55,16.6,3.59,0.76,0,5.22,Interest Bearing,0,13401.0,1.17,38.58,20.0,925.0,2.51,High Quality,6.73,Moderate,9.92,+,-,+,Mixed,19.82,9.21,12.49,24.39,7.56,10.66,25.99,5.92,7.18,NORMAL,NORMAL,NORMAL,NORMAL,NORMAL,NORMAL,NORMAL,NORMAL,NORMAL,55.56
MOTHERSON,2024,3.06,9.45,9.25,13.18,3.09,0.78,0,5.22,Interest Bearing,0,18802.0,1.01,46.36,20.0,925.0,2.51,High Quality,6.73,Moderate,9.92,+,-,+,Mixed,19.82,9.21,12.49,24.39,7.56,10.66,25.99,5.92,7.18,NORMAL,NORMAL,NORMAL,NORMAL,NORMAL,NORMAL,NORMAL,NORMAL,NORMAL,44.44
NAUKRI,2013,16.1,25.64,12.5,23.32,9.21,0.0,0,48.33,Interest Bearing,0,-260.0,0.57,5.58,12.0,29.0,0.99,Moderate,9.75,Capital Intensive,23.97,+,-,-,Reinvestor,,,,,,,,,,INSUFFICIENT,INSUFFICIENT,INSUFFICIENT,INSUFFICIENT,INSUFFICIENT,INSUFFICIENT,INSUFFICIENT,INSUFFICIENT,INSUFFICIENT,44.44
NAUKRI,2014,10.58,17.11,8.93,21.1,5.66,0.0,0,48.33,Interest Bearing,0,-537.0,0.53,6.17,30.0,-123.0,1.35,High Quality,35.98,Capital Intensive,-126.8,+,-,+,Mixed,,,,,,,,,,INSUFFICIENT,INSUFFICIENT,INSUFFICIENT,INSUFFICIENT,INSUFFICIENT,INSUFFICIENT,INSUFFICIENT,INSUFFICIENT,INSUFFICIENT,44.44
NAUKRI,2015,-1.91,2.87,-0.99,7.49,-0.63,0.0,0,27.5,Interest Bearing,0,-1174.0,0.33,11.79,150.0,-1000.0,3.64,High Quality,143.58,Capital Intensive,-4761.9,+,-,+,Mixed,,,,,,,,,,INSUFFICIENT,INSUFFICIENT,INSUFFICIENT,INSUFFICIENT,INSUFFICIENT,INSUFFICIENT,INSUFFICIENT,INSUFFICIENT,INSUFFICIENT,33.33
NAUKRI,2016,15.78,12.17,7.65,12.89,6.13,0.0,0,67.33,Interest Bearing,0,-567.0,0.39,12.75,27.0,76.0,0.66,Moderate,0.27,Asset Light,83.52,+,-,-,Reinvestor,16.59,,,15.79,,,11.2,,,NORMAL,INSUFFICIENT,INSUFFICIENT,NORMAL,INSUFFICIENT,INSUFFICIENT,NORMAL,INSUFFICIENT,INSUFFICIENT,33.33
NAUKRI,2017,-4.84,-1.01,-2.7,2.32,-2.09,0.0,0,10.25,Interest Bearing,0,-550.0,0.43,13.16,-230.0,48.0,4.95,High Quality,18.58,Capital Intensive,-533.33,+,-,-,Shareholder Returns,16.13,,,,,,,,,NORMAL,INSUFFICIENT,INSUFFICIENT,DECLINE_TO_LOSS,INSUFFICIENT,INSUFFICIENT,DECLINE_TO_LOSS,INSUFFICIENT,INSUFFICIENT,44.44
NAUKRI,2018,50.71,22.17,24.5,30.06,19.3,0.0,0,124.0,Interest Bearing,0,-1564.0,0.38,16.76,13.0,104.0,0.5,Moderate,15.08,Capital Intensive,47.49,+,-,-,Reinvestor,10.51,15.92,,,45.82,,175.89,39.33,,NORMAL,NORMAL,INSUFFICIENT,TURNAROUND,NORMAL,INSUFFICIENT,NORMAL,NORMAL,INSUFFICIENT,88.89
NAUKRI,2019,51.43,0.78,23.28,29.05,18.56,0.0,0,106.57,Interest Bearing,0,-1203.0,0.36,20.84,12.0,217.0,0.47,Accrual Risk,5.13,Moderate,2411.11,+,-,-,Reinvestor,15.45,15.21,,71.19,58.06,,64.54,43.69,,NORMAL,NORMAL,INSUFFICIENT,NORMAL,NORMAL,INSUFFICIENT,NORMAL,NORMAL,INSUFFICIENT,88.89
NAUKRI,2020,-18.75,-26.68,-11.21,-3.43,-8.5,0.04,0,-4.57,Interest Bearing,1,-1056.0,0.45,17.99,-31.0,447.0,1.42,High Quality,7.39,Moderate,-127.71,+,+,-,Liquidating Assets,13.9,12.38,,,,,,,,NORMAL,NORMAL,INSUFFICIENT,BOTH_NEGATIVE,BOTH_NEGATIVE,INSUFFICIENT,BOTH_NEGATIVE,DECLINE_TO_LOSS,INSUFFICIENT,44.44
NAUKRI,2021,125.71,6.56,26.28,30.16,22.54,0.01,0,150.73,Interest Bearing,0,-2259.0,0.18,41.83,7.0,-1767.0,0.19,Accrual Risk,181.12,Capital Intensive,-2387.84,+,-,+,Mixed,4.52,8.56,,41.45,64.42,,37.84,58.49,,NORMAL,NORMAL,INSUFFICIENT,NORMAL,NORMAL,INSUFFICIENT,NORMAL,NORMAL,INSUFFICIENT,66.67
NAUKRI,2022,810.7,28.07,74.71,82.31,62.89,0.0,0,1296.0,Interest Bearing,0,-15550.0,0.08,133.66,1.0,-470.0,0.05,Accrual Risk,74.07,Capital Intensive,-105.38,+,-,+,Mixed,11.35,12.34,,179.18,,,172.45,,,NORMAL,NORMAL,INSUFFICIENT,NORMAL,TURNAROUND,INSUFFICIENT,NORMAL,TURNAROUND,INSUFFICIENT,55.56
NAUKRI,2023,-2.98,14.83,-0.52,1.58,-0.42,0.01,0,12.89,Interest Bearing,0,-12295.0,0.14,103.86,-228.0,154.0,7.31,High Quality,15.26,Capital Intensive,44.25,+,-,+,Mixed,21.38,18.88,17.39,,,,,,,NORMAL,NORMAL,NORMAL,BOTH_NEGATIVE,DECLINE_TO_LOSS,DECLINE_TO_LOSS,BOTH_NEGATIVE,DECLINE_TO_LOSS,DECLINE_TO_LOSS,55.56
NAUKRI,2024,23.46,28.04,1.97,3.21,1.65,0.01,0,28.97,Interest Bearing,0,-30957.0,0.07,234.59,49.0,-150.0,1.18,High Quality,33.6,Capital Intensive,-21.1,+,-,+,Mixed,31.0,17.12,16.16,-25.13,0.1,25.79,-26.32,-2.13,18.59,NORMAL,NORMAL,NORMAL,NORMAL,NORMAL,NORMAL,NORMAL,NORMAL,NORMAL,44.44
NAUKRI,2024,23.46,28.04,1.42,2.33,1.19,0.01,0,28.97,Interest Bearing,0,-45064.0,0.05,323.94,49.0,-150.0,1.18,High Quality,33.6,Capital Intensive,-21.1,+,-,+,Mixed,31.0,17.12,16.16,-25.13,0.1,25.79,-26.32,-2.13,18.59,NORMAL,NORMAL,NORMAL,NORMAL,NORMAL,NORMAL,NORMAL,NORMAL,NORMAL,44.44
NESTLEIND,2013,12.27,21.4,47.17,56.45,17.69,0.5,0,55.27,Interest Bearing,0,338.0,1.44,24.67,42.0,1355.0,1.61,High Quality,4.85,Moderate,69.56,+,-,-,Shareholder Returns,,,,,,,,,,INSUFFICIENT,INSUFFICIENT,INSUFFICIENT,INSUFFICIENT,INSUFFICIENT,INSUFFICIENT,INSUFFICIENT,INSUFFICIENT,INSUFFICIENT,66.67
NESTLEIND,2014,12.02,20.69,41.77,73.92,20.36,0.01,0,151.86,Interest Bearing,0,-792.0,1.69,29.55,51.0,1212.0,1.39,High Quality,4.38,Moderate,59.44,+,-,-,Shareholder Returns,,,,,,,,,,INSUFFICIENT,INSUFFICIENT,INSUFFICIENT,INSUFFICIENT,INSUFFICIENT,INSUFFICIENT,INSUFFICIENT,INSUFFICIENT,INSUFFICIENT,66.67
NESTLEIND,2015,6.89,19.02,19.99,40.95,9.25,0.01,0,388.0,Interest Bearing,0,-1307.0,1.34,29.34,83.0,1028.0,1.95,High Quality,0.86,Asset Light,66.11,+,-,-,Shareholder Returns,,,,,,,,,,INSUFFICIENT,INSUFFICIENT,INSUFFICIENT,INSUFFICIENT,INSUFFICIENT,INSUFFICIENT,INSUFFICIENT,INSUFFICIENT,INSUFFICIENT,66.67
NESTLEIND,2016,10.95,20.24,30.5,57.29,14.7,0.01,0,21.87,Interest Bearing,0,-1723.0,1.34,34.19,61.0,1340.0,1.46,High Quality,1.38,Asset Light,72.43,+,-,-,Shareholder Returns,0.15,,,-3.59,,,-5.9,,,NORMAL,INSUFFICIENT,INSUFFICIENT,NORMAL,INSUFFICIENT,INSUFFICIENT,NORMAL,INSUFFICIENT,INSUFFICIENT,66.67
NESTLEIND,2017,12.24,20.95,35.82,63.15,16.64,0.01,0,24.72,Interest Bearing,0,-1944.0,1.36,35.62,68.0,1687.0,1.48,High Quality,1.31,Asset Light,80.45,+,-,-,Shareholder Returns,0.52,,,1.11,,,2.7,,,NORMAL,INSUFFICIENT,INSUFFICIENT,NORMAL,INSUFFICIENT,INSUFFICIENT,NORMAL,INSUFFICIENT,INSUFFICIENT,66.67
NESTLEIND,2018,14.23,23.18,43.75,74.57,19.87,0.01,0,25.69,Interest Bearing,0,-2623.0,1.4,38.26,69.0,2000.0,1.28,High Quality,0.46,Asset Light,76.39,+,-,-,Shareholder Returns,11.37,4.41,,41.85,7.55,,41.5,7.21,,NORMAL,NORMAL,INSUFFICIENT,NORMAL,NORMAL,INSUFFICIENT,NORMAL,NORMAL,INSUFFICIENT,66.67
NESTLEIND,2019,15.91,23.66,102.61,144.47,27.44,0.1,0,24.6,Interest Bearing,0,-1562.0,1.72,19.98,168.0,2378.0,1.17,High Quality,0.67,Asset Light,81.27,+,+,-,Liquidating Assets,10.61,4.65,,25.27,10.68,,25.99,10.76,,NORMAL,NORMAL,INSUFFICIENT,NORMAL,NORMAL,INSUFFICIENT,NORMAL,NORMAL,INSUFFICIENT,88.89
NESTLEIND,2020,15.6,23.99,103.12,147.0,26.35,0.07,0,20.41,Interest Bearing,0,-1317.0,1.69,21.03,93.0,2133.0,1.18,High Quality,2.4,Asset Light,66.61,+,-,-,Shareholder Returns,10.07,10.31,,19.34,29.9,,19.17,29.67,,NORMAL,NORMAL,INSUFFICIENT,NORMAL,NORMAL,INSUFFICIENT,NORMAL,NORMAL,INSUFFICIENT,100.0
NESTLEIND,2021,14.37,24.16,108.84,146.84,25.72,0.14,0,17.08,Interest Bearing,0,-508.0,1.79,20.27,91.0,316.0,1.06,High Quality,13.02,Capital Intensive,8.87,+,-,-,Shareholder Returns,9.29,10.03,,9.64,16.17,,8.97,17.08,,NORMAL,NORMAL,INSUFFICIENT,NORMAL,NORMAL,INSUFFICIENT,NORMAL,NORMAL,INSUFFICIENT,100.0
NESTLEIND,2022,14.15,21.93,97.23,133.99,26.63,0.11,0,24.6,Interest Bearing,0,-507.0,1.88,25.61,89.0,2345.0,1.14,High Quality,2.32,Asset Light,63.28,+,-,-,Shareholder Returns,10.96,11.04,,6.71,14.31,,7.72,13.97,,NORMAL,NORMAL,INSUFFICIENT,NORMAL,NORMAL,INSUFFICIENT,NORMAL,NORMAL,INSUFFICIENT,100.0
NESTLEIND,2023,15.68,23.38,121.96,163.66,33.4,0.11,0,38.55,Interest Bearing,0,-507.0,2.13,25.61,56.0,2465.0,1.13,High Quality,4.85,Moderate,55.13,+,-,-,Shareholder Returns,12.73,11.11,7.71,12.94,13.29,10.38,12.11,12.77,9.96,NORMAL,NORMAL,NORMAL,NORMAL,NORMAL,NORMAL,NORMAL,NORMAL,NORMAL,100.0
NESTLEIND,2024,16.12,23.83,117.75,158.13,37.38,0.1,0,41.19,Interest Bearing,0,-119.0,2.32,34.79,79.0,2938.0,1.06,High Quality,5.07,Moderate,50.54,+,-,-,Shareholder Returns,18.28,14.55,9.49,22.91,14.85,12.75,23.06,15.44,13.07,NORMAL,NORMAL,NORMAL,NORMAL,NORMAL,NORMAL,NORMAL,NORMAL,NORMAL,100.0
NESTLEIND,2024,16.12,23.83,98.57,133.65,35.41,0.09,0,41.19,Interest Bearing,0,-416.0,2.2,41.56,79.0,2938.0,1.06,High Quality,5.07,Moderate,50.54,+,-,-,Shareholder Returns,18.28,14.55,9.49,22.91,14.85,12.75,23.06,15.44,13.07,NORMAL,NORMAL,NORMAL,NORMAL,NORMAL,NORMAL,NORMAL,NORMAL,NORMAL,100.0
NHPC,2013,45.02,65.07,9.64,10.24,4.61,0.68,0,9.41,Interest Bearing,0,18893.0,0.1,2.42,28.0,1516.0,0.99,Moderate,20.84,Capital Intensive,36.51,+,-,-,Reinvestor,,,,,,,,,,INSUFFICIENT,INSUFFICIENT,INSUFFICIENT,INSUFFICIENT,INSUFFICIENT,INSUFFICIENT,INSUFFICIENT,INSUFFICIENT,INSUFFICIENT,33.33
NHPC,2014,22.1,58.76,5.78,8.21,2.66,0.74,0,4.35,Interest Bearing,0,19546.0,0.12,2.55,27.0,2702.0,2.34,High Quality,15.18,Capital Intensive,62.23,+,-,-,Shareholder Returns,,,,,,,,,,INSUFFICIENT,INSUFFICIENT,INSUFFICIENT,INSUFFICIENT,INSUFFICIENT,INSUFFICIENT,INSUFFICIENT,INSUFFICIENT,INSUFFICIENT,44.44
NHPC,2015,34.03,62.45,9.1,10.59,4.55,0.67,0,5.19,Interest Bearing,0,19564.0,0.13,2.78,27.0,3293.0,1.45,High Quality,9.34,Capital Intensive,64.14,+,-,-,Shareholder Returns,,,,,,,,,,INSUFFICIENT,INSUFFICIENT,INSUFFICIENT,INSUFFICIENT,INSUFFICIENT,INSUFFICIENT,INSUFFICIENT,INSUFFICIENT,INSUFFICIENT,44.44
NHPC,2016,28.31,57.25,7.47,9.3,3.76,0.63,0,5.14,Interest Bearing,0,19332.0,0.13,2.86,81.0,5225.0,2.52,High Quality,8.93,Capital Intensive,109.24,+,-,-,Shareholder Returns,9.4,,,-6.28,,,0.0,,,NORMAL,INSUFFICIENT,INSUFFICIENT,NORMAL,INSUFFICIENT,INSUFFICIENT,NORMAL,INSUFFICIENT,INSUFFICIENT,44.44
NHPC,2017,40.36,56.64,11.99,12.43,5.78,0.66,0,6.29,Interest Bearing,0,18207.0,0.14,2.83,61.0,6465.0,2.39,High Quality,21.62,Capital Intensive,132.37,+,-,-,Shareholder Returns,5.28,,,28.69,,,44.22,,,NORMAL,INSUFFICIENT,INSUFFICIENT,NORMAL,INSUFFICIENT,INSUFFICIENT,NORMAL,INSUFFICIENT,INSUFFICIENT,44.44
NHPC,2018,35.91,54.78,9.27,9.27,4.43,0.62,0,5.88,Interest Bearing,0,17477.0,0.12,2.93,57.0,3810.0,1.69,High Quality,11.42,Capital Intensive,89.69,+,-,-,Shareholder Returns,-1.93,3.98,,-0.16,-0.62,,0.0,0.0,,NORMAL,NORMAL,INSUFFICIENT,NORMAL,NORMAL,INSUFFICIENT,NORMAL,NORMAL,INSUFFICIENT,44.44
NHPC,2019,31.57,55.45,9.21,11.67,4.25,0.62,0,7.49,Interest Bearing,0,17783.0,0.13,3.07,56.0,2642.0,1.35,High Quality,13.16,Capital Intensive,53.04,+,-,-,Shareholder Returns,2.45,3.98,,6.24,11.67,,14.47,24.57,,NORMAL,NORMAL,INSUFFICIENT,NORMAL,NORMAL,INSUFFICIENT,NORMAL,NORMAL,INSUFFICIENT,66.67
NHPC,2020,33.42,54.42,10.66,8.94,4.69,0.74,0,6.56,Interest Bearing,0,21828.0,0.14,3.12,52.0,6.0,0.89,Moderate,29.85,Capital Intensive,0.11,+,-,+,Mixed,5.09,4.01,,-1.31,3.64,,0.0,8.45,,NORMAL,NORMAL,INSUFFICIENT,NORMAL,NORMAL,INSUFFICIENT,NORMAL,NORMAL,INSUFFICIENT,33.33
NHPC,2021,37.31,54.7,10.89,10.26,4.92,0.71,0,11.03,Interest Bearing,0,21523.0,0.13,3.29,49.0,3463.0,1.41,High Quality,16.66,Capital Intensive,65.62,+,-,-,Shareholder Returns,7.55,2.92,,8.93,8.77,,14.47,8.45,,NORMAL,NORMAL,INSUFFICIENT,NORMAL,NORMAL,INSUFFICIENT,NORMAL,NORMAL,INSUFFICIENT,44.44
NHPC,2022,41.27,43.89,10.81,7.22,4.88,0.75,0,8.52,Interest Bearing,0,23710.0,0.12,3.48,52.0,1506.0,1.22,High Quality,33.73,Capital Intensive,37.53,+,-,-,Shareholder Returns,0.59,1.18,,9.99,1.64,,10.06,5.92,,NORMAL,NORMAL,INSUFFICIENT,NORMAL,NORMAL,INSUFFICIENT,NORMAL,NORMAL,INSUFFICIENT,44.44
NHPC,2023,40.17,58.3,11.53,9.7,4.94,0.8,0,14.58,Interest Bearing,0,29041.0,0.12,3.68,48.0,514.0,1.1,High Quality,39.51,Capital Intensive,8.31,+,-,-,Shareholder Returns,1.96,6.46,5.21,8.4,8.88,4.02,10.06,14.87,7.18,NORMAL,NORMAL,NORMAL,NORMAL,NORMAL,NORMAL,NORMAL,NORMAL,NORMAL,55.56
NHPC,2024,41.82,49.91,10.41,8.74,4.32,0.84,0,11.24,Interest Bearing,0,32082.0,0.1,3.85,53.0,970.0,1.72,High Quality,61.96,Capital Intensive,20.18,+,-,-,Shareholder Returns,-0.06,1.4,2.69,3.82,7.27,9.45,10.06,5.92,14.87,NORMAL,NORMAL,NORMAL,NORMAL,NORMAL,NORMAL,NORMAL,NORMAL,NORMAL,44.44
NHPC,2024,41.82,49.91,10.03,8.38,4.12,0.85,0,11.24,Interest Bearing,0,33711.0,0.1,4.0,53.0,970.0,1.72,High Quality,61.96,Capital Intensive,20.18,+,-,-,Shareholder Returns,-0.06,1.4,2.69,3.82,7.27,9.45,10.06,5.92,14.87,NORMAL,NORMAL,NORMAL,NORMAL,NORMAL,NORMAL,NORMAL,NORMAL,NORMAL,44.44
NTPC,2013,17.6,25.38,15.49,13.47,7.04,0.87,0,9.2,Interest Bearing,0,65496.0,0.4,9.85,38.0,-337.0,1.31,High Quality,23.55,Capital Intensive,-1.86,+,-,+,Mixed,,,,,,,,,,INSUFFICIENT,INSUFFICIENT,INSUFFICIENT,INSUFFICIENT,INSUFFICIENT,INSUFFICIENT,INSUFFICIENT,INSUFFICIENT,INSUFFICIENT,44.44
NTPC,2014,14.56,25.18,13.06,11.41,5.7,0.93,0,6.9,Interest Bearing,0,78155.0,0.39,10.59,42.0,1022.0,1.45,High Quality,19.8,Capital Intensive,5.18,+,-,-,Shareholder Returns,,,,,,,,,,INSUFFICIENT,INSUFFICIENT,INSUFFICIENT,INSUFFICIENT,INSUFFICIENT,INSUFFICIENT,INSUFFICIENT,INSUFFICIENT,INSUFFICIENT,44.44
NTPC,2015,12.5,21.7,12.17,8.69,4.55,1.25,0,5.37,Interest Bearing,0,100350.0,0.36,9.96,21.0,-1088.0,1.49,High Quality,19.98,Capital Intensive,-6.27,+,-,-,Shareholder Returns,,,,,,,,,,INSUFFICIENT,INSUFFICIENT,INSUFFICIENT,INSUFFICIENT,INSUFFICIENT,INSUFFICIENT,INSUFFICIENT,INSUFFICIENT,INSUFFICIENT,22.22
NTPC,2016,14.69,25.3,11.77,8.58,4.8,1.09,0,5.87,Interest Bearing,0,92951.0,0.33,11.11,26.0,4963.0,2.24,High Quality,26.11,Capital Intensive,26.73,+,-,-,Shareholder Returns,0.87,,,-5.03,,,-5.42,,,NORMAL,INSUFFICIENT,INSUFFICIENT,NORMAL,INSUFFICIENT,INSUFFICIENT,NORMAL,INSUFFICIENT,INSUFFICIENT,33.33
NTPC,2017,13.06,26.33,10.95,9.19,4.31,1.16,0,6.18,Interest Bearing,0,106159.0,0.33,11.87,37.0,-4313.0,1.88,High Quality,29.84,Capital Intensive,-19.97,+,-,+,Mixed,1.56,,,-2.06,,,-2.86,,,NORMAL,INSUFFICIENT,INSUFFICIENT,NORMAL,INSUFFICIENT,INSUFFICIENT,NORMAL,INSUFFICIENT,INSUFFICIENT,22.22
NTPC,2018,11.92,25.53,10.14,10.11,3.72,1.26,0,6.31,Interest Bearing,0,121173.0,0.31,12.56,40.0,-1008.0,1.87,High Quality,23.48,Capital Intensive,-4.48,+,-,+,Mixed,3.28,4.25,,1.67,-3.56,,3.23,-3.29,,NORMAL,NORMAL,INSUFFICIENT,NORMAL,NORMAL,INSUFFICIENT,NORMAL,NORMAL,INSUFFICIENT,22.22
NTPC,2019,13.99,22.65,12.6,7.0,4.05,1.55,0,4.55,Interest Bearing,0,164926.0,0.29,11.25,44.0,-5377.0,1.33,High Quality,23.99,Capital Intensive,-23.68,+,-,+,Mixed,10.97,5.07,,9.19,4.24,,8.37,3.13,,NORMAL,NORMAL,INSUFFICIENT,NORMAL,NORMAL,INSUFFICIENT,NORMAL,NORMAL,INSUFFICIENT,22.22
NTPC,2020,10.87,28.86,10.02,9.82,3.15,1.71,0,4.86,Interest Bearing,0,193677.0,0.29,12.01,27.0,-5738.0,2.01,High Quality,27.07,Capital Intensive,-18.17,+,-,+,Mixed,10.09,6.48,,3.57,3.56,,2.94,3.71,,NORMAL,NORMAL,INSUFFICIENT,NORMAL,NORMAL,INSUFFICIENT,NORMAL,NORMAL,INSUFFICIENT,22.22
NTPC,2021,13.42,30.52,11.9,8.88,3.76,1.67,0,4.24,Interest Bearing,0,199619.0,0.28,12.97,41.0,11410.0,2.17,High Quality,18.86,Capital Intensive,33.52,+,-,-,Shareholder Returns,8.19,8.73,,12.54,6.78,,10.89,6.4,,NORMAL,NORMAL,INSUFFICIENT,NORMAL,NORMAL,INSUFFICIENT,NORMAL,NORMAL,INSUFFICIENT,33.33
NTPC,2022,12.78,30.42,12.53,10.34,4.08,1.56,0,4.82,Interest Bearing,0,200081.0,0.32,13.96,41.0,18897.0,2.46,High Quality,17.25,Capital Intensive,46.82,+,-,-,Shareholder Returns,9.78,10.09,,6.52,9.62,,6.69,9.1,,NORMAL,NORMAL,INSUFFICIENT,NORMAL,NORMAL,INSUFFICIENT,NORMAL,NORMAL,INSUFFICIENT,44.44
NTPC,2023,9.72,27.01,11.65,10.46,3.83,1.52,0,4.38,Interest Bearing,0,208978.0,0.39,15.16,42.0,21007.0,2.75,High Quality,14.84,Capital Intensive,44.14,+,-,-,Shareholder Returns,17.2,14.88,9.44,12.89,10.27,3.13,12.31,9.1,2.72,NORMAL,NORMAL,NORMAL,NORMAL,NORMAL,NORMAL,NORMAL,NORMAL,NORMAL,55.56
NTPC,2024,11.95,28.83,13.27,11.15,4.45,1.48,0,4.6,Interest Bearing,0,221246.0,0.37,16.57,36.0,8644.0,1.91,High Quality,18.01,Capital Intensive,16.8,+,-,-,Shareholder Returns,16.97,12.22,8.59,12.53,8.74,6.46,11.87,8.45,5.76,NORMAL,NORMAL,NORMAL,NORMAL,NORMAL,NORMAL,NORMAL,NORMAL,NORMAL,44.44
NTPC,2024,11.95,28.83,12.68,10.81,4.33,1.44,0,4.6,Interest Bearing,0,225509.0,0.36,17.35,36.0,8644.0,1.91,High Quality,18.01,Capital Intensive,16.8,+,-,-,Shareholder Returns,16.97,12.22,8.59,12.53,8.74,6.46,11.87,8.45,5.76,NORMAL,NORMAL,NORMAL,NORMAL,NORMAL,NORMAL,NORMAL,NORMAL,NORMAL,44.44
ONGC,2013,14.81,26.86,15.73,28.0,9.47,0.14,0,101.22,Interest Bearing,0,18558.0,0.64,35.65,34.0,-1346.0,1.66,High Quality,25.45,Capital Intensive,-3.09,+,-,-,Shareholder Returns,,,,,,,,,,INSUFFICIENT,INSUFFICIENT,INSUFFICIENT,INSUFFICIENT,INSUFFICIENT,INSUFFICIENT,INSUFFICIENT,INSUFFICIENT,INSUFFICIENT,55.56
ONGC,2014,15.31,28.22,15.49,25.16,8.21,0.29,0,90.22,Interest Bearing,0,44367.0,0.54,40.24,31.0,-10363.0,2.0,High Quality,36.55,Capital Intensive,-21.09,+,-,+,Mixed,,,,,,,,,,INSUFFICIENT,INSUFFICIENT,INSUFFICIENT,INSUFFICIENT,INSUFFICIENT,INSUFFICIENT,INSUFFICIENT,INSUFFICIENT,INSUFFICIENT,55.56
ONGC,2015,11.0,26.29,9.81,19.37,5.24,0.3,0,16.85,Interest Bearing,0,49195.0,0.48,42.18,44.0,3892.0,1.92,High Quality,18.68,Capital Intensive,9.2,+,-,-,Shareholder Returns,,,,,,,,,,INSUFFICIENT,INSUFFICIENT,INSUFFICIENT,INSUFFICIENT,INSUFFICIENT,INSUFFICIENT,INSUFFICIENT,INSUFFICIENT,INSUFFICIENT,55.56
ONGC,2016,10.56,31.55,6.62,14.97,3.83,0.23,0,10.67,Interest Bearing,0,12113.0,0.36,46.24,56.0,8036.0,3.53,High Quality,30.84,Capital Intensive,20.53,+,-,-,Shareholder Returns,-8.51,,,-18.26,,,-19.26,,,NORMAL,INSUFFICIENT,INSUFFICIENT,NORMAL,INSUFFICIENT,INSUFFICIENT,NORMAL,INSUFFICIENT,INSUFFICIENT,44.44
ONGC,2017,10.33,18.69,15.01,22.57,6.56,0.41,0,18.25,Interest Bearing,0,9283.0,0.64,30.29,40.0,1965.0,1.57,High Quality,15.51,Capital Intensive,3.72,+,-,-,Shareholder Returns,17.51,,,3.04,,,-3.28,,,NORMAL,INSUFFICIENT,INSUFFICIENT,NORMAL,INSUFFICIENT,INSUFFICIENT,NORMAL,INSUFFICIENT,INSUFFICIENT,66.67
ONGC,2018,8.08,17.63,12.78,20.07,5.68,0.52,0,13.47,Interest Bearing,0,39215.0,0.7,31.79,38.0,-10006.0,2.18,High Quality,20.7,Capital Intensive,-17.59,+,-,+,Mixed,26.1,14.78,,13.77,1.67,,6.69,-2.2,,NORMAL,NORMAL,INSUFFICIENT,NORMAL,NORMAL,INSUFFICIENT,NORMAL,NORMAL,INSUFFICIENT,55.56
ONGC,2019,8.05,17.75,15.64,24.19,6.89,0.5,0,14.46,Interest Bearing,0,40833.0,0.86,34.49,29.0,24326.0,1.81,High Quality,8.81,Capital Intensive,32.51,+,-,-,Shareholder Returns,50.36,19.35,,37.34,4.94,,33.89,2.71,,NORMAL,NORMAL,INSUFFICIENT,NORMAL,NORMAL,INSUFFICIENT,NORMAL,NORMAL,INSUFFICIENT,77.78
ONGC,2020,2.89,13.13,5.59,13.63,2.25,0.63,0,7.09,Interest Bearing,0,72718.0,0.78,32.61,58.0,17434.0,6.16,High Quality,13.4,Capital Intensive,33.46,+,-,-,Shareholder Returns,11.98,19.78,,-26.77,-8.34,,-22.05,-8.46,,NORMAL,NORMAL,INSUFFICIENT,NORMAL,NORMAL,INSUFFICIENT,NORMAL,NORMAL,INSUFFICIENT,55.56
ONGC,2021,7.03,16.28,9.67,15.72,3.94,0.6,0,11.96,Interest Bearing,0,72867.0,0.56,35.13,28.0,8044.0,2.21,High Quality,12.88,Capital Intensive,16.26,+,-,-,Shareholder Returns,-1.99,19.63,,-6.42,10.27,,-8.55,5.39,,NORMAL,NORMAL,INSUFFICIENT,NORMAL,NORMAL,INSUFFICIENT,NORMAL,NORMAL,INSUFFICIENT,77.78
ONGC,2022,10.03,16.26,19.0,21.23,8.45,0.47,0,15.22,Interest Bearing,0,55344.0,0.84,41.26,29.0,37051.0,1.59,High Quality,8.39,Capital Intensive,46.39,+,-,-,Shareholder Returns,5.23,11.7,,13.25,11.06,,14.47,13.63,,NORMAL,NORMAL,INSUFFICIENT,NORMAL,NORMAL,INSUFFICIENT,NORMAL,NORMAL,INSUFFICIENT,100.0
ONGC,2023,5.18,11.94,11.68,15.99,5.35,0.51,0,9.57,Interest Bearing,0,63382.0,1.03,44.62,40.0,11372.0,2.63,High Quality,11.81,Capital Intensive,15.06,+,-,-,Shareholder Returns,16.81,14.4,14.59,41.97,4.69,3.17,45.98,10.49,3.95,NORMAL,NORMAL,NORMAL,NORMAL,NORMAL,NORMAL,NORMAL,NORMAL,NORMAL,77.78
ONGC,2024,9.66,17.39,16.94,21.54,8.04,0.45,0,11.36,Interest Bearing,0,50974.0,0.83,53.59,31.0,42060.0,1.74,High Quality,9.67,Capital Intensive,40.9,+,-,-,Shareholder Returns,24.86,7.0,13.01,38.79,10.97,7.91,44.22,10.2,6.39,NORMAL,NORMAL,NORMAL,NORMAL,NORMAL,NORMAL,NORMAL,NORMAL,NORMAL,88.89
ONGC,2024,9.66,17.39,16.21,19.42,7.54,0.54,0,11.36,Interest Bearing,0,85412.0,0.78,56.01,31.0,42060.0,1.74,High Quality,9.67,Capital Intensive,40.9,+,-,-,Shareholder Returns,24.86,7.0,13.01,38.79,10.97,7.91,44.22,10.2,6.39,NORMAL,NORMAL,NORMAL,NORMAL,NORMAL,NORMAL,NORMAL,NORMAL,NORMAL,88.89
PFC,2013,25.63,34.58,18.74,-3.06,2.62,5.89,1,0.55,Interest Bearing,1,139446.0,0.1,17.94,21.0,-25080.0,5.66,High Quality,0.13,Asset Light,-418.91,-,+,+,Distress Signal,,,,,,,,,,INSUFFICIENT,INSUFFICIENT,INSUFFICIENT,INSUFFICIENT,INSUFFICIENT,INSUFFICIENT,INSUFFICIENT,INSUFFICIENT,INSUFFICIENT,22.22
PFC,2014,25.52,35.54,19.85,-2.9,2.81,5.79,1,0.58,Interest Bearing,1,159188.0,0.11,20.85,22.0,-22464.0,4.11,High Quality,0.04,Asset Light,-295.31,-,+,+,Distress Signal,,,,,,,,,,INSUFFICIENT,INSUFFICIENT,INSUFFICIENT,INSUFFICIENT,INSUFFICIENT,INSUFFICIENT,INSUFFICIENT,INSUFFICIENT,INSUFFICIENT,22.22
PFC,2015,24.03,33.73,18.52,-3.18,2.62,5.79,1,0.55,Interest Bearing,1,187267.0,0.11,24.55,20.0,-21946.0,3.57,High Quality,1.96,Asset Light,-260.36,-,-,+,Growth Funded by Debt,,,,,,,,,,INSUFFICIENT,INSUFFICIENT,INSUFFICIENT,INSUFFICIENT,INSUFFICIENT,INSUFFICIENT,INSUFFICIENT,INSUFFICIENT,INSUFFICIENT,22.22
PFC,2016,22.2,32.88,17.16,-3.16,2.5,5.57,1,0.55,Interest Bearing,1,198430.0,0.11,27.29,30.0,-15271.0,2.15,High Quality,7.08,Moderate,-166.68,-,-,+,Growth Funded by Debt,17.18,,,11.69,,,13.48,,,NORMAL,INSUFFICIENT,INSUFFICIENT,NORMAL,INSUFFICIENT,INSUFFICIENT,NORMAL,INSUFFICIENT,INSUFFICIENT,22.22
PFC,2017,8.11,19.13,6.07,-4.78,0.86,5.51,1,0.32,Interest Bearing,1,199848.0,0.11,13.96,59.0,1128.0,0.8,Moderate,2.42,Asset Light,21.38,+,-,+,Mixed,8.81,,,-25.75,,,-25.6,,,NORMAL,INSUFFICIENT,INSUFFICIENT,NORMAL,INSUFFICIENT,INSUFFICIENT,NORMAL,INSUFFICIENT,INSUFFICIENT,11.11
PFC,2018,18.09,24.17,22.08,-3.85,1.68,11.07,1,0.39,Interest Bearing,1,435658.0,0.09,15.09,31.0,-55739.0,6.5,High Quality,2.9,Asset Light,-474.29,-,+,+,Distress Signal,24.85,22.94,,13.58,14.66,,3.57,9.0,,NORMAL,NORMAL,INSUFFICIENT,NORMAL,NORMAL,INSUFFICIENT,NORMAL,NORMAL,INSUFFICIENT,44.44
PFC,2019,23.36,32.87,26.82,-2.86,2.01,11.45,1,0.52,Interest Bearing,1,534884.0,0.09,17.85,0.0,-93715.0,6.35,High Quality,24.88,Capital Intensive,-526.99,-,-,+,Growth Funded by Debt,24.76,20.38,,26.91,18.27,,16.45,12.03,,NORMAL,NORMAL,INSUFFICIENT,NORMAL,NORMAL,INSUFFICIENT,NORMAL,NORMAL,INSUFFICIENT,55.56
PFC,2020,15.24,22.53,19.18,-4.14,1.36,12.08,1,0.35,Interest Bearing,1,592157.0,0.09,18.71,35.0,-42221.0,4.45,High Quality,0.12,Asset Light,-301.32,-,-,+,Growth Funded by Debt,31.13,20.0,,61.83,9.56,,46.48,4.1,,NORMAL,NORMAL,INSUFFICIENT,NORMAL,NORMAL,INSUFFICIENT,NORMAL,NORMAL,INSUFFICIENT,33.33
PFC,2021,21.93,27.73,25.86,-3.44,2.03,10.86,1,0.45,Interest Bearing,1,656183.0,0.09,23.02,22.0,-57402.0,3.76,High Quality,2.43,Asset Light,-288.87,-,+,+,Distress Signal,13.8,20.8,,21.34,20.51,,21.64,13.63,,NORMAL,NORMAL,INSUFFICIENT,NORMAL,NORMAL,INSUFFICIENT,NORMAL,NORMAL,INSUFFICIENT,55.56
PFC,2022,24.61,30.6,26.18,-2.91,2.37,9.21,1,0.52,Interest Bearing,1,656702.0,0.1,27.15,23.0,4357.0,0.26,Accrual Risk,0.72,Asset Light,18.67,+,-,-,Reinvestor,12.12,22.56,,14.08,53.03,,11.87,43.1,,NORMAL,NORMAL,INSUFFICIENT,NORMAL,NORMAL,INSUFFICIENT,NORMAL,NORMAL,INSUFFICIENT,55.56
PFC,2023,27.26,34.11,25.17,-2.45,2.36,8.93,1,0.56,Interest Bearing,1,745185.0,0.09,31.88,22.0,-76411.0,3.53,High Quality,2.18,Asset Light,-288.33,-,-,+,Growth Funded by Debt,7.7,9.82,16.2,30.74,19.21,16.92,29.7,19.14,13.95,NORMAL,NORMAL,NORMAL,NORMAL,NORMAL,NORMAL,NORMAL,NORMAL,NORMAL,44.44
PFC,2024,28.92,36.69,26.16,-2.53,2.55,8.52,1,0.58,Interest Bearing,1,850990.0,0.09,30.65,23.0,-101229.0,3.7,High Quality,3.73,Moderate,-301.52,-,-,+,Growth Funded by Debt,8.49,11.08,15.64,18.97,15.92,17.09,18.56,14.87,13.44,NORMAL,NORMAL,NORMAL,NORMAL,NORMAL,NORMAL,NORMAL,NORMAL,NORMAL,55.56
PFC,2024,28.92,36.69,24.05,-2.38,2.4,8.27,1,0.58,Interest Bearing,1,897228.0,0.08,33.35,23.0,-101229.0,3.7,High Quality,3.73,Moderate,-301.52,-,-,+,Growth Funded by Debt,8.49,11.08,15.64,18.97,15.92,17.09,18.56,14.87,13.44,NORMAL,NORMAL,NORMAL,NORMAL,NORMAL,NORMAL,NORMAL,NORMAL,NORMAL,55.56
PIDILITIND,2013,11.53,15.17,25.68,36.83,16.21,0.07,0,41.56,Interest Bearing,0,-183.0,1.41,32.37,31.0,328.0,1.11,High Quality,3.92,Moderate,58.78,+,-,-,Shareholder Returns,,,,,,,,,,INSUFFICIENT,INSUFFICIENT,INSUFFICIENT,INSUFFICIENT,INSUFFICIENT,INSUFFICIENT,INSUFFICIENT,INSUFFICIENT,INSUFFICIENT,66.67
PIDILITIND,2014,10.51,15.69,23.05,34.73,15.37,0.02,0,44.38,Interest Bearing,0,-214.0,1.46,38.27,31.0,295.0,0.88,Moderate,2.31,Asset Light,43.9,+,-,-,Reinvestor,,,,,,,,,,INSUFFICIENT,INSUFFICIENT,INSUFFICIENT,INSUFFICIENT,INSUFFICIENT,INSUFFICIENT,INSUFFICIENT,INSUFFICIENT,INSUFFICIENT,55.56
PIDILITIND,2015,10.61,15.92,22.64,34.15,15.51,0.03,0,50.69,Interest Bearing,0,-312.0,1.46,44.51,29.0,116.0,1.07,High Quality,9.0,Capital Intensive,15.05,+,-,-,Shareholder Returns,,,,,,,,,,INSUFFICIENT,INSUFFICIENT,INSUFFICIENT,INSUFFICIENT,INSUFFICIENT,INSUFFICIENT,INSUFFICIENT,INSUFFICIENT,INSUFFICIENT,66.67
PIDILITIND,2016,15.05,21.88,30.59,45.66,21.73,0.03,0,96.46,Interest Bearing,0,-626.0,1.44,51.73,26.0,416.0,1.12,High Quality,9.16,Capital Intensive,35.46,+,-,-,Shareholder Returns,13.38,,,23.93,,,25.99,,,NORMAL,INSUFFICIENT,INSUFFICIENT,NORMAL,INSUFFICIENT,INSUFFICIENT,NORMAL,INSUFFICIENT,INSUFFICIENT,66.67
PIDILITIND,2017,15.36,22.47,24.86,38.19,18.09,0.03,0,98.36,Interest Bearing,0,-1345.0,1.18,68.06,28.0,-85.0,0.92,Moderate,15.65,Capital Intensive,-6.74,+,-,+,Mixed,9.46,,,24.24,,,23.61,,,NORMAL,INSUFFICIENT,INSUFFICIENT,NORMAL,INSUFFICIENT,INSUFFICIENT,NORMAL,INSUFFICIENT,INSUFFICIENT,44.44
PIDILITIND,2018,15.89,22.06,27.03,39.96,18.58,0.03,0,93.38,Interest Bearing,0,-1121.0,1.17,70.08,32.0,835.0,0.82,Moderate,0.64,Asset Light,62.27,+,+,-,Liquidating Assets,7.86,10.57,,23.41,17.9,,23.86,18.89,,NORMAL,NORMAL,INSUFFICIENT,NORMAL,NORMAL,INSUFFICIENT,NORMAL,NORMAL,INSUFFICIENT,88.89
PIDILITIND,2019,13.11,19.37,22.37,34.62,15.72,0.03,0,57.73,Interest Bearing,0,-1435.0,1.2,81.33,36.0,332.0,0.91,Moderate,7.25,Moderate,24.22,+,-,-,Reinvestor,9.7,10.57,,4.77,15.58,,4.0,14.87,,NORMAL,NORMAL,INSUFFICIENT,NORMAL,NORMAL,INSUFFICIENT,NORMAL,NORMAL,INSUFFICIENT,88.89
PIDILITIND,2020,15.38,21.61,25.18,34.55,17.2,0.06,0,49.21,Interest Bearing,0,-898.0,1.12,87.37,32.0,1383.0,1.14,High Quality,1.41,Asset Light,87.75,+,+,-,Liquidating Assets,9.1,8.53,,9.14,16.9,,8.97,17.08,,NORMAL,NORMAL,INSUFFICIENT,NORMAL,NORMAL,INSUFFICIENT,NORMAL,NORMAL,INSUFFICIENT,88.89
PIDILITIND,2021,15.44,23.12,20.13,29.09,12.78,0.06,0,47.57,Interest Bearing,0,-185.0,0.83,109.67,38.0,-296.0,1.24,High Quality,23.15,Capital Intensive,-17.56,+,-,-,Shareholder Returns,6.26,6.35,,5.24,6.89,,5.01,6.58,,NORMAL,NORMAL,INSUFFICIENT,NORMAL,NORMAL,INSUFFICIENT,NORMAL,NORMAL,INSUFFICIENT,55.56
PIDILITIND,2022,12.17,18.71,18.85,27.17,12.71,0.06,0,45.12,Interest Bearing,0,-43.0,1.04,125.57,42.0,397.0,0.79,Moderate,5.62,Moderate,21.39,+,-,-,Reinvestor,11.91,12.05,,9.16,6.94,,10.06,7.14,,NORMAL,NORMAL,INSUFFICIENT,NORMAL,NORMAL,INSUFFICIENT,NORMAL,NORMAL,INSUFFICIENT,66.67
PIDILITIND,2023,10.92,16.83,17.87,26.21,12.27,0.05,0,42.52,Interest Bearing,0,-490.0,1.12,141.41,44.0,659.0,1.21,High Quality,7.62,Moderate,33.18,+,-,-,Shareholder Returns,17.39,14.19,12.36,4.73,5.94,11.76,4.35,5.64,12.07,NORMAL,NORMAL,NORMAL,NORMAL,NORMAL,NORMAL,NORMAL,NORMAL,NORMAL,77.78
PIDILITIND,2024,14.11,21.87,20.78,30.95,14.47,0.05,0,54.33,Interest Bearing,0,-1853.0,1.03,164.84,47.0,955.0,1.56,High Quality,14.29,Capital Intensive,35.27,+,-,-,Shareholder Returns,19.3,11.84,11.2,15.77,13.49,14.53,15.62,13.56,14.22,NORMAL,NORMAL,NORMAL,NORMAL,NORMAL,NORMAL,NORMAL,NORMAL,NORMAL,100.0
PIDILITIND,2024,14.11,21.87,20.05,29.91,13.7,0.04,0,54.33,Interest Bearing,0,-2167.0,0.97,170.88,47.0,955.0,1.56,High Quality,14.29,Capital Intensive,35.27,+,-,-,Shareholder Returns,19.3,11.84,11.2,15.77,13.49,14.53,15.62,13.56,14.22,NORMAL,NORMAL,NORMAL,NORMAL,NORMAL,NORMAL,NORMAL,NORMAL,NORMAL,100.0
PNB,2013,11.66,0.0,812.3,-321.24,65.58,10.83,1,0.16,Interest Bearing,1,5918.0,5.63,12.36,19.0,-1292.0,0.14,Accrual Risk,1.39,Asset Light,,-,-,-,Pre-Revenue,,,,,,,,,,INSUFFICIENT,INSUFFICIENT,INSUFFICIENT,INSUFFICIENT,INSUFFICIENT,INSUFFICIENT,INSUFFICIENT,INSUFFICIENT,INSUFFICIENT,11.11
PNB,2013,11.66,0.0,812.3,-321.24,65.58,10.83,1,0.16,Interest Bearing,1,5918.0,5.63,12.36,19.0,-1292.0,0.14,Accrual Risk,1.39,Asset Light,,-,-,-,Pre-Revenue,,,,,,,,,,INSUFFICIENT,INSUFFICIENT,INSUFFICIENT,INSUFFICIENT,INSUFFICIENT,INSUFFICIENT,INSUFFICIENT,INSUFFICIENT,INSUFFICIENT,11.11
PNB,2013,11.66,0.0,812.3,-321.24,65.58,10.83,1,0.16,Interest Bearing,1,5918.0,5.63,12.36,19.0,-1292.0,0.14,Accrual Risk,1.39,Asset Light,,-,-,-,Pre-Revenue,,,,,,,,,,INSUFFICIENT,INSUFFICIENT,INSUFFICIENT,INSUFFICIENT,INSUFFICIENT,INSUFFICIENT,INSUFFICIENT,INSUFFICIENT,INSUFFICIENT,11.11
PNB,2013,11.66,0.0,812.3,-321.24,65.58,10.83,1,0.16,Interest Bearing,1,5918.0,5.63,12.36,19.0,-1292.0,0.14,Accrual Risk,1.39,Asset Light,,-,-,-,Pre-Revenue,,,,,,,,,,INSUFFICIENT,INSUFFICIENT,INSUFFICIENT,INSUFFICIENT,INSUFFICIENT,INSUFFICIENT,INSUFFICIENT,INSUFFICIENT,INSUFFICIENT,11.11
PNB,2013,11.66,0.0,812.3,-321.24,65.58,10.83,1,0.16,Interest Bearing,1,5918.0,5.63,12.36,19.0,-1292.0,0.14,Accrual Risk,1.39,Asset Light,,-,-,-,Pre-Revenue,,,,,,,,,,INSUFFICIENT,INSUFFICIENT,INSUFFICIENT,INSUFFICIENT,INSUFFICIENT,INSUFFICIENT,INSUFFICIENT,INSUFFICIENT,INSUFFICIENT,11.11
PNB,2014,8.17,0.0,393.36,-212.91,31.84,10.82,1,0.17,Interest Bearing,1,9463.0,3.9,14.15,10.0,16604.0,4.6,High Quality,0.67,Asset Light,,+,-,+,Mixed,,,,,,,,,,INSUFFICIENT,INSUFFICIENT,INSUFFICIENT,INSUFFICIENT,INSUFFICIENT,INSUFFICIENT,INSUFFICIENT,INSUFFICIENT,INSUFFICIENT,33.33
PNB,2014,8.17,0.0,393.36,-212.91,31.84,10.82,1,0.17,Interest Bearing,1,9463.0,3.9,14.15,10.0,16604.0,4.6,High Quality,0.67,Asset Light,,+,-,+,Mixed,,,,,,,,,,INSUFFICIENT,INSUFFICIENT,INSUFFICIENT,INSUFFICIENT,INSUFFICIENT,INSUFFICIENT,INSUFFICIENT,INSUFFICIENT,INSUFFICIENT,33.33
PNB,2014,8.17,0.0,393.36,-212.91,31.84,10.82,1,0.17,Interest Bearing,1,9463.0,3.9,14.15,10.0,16604.0,4.6,High Quality,0.67,Asset Light,,+,-,+,Mixed,,,,,,,,,,INSUFFICIENT,INSUFFICIENT,INSUFFICIENT,INSUFFICIENT,INSUFFICIENT,INSUFFICIENT,INSUFFICIENT,INSUFFICIENT,INSUFFICIENT,33.33
PNB,2014,8.17,0.0,393.36,-212.91,31.84,10.82,1,0.17,Interest Bearing,1,9463.0,3.9,14.15,10.0,16604.0,4.6,High Quality,0.67,Asset Light,,+,-,+,Mixed,,,,,,,,,,INSUFFICIENT,INSUFFICIENT,INSUFFICIENT,INSUFFICIENT,INSUFFICIENT,INSUFFICIENT,INSUFFICIENT,INSUFFICIENT,INSUFFICIENT,33.33
PNB,2014,8.17,0.0,393.36,-212.91,31.84,10.82,1,0.17,Interest Bearing,1,9463.0,3.9,14.15,10.0,16604.0,4.6,High Quality,0.67,Asset Light,,+,-,+,Mixed,,,,,,,,,,INSUFFICIENT,INSUFFICIENT,INSUFFICIENT,INSUFFICIENT,INSUFFICIENT,INSUFFICIENT,INSUFFICIENT,INSUFFICIENT,INSUFFICIENT,33.33
PNB,2015,7.24,0.0,223.24,-139.36,18.52,10.44,1,0.2,Interest Bearing,1,14895.0,2.56,15.18,18.0,3942.0,1.37,High Quality,1.79,Asset Light,,+,-,+,Mixed,,,,,,,,,,INSUFFICIENT,INSUFFICIENT,INSUFFICIENT,INSUFFICIENT,INSUFFICIENT,INSUFFICIENT,INSUFFICIENT,INSUFFICIENT,INSUFFICIENT,33.33
PNB,2015,7.24,0.0,223.24,-139.36,18.52,10.44,1,0.2,Interest Bearing,1,14895.0,2.56,15.18,18.0,3942.0,1.37,High Quality,1.79,Asset Light,,+,-,+,Mixed,,,,,,,,,,INSUFFICIENT,INSUFFICIENT,INSUFFICIENT,INSUFFICIENT,INSUFFICIENT,INSUFFICIENT,INSUFFICIENT,INSUFFICIENT,INSUFFICIENT,33.33
PNB,2015,7.24,0.0,223.24,-139.36,18.52,10.44,1,0.2,Interest Bearing,1,14895.0,2.56,15.18,18.0,3942.0,1.37,High Quality,1.79,Asset Light,,+,-,+,Mixed,,,,,,,,,,INSUFFICIENT,INSUFFICIENT,INSUFFICIENT,INSUFFICIENT,INSUFFICIENT,INSUFFICIENT,INSUFFICIENT,INSUFFICIENT,INSUFFICIENT,33.33
PNB,2015,7.24,0.0,223.24,-139.36,18.52,10.44,1,0.2,Interest Bearing,1,14895.0,2.56,15.18,18.0,3942.0,1.37,High Quality,1.79,Asset Light,,+,-,+,Mixed,,,,,,,,,,INSUFFICIENT,INSUFFICIENT,INSUFFICIENT,INSUFFICIENT,INSUFFICIENT,INSUFFICIENT,INSUFFICIENT,INSUFFICIENT,INSUFFICIENT,33.33
PNB,2015,7.24,0.0,223.24,-139.36,18.52,10.44,1,0.2,Interest Bearing,1,14895.0,2.56,15.18,18.0,3942.0,1.37,High Quality,1.79,Asset Light,,+,-,+,Mixed,,,,,,,,,,INSUFFICIENT,INSUFFICIENT,INSUFFICIENT,INSUFFICIENT,INSUFFICIENT,INSUFFICIENT,INSUFFICIENT,INSUFFICIENT,INSUFFICIENT,33.33
PNB,2016,-6.91,0.0,-163.56,-100.25,-11.83,12.12,1,0.18,Interest Bearing,1,24392.0,1.71,16.9,-2.0,12815.0,4.04,High Quality,2.66,Asset Light,,+,-,+,Mixed,5.66,,,,,,,,,NORMAL,INSUFFICIENT,INSUFFICIENT,DECLINE_TO_LOSS,INSUFFICIENT,INSUFFICIENT,DECLINE_TO_LOSS,INSUFFICIENT,INSUFFICIENT,22.22
PNB,2016,-6.91,0.0,-163.56,-100.25,-11.83,12.12,1,0.18,Interest Bearing,1,24392.0,1.71,16.9,-2.0,12815.0,4.04,High Quality,2.66,Asset Light,,+,-,+,Mixed,5.66,,,,,,,,,NORMAL,INSUFFICIENT,INSUFFICIENT,DECLINE_TO_LOSS,INSUFFICIENT,INSUFFICIENT,DECLINE_TO_LOSS,INSUFFICIENT,INSUFFICIENT,22.22
PNB,2016,-6.91,0.0,-163.56,-100.25,-11.83,12.12,1,0.18,Interest Bearing,1,24392.0,1.71,16.9,-2.0,12815.0,4.04,High Quality,2.66,Asset Light,,+,-,+,Mixed,5.66,,,,,,,,,NORMAL,INSUFFICIENT,INSUFFICIENT,DECLINE_TO_LOSS,INSUFFICIENT,INSUFFICIENT,DECLINE_TO_LOSS,INSUFFICIENT,INSUFFICIENT,22.22
PNB,2016,-6.91,0.0,-163.56,-100.25,-11.83,12.12,1,0.18,Interest Bearing,1,24392.0,1.71,16.9,-2.0,12815.0,4.04,High Quality,2.66,Asset Light,,+,-,+,Mixed,5.66,,,,,,,,,NORMAL,INSUFFICIENT,INSUFFICIENT,DECLINE_TO_LOSS,INSUFFICIENT,INSUFFICIENT,DECLINE_TO_LOSS,INSUFFICIENT,INSUFFICIENT,22.22
PNB,2016,-6.91,0.0,-163.56,-100.25,-11.83,12.12,1,0.18,Interest Bearing,1,24392.0,1.71,16.9,-2.0,12815.0,4.04,High Quality,2.66,Asset Light,,+,-,+,Mixed,5.66,,,,,,,,,NORMAL,INSUFFICIENT,INSUFFICIENT,DECLINE_TO_LOSS,INSUFFICIENT,INSUFFICIENT,DECLINE_TO_LOSS,INSUFFICIENT,INSUFFICIENT,22.22
PNB,2017,2.58,0.0,22.21,-57.34,2.88,6.36,1,0.28,Interest Bearing,1,32217.0,1.12,33.6,0.0,22097.0,17.71,High Quality,0.33,Asset Light,,+,+,-,Liquidating Assets,2.25,,,-30.39,,,-33.06,,,NORMAL,INSUFFICIENT,INSUFFICIENT,NORMAL,INSUFFICIENT,INSUFFICIENT,NORMAL,INSUFFICIENT,INSUFFICIENT,33.33
PNB,2017,2.58,0.0,22.21,-57.34,2.88,6.36,1,0.28,Interest Bearing,1,32217.0,1.12,33.6,0.0,22097.0,17.71,High Quality,0.33,Asset Light,,+,+,-,Liquidating Assets,2.25,,,-30.39,,,-33.06,,,NORMAL,INSUFFICIENT,INSUFFICIENT,NORMAL,INSUFFICIENT,INSUFFICIENT,NORMAL,INSUFFICIENT,INSUFFICIENT,33.33
PNB,2017,2.58,0.0,22.21,-57.34,2.88,6.36,1,0.28,Interest Bearing,1,32217.0,1.12,33.6,0.0,22097.0,17.71,High Quality,0.33,Asset Light,,+,+,-,Liquidating Assets,2.25,,,-30.39,,,-33.06,,,NORMAL,INSUFFICIENT,INSUFFICIENT,NORMAL,INSUFFICIENT,INSUFFICIENT,NORMAL,INSUFFICIENT,INSUFFICIENT,33.33
PNB,2017,2.58,0.0,22.21,-57.34,2.88,6.36,1,0.28,Interest Bearing,1,32217.0,1.12,33.6,0.0,22097.0,17.71,High Quality,0.33,Asset Light,,+,+,-,Liquidating Assets,2.25,,,-30.39,,,-33.06,,,NORMAL,INSUFFICIENT,INSUFFICIENT,NORMAL,INSUFFICIENT,INSUFFICIENT,NORMAL,INSUFFICIENT,INSUFFICIENT,33.33
PNB,2017,2.58,0.0,22.21,-57.34,2.88,6.36,1,0.28,Interest Bearing,1,32217.0,1.12,33.6,0.0,22097.0,17.71,High Quality,0.33,Asset Light,,+,+,-,Liquidating Assets,2.25,,,-30.39,,,-33.06,,,NORMAL,INSUFFICIENT,INSUFFICIENT,NORMAL,INSUFFICIENT,INSUFFICIENT,NORMAL,INSUFFICIENT,INSUFFICIENT,33.33
PNB,2018,-24.86,0.0,-184.37,-40.84,-19.22,8.19,1,0.26,Interest Bearing,1,51364.0,0.77,39.34,0.0,-1350.0,0.14,Accrual Risk,0.8,Asset Light,,-,+,+,Distress Signal,0.01,2.5,,,,,,,,NORMAL,NORMAL,INSUFFICIENT,DECLINE_TO_LOSS,DECLINE_TO_LOSS,INSUFFICIENT,DECLINE_TO_LOSS,DECLINE_TO_LOSS,INSUFFICIENT,0.0
PNB,2018,-24.86,0.0,-184.37,-40.84,-19.22,8.19,1,0.26,Interest Bearing,1,51364.0,0.77,39.34,0.0,-1350.0,0.14,Accrual Risk,0.8,Asset Light,,-,+,+,Distress Signal,0.01,2.5,,,,,,,,NORMAL,NORMAL,INSUFFICIENT,DECLINE_TO_LOSS,DECLINE_TO_LOSS,INSUFFICIENT,DECLINE_TO_LOSS,DECLINE_TO_LOSS,INSUFFICIENT,0.0
PNB,2018,-24.86,0.0,-184.37,-40.84,-19.22,8.19,1,0.26,Interest Bearing,1,51364.0,0.77,39.34,0.0,-1350.0,0.14,Accrual Risk,0.8,Asset Light,,-,+,+,Distress Signal,0.01,2.5,,,,,,,,NORMAL,NORMAL,INSUFFICIENT,DECLINE_TO_LOSS,DECLINE_TO_LOSS,INSUFFICIENT,DECLINE_TO_LOSS,DECLINE_TO_LOSS,INSUFFICIENT,0.0
PNB,2018,-24.86,0.0,-184.37,-40.84,-19.22,8.19,1,0.26,Interest Bearing,1,51364.0,0.77,39.34,0.0,-1350.0,0.14,Accrual Risk,0.8,Asset Light,,-,+,+,Distress Signal,0.01,2.5,,,,,,,,NORMAL,NORMAL,INSUFFICIENT,DECLINE_TO_LOSS,DECLINE_TO_LOSS,INSUFFICIENT,DECLINE_TO_LOSS,DECLINE_TO_LOSS,INSUFFICIENT,0.0
PNB,2018,-24.86,0.0,-184.37,-40.84,-19.22,8.19,1,0.26,Interest Bearing,1,51364.0,0.77,39.34,0.0,-1350.0,0.14,Accrual Risk,0.8,Asset Light,,-,+,+,Distress Signal,0.01,2.5,,,,,,,,NORMAL,NORMAL,INSUFFICIENT,DECLINE_TO_LOSS,DECLINE_TO_LOSS,INSUFFICIENT,DECLINE_TO_LOSS,DECLINE_TO_LOSS,INSUFFICIENT,0.0
PNB,2019,-18.31,0.0,-128.45,-34.41,-11.4,9.66,1,0.21,Interest Bearing,1,67402.0,0.62,44.52,0.0,-34161.0,3.51,High Quality,1.21,Asset Light,,-,-,+,Growth Funded by Debt,0.87,3.01,,,,,,,,NORMAL,NORMAL,INSUFFICIENT,BOTH_NEGATIVE,DECLINE_TO_LOSS,INSUFFICIENT,BOTH_NEGATIVE,DECLINE_TO_LOSS,INSUFFICIENT,11.11
PNB,2019,-18.31,0.0,-128.45,-34.41,-11.4,9.66,1,0.21,Interest Bearing,1,67402.0,0.62,44.52,0.0,-34161.0,3.51,High Quality,1.21,Asset Light,,-,-,+,Growth Funded by Debt,0.87,3.01,,,,,,,,NORMAL,NORMAL,INSUFFICIENT,BOTH_NEGATIVE,DECLINE_TO_LOSS,INSUFFICIENT,BOTH_NEGATIVE,DECLINE_TO_LOSS,INSUFFICIENT,11.11
PNB,2019,-18.31,0.0,-128.45,-34.41,-11.4,9.66,1,0.21,Interest Bearing,1,67402.0,0.62,44.52,0.0,-34161.0,3.51,High Quality,1.21,Asset Light,,-,-,+,Growth Funded by Debt,0.87,3.01,,,,,,,,NORMAL,NORMAL,INSUFFICIENT,BOTH_NEGATIVE,DECLINE_TO_LOSS,INSUFFICIENT,BOTH_NEGATIVE,DECLINE_TO_LOSS,INSUFFICIENT,11.11
PNB,2019,-18.31,0.0,-128.45,-34.41,-11.4,9.66,1,0.21,Interest Bearing,1,67402.0,0.62,44.52,0.0,-34161.0,3.51,High Quality,1.21,Asset Light,,-,-,+,Growth Funded by Debt,0.87,3.01,,,,,,,,NORMAL,NORMAL,INSUFFICIENT,BOTH_NEGATIVE,DECLINE_TO_LOSS,INSUFFICIENT,BOTH_NEGATIVE,DECLINE_TO_LOSS,INSUFFICIENT,11.11
PNB,2019,-18.31,0.0,-128.45,-34.41,-11.4,9.66,1,0.21,Interest Bearing,1,67402.0,0.62,44.52,0.0,-34161.0,3.51,High Quality,1.21,Asset Light,,-,-,+,Growth Funded by Debt,0.87,3.01,,,,,,,,NORMAL,NORMAL,INSUFFICIENT,BOTH_NEGATIVE,DECLINE_TO_LOSS,INSUFFICIENT,BOTH_NEGATIVE,DECLINE_TO_LOSS,INSUFFICIENT,11.11
PNB,2020,0.88,0.0,6.1,-36.48,0.61,8.52,1,0.25,Interest Bearing,1,65688.0,0.7,47.3,0.0,-13131.0,26.38,High Quality,0.62,Asset Light,,-,-,+,Growth Funded by Debt,4.55,2.43,,-26.85,-32.75,,-44.97,-43.9,,NORMAL,NORMAL,INSUFFICIENT,NORMAL,NORMAL,INSUFFICIENT,NORMAL,NORMAL,INSUFFICIENT,11.11
PNB,2020,0.88,0.0,6.1,-36.48,0.61,8.52,1,0.25,Interest Bearing,1,65688.0,0.7,47.3,0.0,-13131.0,26.38,High Quality,0.62,Asset Light,,-,-,+,Growth Funded by Debt,4.55,2.43,,-26.85,-32.75,,-44.97,-43.9,,NORMAL,NORMAL,INSUFFICIENT,NORMAL,NORMAL,INSUFFICIENT,NORMAL,NORMAL,INSUFFICIENT,11.11
PNB,2020,0.88,0.0,6.1,-36.48,0.61,8.52,1,0.25,Interest Bearing,1,65688.0,0.7,47.3,0.0,-13131.0,26.38,High Quality,0.62,Asset Light,,-,-,+,Growth Funded by Debt,4.55,2.43,,-26.85,-32.75,,-44.97,-43.9,,NORMAL,NORMAL,INSUFFICIENT,NORMAL,NORMAL,INSUFFICIENT,NORMAL,NORMAL,INSUFFICIENT,11.11
PNB,2020,0.88,0.0,6.1,-36.48,0.61,8.52,1,0.25,Interest Bearing,1,65688.0,0.7,47.3,0.0,-13131.0,26.38,High Quality,0.62,Asset Light,,-,-,+,Growth Funded by Debt,4.55,2.43,,-26.85,-32.75,,-44.97,-43.9,,NORMAL,NORMAL,INSUFFICIENT,NORMAL,NORMAL,INSUFFICIENT,NORMAL,NORMAL,INSUFFICIENT,11.11
PNB,2020,0.88,0.0,6.1,-36.48,0.61,8.52,1,0.25,Interest Bearing,1,65688.0,0.7,47.3,0.0,-13131.0,26.38,High Quality,0.62,Asset Light,,-,-,+,Growth Funded by Debt,4.55,2.43,,-26.85,-32.75,,-44.97,-43.9,,NORMAL,NORMAL,INSUFFICIENT,NORMAL,NORMAL,INSUFFICIENT,NORMAL,NORMAL,INSUFFICIENT,11.11
PNB,2021,3.29,0.0,30.39,-55.71,3.78,6.7,1,0.25,Interest Bearing,1,57361.0,1.15,52.78,0.0,30163.0,11.48,High Quality,0.96,Asset Light,,+,-,+,Mixed,18.92,10.03,,,,,,,,NORMAL,NORMAL,INSUFFICIENT,TURNAROUND,TURNAROUND,INSUFFICIENT,TURNAROUND,TURNAROUND,INSUFFICIENT,44.44
PNB,2021,3.29,0.0,30.39,-55.71,3.78,6.7,1,0.25,Interest Bearing,1,57361.0,1.15,52.78,0.0,30163.0,11.48,High Quality,0.96,Asset Light,,+,-,+,Mixed,18.92,10.03,,,,,,,,NORMAL,NORMAL,INSUFFICIENT,TURNAROUND,TURNAROUND,INSUFFICIENT,TURNAROUND,TURNAROUND,INSUFFICIENT,44.44
PNB,2021,3.29,0.0,30.39,-55.71,3.78,6.7,1,0.25,Interest Bearing,1,57361.0,1.15,52.78,0.0,30163.0,11.48,High Quality,0.96,Asset Light,,+,-,+,Mixed,18.92,10.03,,,,,,,,NORMAL,NORMAL,INSUFFICIENT,TURNAROUND,TURNAROUND,INSUFFICIENT,TURNAROUND,TURNAROUND,INSUFFICIENT,44.44
PNB,2021,3.29,0.0,30.39,-55.71,3.78,6.7,1,0.25,Interest Bearing,1,57361.0,1.15,52.78,0.0,30163.0,11.48,High Quality,0.96,Asset Light,,+,-,+,Mixed,18.92,10.03,,,,,,,,NORMAL,NORMAL,INSUFFICIENT,TURNAROUND,TURNAROUND,INSUFFICIENT,TURNAROUND,TURNAROUND,INSUFFICIENT,44.44
PNB,2021,3.29,0.0,30.39,-55.71,3.78,6.7,1,0.25,Interest Bearing,1,57361.0,1.15,52.78,0.0,30163.0,11.48,High Quality,0.96,Asset Light,,+,-,+,Mixed,18.92,10.03,,,,,,,,NORMAL,NORMAL,INSUFFICIENT,TURNAROUND,TURNAROUND,INSUFFICIENT,TURNAROUND,TURNAROUND,INSUFFICIENT,44.44
PNB,2022,5.13,0.0,39.87,-54.96,5.95,5.4,1,0.26,Interest Bearing,1,49489.0,1.16,57.99,18.0,18828.0,5.13,High Quality,1.58,Asset Light,,+,-,+,Mixed,13.5,9.67,,,25.83,,,-7.79,,NORMAL,NORMAL,INSUFFICIENT,TURNAROUND,NORMAL,INSUFFICIENT,TURNAROUND,NORMAL,INSUFFICIENT,44.44
PNB,2022,5.13,0.0,39.87,-54.96,5.95,5.4,1,0.26,Interest Bearing,1,49489.0,1.16,57.99,18.0,18828.0,5.13,High Quality,1.58,Asset Light,,+,-,+,Mixed,13.5,9.67,,,25.83,,,-7.79,,NORMAL,NORMAL,INSUFFICIENT,TURNAROUND,NORMAL,INSUFFICIENT,TURNAROUND,NORMAL,INSUFFICIENT,44.44
PNB,2022,5.13,0.0,39.87,-54.96,5.95,5.4,1,0.26,Interest Bearing,1,49489.0,1.16,57.99,18.0,18828.0,5.13,High Quality,1.58,Asset Light,,+,-,+,Mixed,13.5,9.67,,,25.83,,,-7.79,,NORMAL,NORMAL,INSUFFICIENT,TURNAROUND,NORMAL,INSUFFICIENT,TURNAROUND,NORMAL,INSUFFICIENT,44.44
PNB,2022,5.13,0.0,39.87,-54.96,5.95,5.4,1,0.26,Interest Bearing,1,49489.0,1.16,57.99,18.0,18828.0,5.13,High Quality,1.58,Asset Light,,+,-,+,Mixed,13.5,9.67,,,25.83,,,-7.79,,NORMAL,NORMAL,INSUFFICIENT,TURNAROUND,NORMAL,INSUFFICIENT,TURNAROUND,NORMAL,INSUFFICIENT,44.44
PNB,2022,5.13,0.0,39.87,-54.96,5.95,5.4,1,0.26,Interest Bearing,1,49489.0,1.16,57.99,18.0,18828.0,5.13,High Quality,1.58,Asset Light,,+,-,+,Mixed,13.5,9.67,,,25.83,,,-7.79,,NORMAL,NORMAL,INSUFFICIENT,TURNAROUND,NORMAL,INSUFFICIENT,TURNAROUND,NORMAL,INSUFFICIENT,44.44
PNB,2023,3.87,0.0,30.67,-60.84,5.03,4.9,1,0.24,Interest Bearing,1,50433.0,1.3,64.81,21.0,21860.0,6.73,High Quality,0.84,Asset Light,,+,-,+,Mixed,16.5,12.25,7.26,90.61,,-3.94,44.22,,-20.02,NORMAL,NORMAL,NORMAL,NORMAL,TURNAROUND,NORMAL,NORMAL,TURNAROUND,NORMAL,44.44
PNB,2023,3.87,0.0,30.67,-60.84,5.03,4.9,1,0.24,Interest Bearing,1,50433.0,1.3,64.81,21.0,21860.0,6.73,High Quality,0.84,Asset Light,,+,-,+,Mixed,16.5,12.25,7.26,90.61,,-3.94,44.22,,-20.02,NORMAL,NORMAL,NORMAL,NORMAL,TURNAROUND,NORMAL,NORMAL,TURNAROUND,NORMAL,44.44
PNB,2023,3.87,0.0,30.67,-60.84,5.03,4.9,1,0.24,Interest Bearing,1,50433.0,1.3,64.81,21.0,21860.0,6.73,High Quality,0.84,Asset Light,,+,-,+,Mixed,16.5,12.25,7.26,90.61,,-3.94,44.22,,-20.02,NORMAL,NORMAL,NORMAL,NORMAL,TURNAROUND,NORMAL,NORMAL,TURNAROUND,NORMAL,44.44
PNB,2023,3.87,0.0,30.67,-60.84,5.03,4.9,1,0.24,Interest Bearing,1,50433.0,1.3,64.81,21.0,21860.0,6.73,High Quality,0.84,Asset Light,,+,-,+,Mixed,16.5,12.25,7.26,90.61,,-3.94,44.22,,-20.02,NORMAL,NORMAL,NORMAL,NORMAL,TURNAROUND,NORMAL,NORMAL,TURNAROUND,NORMAL,44.44
PNB,2023,3.87,0.0,30.67,-60.84,5.03,4.9,1,0.24,Interest Bearing,1,50433.0,1.3,64.81,21.0,21860.0,6.73,High Quality,0.84,Asset Light,,+,-,+,Mixed,16.5,12.25,7.26,90.61,,-3.94,44.22,,-20.02,NORMAL,NORMAL,NORMAL,NORMAL,TURNAROUND,NORMAL,NORMAL,TURNAROUND,NORMAL,44.44
PNB,2024,8.4,0.0,61.32,-77.74,12.65,3.68,1,0.21,Interest Bearing,1,50672.0,1.51,57.43,18.0,-29445.0,3.05,High Quality,1.38,Asset Light,,-,-,+,Growth Funded by Debt,10.0,15.9,9.27,50.34,,9.56,58.74,,-8.76,NORMAL,NORMAL,NORMAL,NORMAL,TURNAROUND,NORMAL,NORMAL,TURNAROUND,NORMAL,33.33
PNB,2024,8.4,0.0,61.32,-77.74,12.65,3.68,1,0.21,Interest Bearing,1,50672.0,1.51,57.43,18.0,-29445.0,3.05,High Quality,1.38,Asset Light,,-,-,+,Growth Funded by Debt,10.0,15.9,9.27,50.34,,9.56,58.74,,-8.76,NORMAL,NORMAL,NORMAL,NORMAL,TURNAROUND,NORMAL,NORMAL,TURNAROUND,NORMAL,33.33
PNB,2024,8.4,0.0,61.32,-77.74,12.65,3.68,1,0.21,Interest Bearing,1,50672.0,1.51,57.43,18.0,-29445.0,3.05,High Quality,1.38,Asset Light,,-,-,+,Growth Funded by Debt,10.0,15.9,9.27,50.34,,9.56,58.74,,-8.76,NORMAL,NORMAL,NORMAL,NORMAL,TURNAROUND,NORMAL,NORMAL,TURNAROUND,NORMAL,33.33
PNB,2024,8.4,0.0,61.32,-77.74,12.65,3.68,1,0.21,Interest Bearing,1,50672.0,1.51,57.43,18.0,-29445.0,3.05,High Quality,1.38,Asset Light,,-,-,+,Growth Funded by Debt,10.0,15.9,9.27,50.34,,9.56,58.74,,-8.76,NORMAL,NORMAL,NORMAL,NORMAL,TURNAROUND,NORMAL,NORMAL,TURNAROUND,NORMAL,33.33
PNB,2024,8.4,0.0,61.32,-77.74,12.65,3.68,1,0.21,Interest Bearing,1,50672.0,1.51,57.43,18.0,-29445.0,3.05,High Quality,1.38,Asset Light,,-,-,+,Growth Funded by Debt,10.0,15.9,9.27,50.34,,9.56,58.74,,-8.76,NORMAL,NORMAL,NORMAL,NORMAL,TURNAROUND,NORMAL,NORMAL,TURNAROUND,NORMAL,33.33
POWERGRID,2013,32.97,82.85,16.34,9.62,3.8,2.62,1,4.54,Interest Bearing,0,68647.0,0.12,5.7,31.0,-10394.0,2.71,High Quality,168.83,Capital Intensive,-95.91,+,-,+,Mixed,,,,,,,,,,INSUFFICIENT,INSUFFICIENT,INSUFFICIENT,INSUFFICIENT,INSUFFICIENT,INSUFFICIENT,INSUFFICIENT,INSUFFICIENT,INSUFFICIENT,33.33
POWERGRID,2013,32.97,82.85,16.34,9.62,3.8,2.62,1,4.54,Interest Bearing,0,68647.0,0.12,5.7,31.0,-10394.0,2.71,High Quality,168.83,Capital Intensive,-95.91,+,-,+,Mixed,,,,,,,,,,INSUFFICIENT,INSUFFICIENT,INSUFFICIENT,INSUFFICIENT,INSUFFICIENT,INSUFFICIENT,INSUFFICIENT,INSUFFICIENT,INSUFFICIENT,33.33
POWERGRID,2014,29.24,83.36,13.11,8.78,3.21,2.43,1,4.21,Interest Bearing,0,83797.0,0.11,6.63,30.0,-11416.0,3.35,High Quality,171.26,Capital Intensive,-88.04,+,-,+,Mixed,,,,,,,,,,INSUFFICIENT,INSUFFICIENT,INSUFFICIENT,INSUFFICIENT,INSUFFICIENT,INSUFFICIENT,INSUFFICIENT,INSUFFICIENT,INSUFFICIENT,22.22
POWERGRID,2014,29.24,83.36,13.11,8.78,3.21,2.43,1,4.21,Interest Bearing,0,83797.0,0.11,6.63,30.0,-11416.0,3.35,High Quality,171.26,Capital Intensive,-88.04,+,-,+,Mixed,,,,,,,,,,INSUFFICIENT,INSUFFICIENT,INSUFFICIENT,INSUFFICIENT,INSUFFICIENT,INSUFFICIENT,INSUFFICIENT,INSUFFICIENT,INSUFFICIENT,22.22
POWERGRID,2015,28.77,85.1,13.13,8.6,3.14,2.5,1,3.84,Interest Bearing,0,96023.0,0.11,7.35,21.0,-8385.0,3.13,High Quality,137.88,Capital Intensive,-56.17,+,-,+,Mixed,,,,,,,,,,INSUFFICIENT,INSUFFICIENT,INSUFFICIENT,INSUFFICIENT,INSUFFICIENT,INSUFFICIENT,INSUFFICIENT,INSUFFICIENT,INSUFFICIENT,22.22
POWERGRID,2015,28.77,85.1,13.13,8.6,3.14,2.5,1,3.84,Interest Bearing,0,96023.0,0.11,7.35,21.0,-8385.0,3.13,High Quality,137.88,Capital Intensive,-56.17,+,-,+,Mixed,,,,,,,,,,INSUFFICIENT,INSUFFICIENT,INSUFFICIENT,INSUFFICIENT,INSUFFICIENT,INSUFFICIENT,INSUFFICIENT,INSUFFICIENT,INSUFFICIENT,22.22
POWERGRID,2016,28.85,88.05,13.55,9.02,3.32,2.47,1,3.7,Interest Bearing,0,107626.0,0.12,8.4,20.0,-6568.0,2.52,High Quality,104.47,Capital Intensive,-36.12,+,-,+,Mixed,16.44,,,11.38,,,6.27,,,NORMAL,INSUFFICIENT,INSUFFICIENT,NORMAL,INSUFFICIENT,INSUFFICIENT,NORMAL,INSUFFICIENT,INSUFFICIENT,22.22
POWERGRID,2016,28.85,88.05,13.55,9.02,3.32,2.47,1,3.7,Interest Bearing,0,107626.0,0.12,8.4,20.0,-6568.0,2.52,High Quality,104.47,Capital Intensive,-36.12,+,-,+,Mixed,16.44,,,11.38,,,6.27,,,NORMAL,INSUFFICIENT,INSUFFICIENT,NORMAL,INSUFFICIENT,INSUFFICIENT,NORMAL,INSUFFICIENT,INSUFFICIENT,22.22
POWERGRID,2017,29.0,87.36,14.94,10.17,3.81,2.39,1,3.77,Interest Bearing,0,117823.0,0.13,9.53,31.0,-2261.0,2.9,High Quality,92.76,Capital Intensive,-10.07,+,-,+,Mixed,18.21,,,17.89,,,16.96,,,NORMAL,INSUFFICIENT,INSUFFICIENT,NORMAL,INSUFFICIENT,INSUFFICIENT,NORMAL,INSUFFICIENT,INSUFFICIENT,22.22
POWERGRID,2017,29.0,87.36,14.94,10.17,3.81,2.39,1,3.77,Interest Bearing,0,117823.0,0.13,9.53,31.0,-2261.0,2.9,High Quality,92.76,Capital Intensive,-10.07,+,-,+,Mixed,18.21,,,17.89,,,16.96,,,NORMAL,INSUFFICIENT,INSUFFICIENT,NORMAL,INSUFFICIENT,INSUFFICIENT,NORMAL,INSUFFICIENT,INSUFFICIENT,22.22
POWERGRID,2018,27.39,86.67,15.07,12.21,3.64,2.42,1,4.1,Interest Bearing,0,130279.0,0.13,10.4,33.0,-2991.0,2.77,High Quality,85.8,Capital Intensive,-11.52,+,-,+,Mixed,19.53,18.02,,17.59,13.72,,21.64,12.47,,NORMAL,NORMAL,INSUFFICIENT,NORMAL,NORMAL,INSUFFICIENT,NORMAL,NORMAL,INSUFFICIENT,66.67
POWERGRID,2018,27.39,86.67,15.07,12.21,3.64,2.42,1,4.1,Interest Bearing,0,130279.0,0.13,10.4,33.0,-2991.0,2.77,High Quality,85.8,Capital Intensive,-11.52,+,-,+,Mixed,19.53,18.02,,17.59,13.72,,21.64,12.47,,NORMAL,NORMAL,INSUFFICIENT,NORMAL,NORMAL,INSUFFICIENT,NORMAL,NORMAL,INSUFFICIENT,66.67
POWERGRID,2019,28.62,76.78,16.98,9.58,4.06,2.48,1,3.25,Interest Bearing,0,145080.0,0.14,11.29,43.0,4544.0,2.32,High Quality,53.42,Capital Intensive,16.88,+,-,-,Shareholder Returns,19.29,17.65,,18.97,17.15,,22.39,17.08,,NORMAL,NORMAL,INSUFFICIENT,NORMAL,NORMAL,INSUFFICIENT,NORMAL,NORMAL,INSUFFICIENT,77.78
POWERGRID,2019,28.62,76.78,16.98,9.58,4.06,2.48,1,3.25,Interest Bearing,0,145080.0,0.14,11.29,43.0,4544.0,2.32,High Quality,53.42,Capital Intensive,16.88,+,-,-,Shareholder Returns,19.29,17.65,,18.97,17.15,,22.39,17.08,,NORMAL,NORMAL,INSUFFICIENT,NORMAL,NORMAL,INSUFFICIENT,NORMAL,NORMAL,INSUFFICIENT,77.78
POWERGRID,2020,29.3,87.13,17.09,12.3,4.31,2.29,1,3.75,Interest Bearing,0,146839.0,0.15,12.37,47.0,20006.0,2.78,High Quality,28.44,Capital Intensive,60.83,+,-,-,Shareholder Returns,13.67,16.56,,14.07,16.99,,14.47,19.14,,NORMAL,NORMAL,INSUFFICIENT,NORMAL,NORMAL,INSUFFICIENT,NORMAL,NORMAL,INSUFFICIENT,77.78
POWERGRID,2020,29.3,87.13,17.09,12.3,4.31,2.29,1,3.75,Interest Bearing,0,146839.0,0.15,12.37,47.0,20006.0,2.78,High Quality,28.44,Capital Intensive,60.83,+,-,-,Shareholder Returns,13.67,16.56,,14.07,16.99,,14.47,19.14,,NORMAL,NORMAL,INSUFFICIENT,NORMAL,NORMAL,INSUFFICIENT,NORMAL,NORMAL,INSUFFICIENT,77.78
POWERGRID,2021,30.36,88.06,17.21,12.92,4.71,2.05,1,4.39,Interest Bearing,0,141746.0,0.16,13.37,52.0,20159.0,2.44,High Quality,23.32,Capital Intensive,57.75,+,-,-,Shareholder Returns,9.79,13.93,,13.63,15.1,,13.04,16.72,,NORMAL,NORMAL,INSUFFICIENT,NORMAL,NORMAL,INSUFFICIENT,NORMAL,NORMAL,INSUFFICIENT,77.78
POWERGRID,2021,30.36,88.06,17.21,12.92,4.71,2.05,1,4.39,Interest Bearing,0,141746.0,0.16,13.37,52.0,20159.0,2.44,High Quality,23.32,Capital Intensive,57.75,+,-,-,Shareholder Returns,9.79,13.93,,13.63,15.1,,13.04,16.72,,NORMAL,NORMAL,INSUFFICIENT,NORMAL,NORMAL,INSUFFICIENT,NORMAL,NORMAL,INSUFFICIENT,77.78
POWERGRID,2022,40.42,86.07,22.07,15.4,6.7,1.77,0,5.04,Interest Bearing,0,130908.0,0.17,10.93,61.0,26877.0,1.55,High Quality,1.81,Asset Light,75.02,+,+,-,Liquidating Assets,5.89,10.13,,18.8,17.69,,17.84,17.61,,NORMAL,NORMAL,INSUFFICIENT,NORMAL,NORMAL,INSUFFICIENT,NORMAL,NORMAL,INSUFFICIENT,88.89
POWERGRID,2022,40.42,86.07,22.07,15.4,6.7,1.77,0,5.04,Interest Bearing,0,130908.0,0.17,10.93,61.0,26877.0,1.55,High Quality,1.81,Asset Light,75.02,+,+,-,Liquidating Assets,5.89,10.13,,18.8,17.69,,17.84,17.61,,NORMAL,NORMAL,INSUFFICIENT,NORMAL,NORMAL,INSUFFICIENT,NORMAL,NORMAL,INSUFFICIENT,88.89
POWERGRID,2023,33.81,86.78,18.57,14.67,6.11,1.55,0,4.22,Interest Bearing,0,125095.0,0.18,11.9,67.0,33065.0,2.61,High Quality,15.65,Capital Intensive,83.55,+,-,-,Shareholder Returns,6.51,8.77,13.3,11.72,13.45,13.59,12.31,13.56,13.02,NORMAL,NORMAL,NORMAL,NORMAL,NORMAL,NORMAL,NORMAL,NORMAL,NORMAL,66.67
POWERGRID,2023,33.81,86.78,18.57,14.67,6.11,1.55,0,4.22,Interest Bearing,0,125095.0,0.18,11.9,67.0,33065.0,2.61,High Quality,15.65,Capital Intensive,83.55,+,-,-,Shareholder Returns,6.51,8.77,13.3,11.72,13.45,13.59,12.31,13.56,13.02,NORMAL,NORMAL,NORMAL,NORMAL,NORMAL,NORMAL,NORMAL,NORMAL,NORMAL,66.67
POWERGRID,2024,33.97,86.87,17.87,15.0,6.21,1.42,0,4.6,Interest Bearing,0,119353.0,0.18,9.37,67.0,24176.0,2.39,High Quality,28.61,Capital Intensive,60.7,+,-,-,Shareholder Returns,4.97,5.51,11.41,8.97,9.19,13.1,9.35,9.1,13.02,NORMAL,NORMAL,NORMAL,NORMAL,NORMAL,NORMAL,NORMAL,NORMAL,NORMAL,55.56
POWERGRID,2024,33.97,86.87,16.92,14.73,6.1,1.33,0,4.6,Interest Bearing,0,119158.0,0.18,9.9,67.0,24176.0,2.39,High Quality,28.61,Capital Intensive,60.7,+,-,-,Shareholder Returns,4.97,5.51,11.41,8.97,9.19,13.1,9.35,9.1,13.02,NORMAL,NORMAL,NORMAL,NORMAL,NORMAL,NORMAL,NORMAL,NORMAL,NORMAL,44.44
POWERGRID,2024,33.97,86.87,17.87,15.0,6.21,1.42,0,4.6,Interest Bearing,0,119353.0,0.18,9.37,67.0,24176.0,2.39,High Quality,28.61,Capital Intensive,60.7,+,-,-,Shareholder Returns,4.97,5.51,11.41,8.97,9.19,13.1,9.35,9.1,13.02,NORMAL,NORMAL,NORMAL,NORMAL,NORMAL,NORMAL,NORMAL,NORMAL,NORMAL,55.56
POWERGRID,2024,33.97,86.87,16.92,14.73,6.1,1.33,0,4.6,Interest Bearing,0,119158.0,0.18,9.9,67.0,24176.0,2.39,High Quality,28.61,Capital Intensive,60.7,+,-,-,Shareholder Returns,4.97,5.51,11.41,8.97,9.19,13.1,9.35,9.1,13.02,NORMAL,NORMAL,NORMAL,NORMAL,NORMAL,NORMAL,NORMAL,NORMAL,NORMAL,44.44
RECLTD,2013,28.11,97.33,21.87,4.14,2.94,6.15,1,1.64,Interest Bearing,0,107124.0,0.1,17.76,21.0,-19907.0,5.23,High Quality,1.11,Asset Light,-150.02,-,+,+,Distress Signal,,,,,,,,,,INSUFFICIENT,INSUFFICIENT,INSUFFICIENT,INSUFFICIENT,INSUFFICIENT,INSUFFICIENT,INSUFFICIENT,INSUFFICIENT,INSUFFICIENT,22.22
RECLTD,2014,27.53,96.67,22.79,4.5,3.1,6.07,1,1.66,Interest Bearing,0,124483.0,0.11,21.08,20.0,-17108.0,3.64,High Quality,0.79,Asset Light,-102.75,-,+,+,Distress Signal,,,,,,,,,,INSUFFICIENT,INSUFFICIENT,INSUFFICIENT,INSUFFICIENT,INSUFFICIENT,INSUFFICIENT,INSUFFICIENT,INSUFFICIENT,INSUFFICIENT,22.22
RECLTD,2015,26.01,94.41,21.31,4.29,2.91,6.02,1,1.64,Interest Bearing,0,149383.0,0.11,25.4,20.0,-23747.0,4.47,High Quality,0.74,Asset Light,-122.44,-,+,+,Distress Signal,,,,,,,,,,INSUFFICIENT,INSUFFICIENT,INSUFFICIENT,INSUFFICIENT,INSUFFICIENT,INSUFFICIENT,INSUFFICIENT,INSUFFICIENT,INSUFFICIENT,22.22
RECLTD,2016,23.59,93.04,19.7,4.12,2.75,5.86,1,1.57,Interest Bearing,0,166860.0,0.12,29.27,30.0,-14034.0,2.33,High Quality,3.13,Moderate,-62.53,-,-,+,Growth Funded by Debt,20.95,,,14.08,,,13.62,,,NORMAL,INSUFFICIENT,INSUFFICIENT,NORMAL,INSUFFICIENT,INSUFFICIENT,NORMAL,INSUFFICIENT,INSUFFICIENT,22.22
RECLTD,2017,25.94,92.24,18.75,4.47,3.0,4.99,1,1.67,Interest Bearing,0,165235.0,0.12,17.05,30.0,6704.0,1.08,High Quality,0.41,Asset Light,29.86,+,-,-,Shareholder Returns,12.22,,,10.02,,,10.06,,,NORMAL,INSUFFICIENT,INSUFFICIENT,NORMAL,INSUFFICIENT,INSUFFICIENT,NORMAL,INSUFFICIENT,INSUFFICIENT,33.33
RECLTD,2018,19.64,85.09,13.66,2.52,1.84,6.27,1,1.45,Interest Bearing,1,201419.0,0.09,16.5,41.0,-32464.0,7.3,High Quality,0.2,Asset Light,-168.39,-,+,+,Distress Signal,3.32,10.69,,-5.91,3.03,,-5.27,2.53,,NORMAL,NORMAL,INSUFFICIENT,NORMAL,NORMAL,INSUFFICIENT,NORMAL,NORMAL,INSUFFICIENT,22.22
RECLTD,2019,22.6,93.3,16.62,2.91,1.92,7.07,1,1.52,Interest Bearing,0,241786.0,0.09,17.49,38.0,-35409.0,6.25,High Quality,1.8,Asset Light,-149.37,-,+,+,Distress Signal,1.74,8.09,,0.29,3.9,,0.0,4.1,,NORMAL,NORMAL,INSUFFICIENT,NORMAL,NORMAL,INSUFFICIENT,NORMAL,NORMAL,INSUFFICIENT,22.22
RECLTD,2020,16.61,86.7,14.05,2.19,1.43,8.09,1,1.37,Interest Bearing,1,283903.0,0.09,17.92,44.0,-32591.0,6.58,High Quality,0.4,Asset Light,-125.54,-,+,+,Distress Signal,7.15,7.82,,-7.65,-1.43,,-7.49,-1.02,,NORMAL,NORMAL,INSUFFICIENT,NORMAL,NORMAL,INSUFFICIENT,NORMAL,NORMAL,INSUFFICIENT,11.11
RECLTD,2021,23.56,90.74,19.14,2.89,2.09,7.53,1,1.5,Interest Bearing,0,327742.0,0.09,22.16,30.0,-42651.0,5.19,High Quality,2.42,Asset Light,-132.19,-,+,+,Distress Signal,16.21,8.07,,23.47,8.04,,23.47,7.78,,NORMAL,NORMAL,INSUFFICIENT,NORMAL,NORMAL,INSUFFICIENT,NORMAL,NORMAL,INSUFFICIENT,22.22
RECLTD,2022,25.55,87.68,19.56,3.24,2.44,6.49,1,1.56,Interest Bearing,0,330853.0,0.1,25.98,30.0,-1106.0,0.08,Accrual Risk,0.73,Asset Light,-3.21,-,-,+,Growth Funded by Debt,15.63,10.04,,20.46,9.71,,19.98,9.63,,NORMAL,NORMAL,INSUFFICIENT,NORMAL,NORMAL,INSUFFICIENT,NORMAL,NORMAL,INSUFFICIENT,22.22
RECLTD,2023,28.28,95.29,19.21,3.17,2.4,6.55,1,1.59,Interest Bearing,0,377620.0,0.08,22.07,30.0,-38303.0,3.35,High Quality,2.39,Asset Light,-101.79,-,-,+,Growth Funded by Debt,9.66,11.75,11.22,30.96,20.2,11.29,30.27,19.83,10.84,NORMAL,NORMAL,NORMAL,NORMAL,NORMAL,NORMAL,NORMAL,NORMAL,NORMAL,55.56
RECLTD,2024,29.77,100.77,20.4,3.49,2.58,6.42,1,1.6,Interest Bearing,0,440216.0,0.09,26.34,30.0,-59554.0,4.08,High Quality,3.85,Moderate,-124.37,-,-,+,Growth Funded by Debt,10.15,13.34,10.68,19.08,19.76,11.55,19.06,19.67,11.61,NORMAL,NORMAL,NORMAL,NORMAL,NORMAL,NORMAL,NORMAL,NORMAL,NORMAL,55.56
RECLTD,2024,29.77,100.77,19.24,3.23,2.38,6.58,1,1.6,Interest Bearing,0,476827.0,0.08,27.92,30.0,-59554.0,4.08,High Quality,3.85,Moderate,-124.37,-,-,+,Growth Funded by Debt,10.15,13.34,10.68,19.08,19.76,11.55,19.06,19.67,11.61,NORMAL,NORMAL,NORMAL,NORMAL,NORMAL,NORMAL,NORMAL,NORMAL,NORMAL,55.56
RELIANCE,2013,5.27,8.37,11.47,12.95,5.76,0.59,0,11.81,Interest Bearing,0,64371.0,1.09,62.01,13.0,9317.0,1.77,High Quality,6.97,Moderate,28.1,+,-,+,Mixed,,,,,,,,,,INSUFFICIENT,INSUFFICIENT,INSUFFICIENT,INSUFFICIENT,INSUFFICIENT,INSUFFICIENT,INSUFFICIENT,INSUFFICIENT,INSUFFICIENT,44.44
RELIANCE,2014,5.2,8.06,11.35,11.84,5.26,0.7,0,11.42,Interest Bearing,0,78159.0,1.01,67.58,12.0,-29809.0,1.92,High Quality,16.86,Capital Intensive,-85.33,+,-,+,Mixed,,,,,,,,,,INSUFFICIENT,INSUFFICIENT,INSUFFICIENT,INSUFFICIENT,INSUFFICIENT,INSUFFICIENT,INSUFFICIENT,INSUFFICIENT,INSUFFICIENT,33.33
RELIANCE,2015,6.31,10.0,10.82,11.03,4.69,0.77,0,13.87,Interest Bearing,0,91800.0,0.74,74.24,12.0,-30332.0,1.45,High Quality,17.28,Capital Intensive,-81.0,+,-,+,Mixed,,,,,,,,,,INSUFFICIENT,INSUFFICIENT,INSUFFICIENT,INSUFFICIENT,INSUFFICIENT,INSUFFICIENT,INSUFFICIENT,INSUFFICIENT,INSUFFICIENT,33.33
RELIANCE,2016,10.95,15.33,12.9,11.8,4.99,0.84,0,14.63,Interest Bearing,0,110699.0,0.46,78.55,10.0,1948.0,1.28,High Quality,13.28,Capital Intensive,4.66,+,-,-,Shareholder Returns,-11.7,,,12.65,,,13.62,,,NORMAL,INSUFFICIENT,INSUFFICIENT,NORMAL,INSUFFICIENT,INSUFFICIENT,NORMAL,INSUFFICIENT,INSUFFICIENT,44.44
RELIANCE,2017,9.81,15.23,11.31,10.74,4.22,0.82,0,14.43,Interest Bearing,0,134576.0,0.43,89.12,11.0,-16651.0,1.66,High Quality,21.78,Capital Intensive,-35.96,+,-,+,Mixed,-11.16,,,9.78,,,11.2,,,NORMAL,INSUFFICIENT,INSUFFICIENT,NORMAL,INSUFFICIENT,INSUFFICIENT,NORMAL,INSUFFICIENT,INSUFFICIENT,33.33
RELIANCE,2018,9.23,16.46,12.29,12.4,4.45,0.82,0,9.21,Interest Bearing,0,156981.0,0.48,49.56,10.0,3267.0,1.98,High Quality,17.45,Capital Intensive,5.08,+,-,-,Shareholder Returns,1.44,-0.26,,15.13,11.55,,16.67,12.47,,NORMAL,NORMAL,INSUFFICIENT,NORMAL,NORMAL,INSUFFICIENT,NORMAL,NORMAL,INSUFFICIENT,66.67
RELIANCE,2019,7.01,14.82,10.29,10.96,3.99,0.79,0,5.62,Interest Bearing,0,72079.0,0.57,65.32,10.0,-52161.0,1.06,High Quality,16.63,Capital Intensive,-61.91,+,-,+,Mixed,27.75,5.56,,10.08,12.06,,9.65,12.63,,NORMAL,NORMAL,INSUFFICIENT,NORMAL,NORMAL,INSUFFICIENT,NORMAL,NORMAL,INSUFFICIENT,55.56
RELIANCE,2020,6.68,14.96,8.88,9.43,3.43,0.79,0,4.44,Interest Bearing,0,78366.0,0.51,70.86,10.0,22380.0,2.38,High Quality,12.15,Capital Intensive,25.07,+,-,-,Shareholder Returns,25.21,9.77,,10.16,11.03,,9.65,11.27,,NORMAL,NORMAL,INSUFFICIENT,NORMAL,NORMAL,INSUFFICIENT,NORMAL,NORMAL,INSUFFICIENT,66.67
RELIANCE,2021,11.52,17.33,7.68,8.38,4.07,0.4,0,4.87,Interest Bearing,0,-85866.0,0.35,108.64,9.0,-115427.0,0.5,Moderate,30.53,Capital Intensive,-142.87,+,-,+,Mixed,6.06,11.34,,14.2,12.47,,13.04,12.13,,NORMAL,NORMAL,INSUFFICIENT,NORMAL,NORMAL,INSUFFICIENT,NORMAL,NORMAL,INSUFFICIENT,55.56
RELIANCE,2022,9.77,15.63,8.7,10.34,4.53,0.41,0,8.79,Interest Bearing,0,-75106.0,0.46,115.22,9.0,1492.0,1.63,High Quality,15.71,Capital Intensive,1.37,+,-,+,Mixed,6.92,17.98,,19.42,17.86,,15.77,15.39,,NORMAL,NORMAL,INSUFFICIENT,NORMAL,NORMAL,INSUFFICIENT,NORMAL,NORMAL,INSUFFICIENT,77.78
RELIANCE,2023,8.45,16.24,10.35,11.54,4.61,0.63,0,7.89,Interest Bearing,0,216104.0,0.55,105.8,9.0,22031.0,1.55,High Quality,10.61,Capital Intensive,15.48,+,-,+,Mixed,13.67,17.53,8.27,22.93,15.48,13.5,19.11,12.66,12.57,NORMAL,NORMAL,NORMAL,NORMAL,NORMAL,NORMAL,NORMAL,NORMAL,NORMAL,77.78
RELIANCE,2024,8.79,18.07,9.96,12.42,4.5,0.58,0,7.73,Interest Bearing,0,233319.0,0.51,117.27,10.0,45207.0,2.01,High Quality,12.63,Capital Intensive,27.82,+,-,-,Shareholder Returns,24.46,9.61,7.57,13.71,14.68,13.36,9.35,11.95,12.29,NORMAL,NORMAL,NORMAL,NORMAL,NORMAL,NORMAL,NORMAL,NORMAL,NORMAL,66.67
RELIANCE,2024,8.79,18.07,9.64,13.22,4.35,0.44,0,7.73,Interest Bearing,0,112966.0,0.5,121.11,10.0,45207.0,2.01,High Quality,12.63,Capital Intensive,27.82,+,-,-,Shareholder Returns,24.46,9.61,7.57,13.71,14.68,13.36,9.35,11.95,12.29,NORMAL,NORMAL,NORMAL,NORMAL,NORMAL,NORMAL,NORMAL,NORMAL,NORMAL,66.67
SBILIFE,2013,4.24,2.87,23.03,26.13,1.17,0.0,0,179.75,Interest Bearing,0,-50047.0,0.28,2.74,8.0,903.0,1.79,High Quality,1.53,Asset Light,211.48,+,-,-,Shareholder Returns,,,,,,,,,,INSUFFICIENT,INSUFFICIENT,INSUFFICIENT,INSUFFICIENT,INSUFFICIENT,INSUFFICIENT,INSUFFICIENT,INSUFFICIENT,INSUFFICIENT,66.67
SBILIFE,2014,4.22,2.96,21.69,25.33,1.2,0.0,0,171.0,Interest Bearing,0,-56275.0,0.28,3.36,14.0,-542.0,0.23,Accrual Risk,4.1,Moderate,-106.07,+,-,-,Reinvestor,,,,,,,,,,INSUFFICIENT,INSUFFICIENT,INSUFFICIENT,INSUFFICIENT,INSUFFICIENT,INSUFFICIENT,INSUFFICIENT,INSUFFICIENT,INSUFFICIENT,44.44
SBILIFE,2015,3.48,3.39,20.09,23.99,1.1,0.0,0,244.25,Interest Bearing,0,-69385.0,0.32,4.06,15.0,2533.0,3.33,High Quality,0.76,Asset Light,319.02,+,-,-,Shareholder Returns,,,,,,,,,,INSUFFICIENT,INSUFFICIENT,INSUFFICIENT,INSUFFICIENT,INSUFFICIENT,INSUFFICIENT,INSUFFICIENT,INSUFFICIENT,INSUFFICIENT,66.67
SBILIFE,2016,4.37,4.76,17.83,22.06,1.01,0.0,0,209.8,Interest Bearing,0,-77843.0,0.23,4.73,14.0,-1426.0,6.85,High Quality,37.28,Capital Intensive,-155.0,+,-,-,Shareholder Returns,9.13,,,10.24,,,10.06,,,NORMAL,INSUFFICIENT,INSUFFICIENT,NORMAL,INSUFFICIENT,INSUFFICIENT,NORMAL,INSUFFICIENT,INSUFFICIENT,55.56
SBILIFE,2017,3.13,3.5,17.2,21.65,0.93,0.0,0,241.4,Interest Bearing,0,-95830.0,0.3,5.55,16.0,-507.0,8.93,High Quality,29.57,Capital Intensive,-47.47,+,-,-,Shareholder Returns,20.97,,,9.47,,,12.62,,,NORMAL,INSUFFICIENT,INSUFFICIENT,NORMAL,INSUFFICIENT,INSUFFICIENT,NORMAL,INSUFFICIENT,INSUFFICIENT,55.56
SBILIFE,2018,3.38,3.91,17.62,22.7,0.94,0.0,0,248.0,Interest Bearing,0,-114436.0,0.28,6.53,17.0,1485.0,9.04,High Quality,26.15,Capital Intensive,111.49,+,-,-,Shareholder Returns,13.34,18.03,,12.16,12.79,,14.47,14.87,,NORMAL,NORMAL,INSUFFICIENT,NORMAL,NORMAL,INSUFFICIENT,NORMAL,NORMAL,INSUFFICIENT,100.0
SBILIFE,2019,2.98,3.3,17.52,22.86,0.9,0.0,0,217.5,Interest Bearing,0,-139325.0,0.3,7.58,15.0,-79.0,10.15,High Quality,30.38,Capital Intensive,-5.36,+,-,-,Shareholder Returns,32.16,20.91,,16.28,12.76,,17.57,13.18,,NORMAL,NORMAL,INSUFFICIENT,NORMAL,NORMAL,INSUFFICIENT,NORMAL,NORMAL,INSUFFICIENT,88.89
SBILIFE,2020,3.25,3.08,16.26,21.5,0.86,0.0,0,,Debt Free,0,-158813.0,0.26,8.74,0.0,2313.0,13.57,High Quality,38.78,Capital Intensive,171.21,+,-,-,Shareholder Returns,12.76,13.36,,14.19,11.78,,11.87,11.84,,NORMAL,NORMAL,INSUFFICIENT,NORMAL,NORMAL,INSUFFICIENT,NORMAL,NORMAL,INSUFFICIENT,88.89
SBILIFE,2021,1.78,1.06,14.0,16.72,0.64,0.0,0,,Debt Free,0,-218756.0,0.36,10.4,17.0,4675.0,16.4,High Quality,23.44,Capital Intensive,536.12,+,-,+,Mixed,33.97,33.49,,8.18,11.52,,7.72,13.4,,NORMAL,NORMAL,INSUFFICIENT,NORMAL,NORMAL,INSUFFICIENT,NORMAL,NORMAL,INSUFFICIENT,77.78
SBILIFE,2022,1.81,0.88,12.96,15.16,0.55,0.0,0,,Debt Free,0,-264437.0,0.3,11.62,13.0,241.0,14.51,High Quality,26.04,Capital Intensive,33.01,+,-,-,Shareholder Returns,22.99,22.12,,4.31,9.54,,4.89,8.45,,NORMAL,NORMAL,INSUFFICIENT,NORMAL,NORMAL,INSUFFICIENT,NORMAL,NORMAL,INSUFFICIENT,55.56
SBILIFE,2023,2.13,0.15,13.22,15.16,0.55,0.0,0,198.4,Interest Bearing,0,-303988.0,0.26,13.0,15.0,-1547.0,16.65,High Quality,37.46,Capital Intensive,-1268.03,+,-,-,Shareholder Returns,22.56,18.81,18.42,6.57,8.4,10.57,6.69,7.21,10.98,NORMAL,NORMAL,NORMAL,NORMAL,NORMAL,NORMAL,NORMAL,NORMAL,NORMAL,55.56
SBILIFE,2024,1.43,0.19,12.7,14.45,0.48,0.0,0,240.33,Interest Bearing,0,-384943.0,0.33,14.89,14.0,-2099.0,15.38,High Quality,23.65,Capital Intensive,-853.25,+,-,-,Shareholder Returns,17.24,24.23,22.56,9.16,7.37,10.03,8.2,7.89,10.5,NORMAL,NORMAL,NORMAL,NORMAL,NORMAL,NORMAL,NORMAL,NORMAL,NORMAL,44.44
SBILIFE,2024,1.43,0.19,11.65,13.25,0.42,0.0,0,240.33,Interest Bearing,0,-435926.0,0.29,16.23,14.0,-2099.0,15.38,High Quality,23.65,Capital Intensive,-853.25,+,-,-,Shareholder Returns,17.24,24.23,22.56,9.16,7.37,10.03,8.2,7.89,10.5,NORMAL,NORMAL,NORMAL,NORMAL,NORMAL,NORMAL,NORMAL,NORMAL,NORMAL,44.44
SHREECEM,2013,18.53,28.81,26.12,30.3,16.3,0.34,0,9.06,Interest Bearing,0,-915.0,0.88,109.83,7.0,990.0,1.25,High Quality,4.98,Moderate,63.42,+,-,-,Shareholder Returns,,,,,,,,,,INSUFFICIENT,INSUFFICIENT,INSUFFICIENT,INSUFFICIENT,INSUFFICIENT,INSUFFICIENT,INSUFFICIENT,INSUFFICIENT,INSUFFICIENT,66.67
SHREECEM,2014,13.77,24.32,16.71,23.09,10.74,0.25,0,11.58,Interest Bearing,0,-1044.0,0.78,134.6,10.0,167.0,1.78,High Quality,21.59,Capital Intensive,12.01,+,-,-,Shareholder Returns,,,,,,,,,,INSUFFICIENT,INSUFFICIENT,INSUFFICIENT,INSUFFICIENT,INSUFFICIENT,INSUFFICIENT,INSUFFICIENT,INSUFFICIENT,INSUFFICIENT,66.67
SHREECEM,2015,6.81,21.47,8.07,21.4,5.33,0.17,0,11.95,Interest Bearing,0,-745.0,0.78,150.74,20.0,249.0,2.91,High Quality,15.82,Capital Intensive,18.53,+,-,-,Shareholder Returns,,,,,,,,,,INSUFFICIENT,INSUFFICIENT,INSUFFICIENT,INSUFFICIENT,INSUFFICIENT,INSUFFICIENT,INSUFFICIENT,INSUFFICIENT,INSUFFICIENT,55.56
SHREECEM,2016,20.73,25.52,16.7,25.94,12.08,0.13,0,27.37,Interest Bearing,0,-2149.0,0.58,195.6,7.0,301.0,1.37,High Quality,22.94,Capital Intensive,21.39,+,-,-,Shareholder Returns,0.59,,,4.42,,,4.43,,,NORMAL,INSUFFICIENT,INSUFFICIENT,NORMAL,INSUFFICIENT,INSUFFICIENT,NORMAL,INSUFFICIENT,INSUFFICIENT,66.67
SHREECEM,2017,15.58,29.24,17.39,30.54,11.99,0.17,0,22.29,Interest Bearing,0,-2749.0,0.77,219.94,36.0,154.0,1.64,High Quality,23.83,Capital Intensive,6.13,+,-,-,Shareholder Returns,14.57,,,19.38,,,19.33,,,NORMAL,INSUFFICIENT,INSUFFICIENT,NORMAL,INSUFFICIENT,INSUFFICIENT,NORMAL,INSUFFICIENT,INSUFFICIENT,66.67
SHREECEM,2018,14.08,25.15,15.56,22.17,9.14,0.38,0,21.2,Interest Bearing,0,-2031.0,0.65,254.2,13.0,-1716.0,1.36,High Quality,36.56,Capital Intensive,-69.39,+,-,+,Mixed,16.25,12.66,,48.11,6.63,,48.19,6.63,,NORMAL,NORMAL,INSUFFICIENT,NORMAL,NORMAL,INSUFFICIENT,NORMAL,NORMAL,INSUFFICIENT,66.67
SHREECEM,2019,8.08,22.28,10.5,20.99,6.55,0.29,0,11.56,Interest Bearing,0,517.0,0.81,276.31,21.0,1360.0,2.05,High Quality,5.73,Moderate,48.62,+,-,-,Shareholder Returns,31.56,17.05,,-3.88,5.22,,-4.13,5.04,,NORMAL,NORMAL,INSUFFICIENT,NORMAL,NORMAL,INSUFFICIENT,NORMAL,NORMAL,INSUFFICIENT,66.67
SHREECEM,2020,12.0,29.31,11.72,22.94,7.74,0.24,0,13.86,Interest Bearing,0,-3212.0,0.65,365.81,26.0,-1617.0,2.57,High Quality,43.44,Capital Intensive,-42.88,+,-,+,Mixed,14.4,15.51,,4.86,29.37,,3.52,28.41,,NORMAL,NORMAL,INSUFFICIENT,NORMAL,NORMAL,INSUFFICIENT,NORMAL,NORMAL,INSUFFICIENT,77.78
SHREECEM,2021,17.23,30.17,15.18,24.2,10.86,0.14,0,18.0,Interest Bearing,0,-6270.0,0.63,427.69,9.0,1603.0,1.82,High Quality,19.55,Capital Intensive,39.18,+,-,-,Shareholder Returns,11.31,19.72,,19.08,15.38,,17.62,14.52,,NORMAL,NORMAL,INSUFFICIENT,NORMAL,NORMAL,INSUFFICIENT,NORMAL,NORMAL,INSUFFICIENT,100.0
SHREECEM,2022,8.45,24.72,7.27,20.37,5.34,0.12,0,16.17,Interest Bearing,0,-6904.0,0.63,485.0,14.0,525.0,2.1,High Quality,14.28,Capital Intensive,14.15,+,-,-,Shareholder Returns,6.13,11.8,,7.73,-1.07,,6.79,-1.73,,NORMAL,NORMAL,INSUFFICIENT,NORMAL,NORMAL,INSUFFICIENT,NORMAL,NORMAL,INSUFFICIENT,66.67
SHREECEM,2023,13.27,16.58,12.71,14.77,9.0,0.15,0,13.0,Interest Bearing,0,-5958.0,0.68,517.67,28.0,164.0,1.08,High Quality,13.47,Capital Intensive,5.54,+,-,-,Shareholder Returns,11.53,12.67,12.66,15.34,11.35,8.96,15.95,10.83,8.71,NORMAL,NORMAL,NORMAL,NORMAL,NORMAL,NORMAL,NORMAL,NORMAL,NORMAL,77.78
SHREECEM,2024,8.45,22.02,8.37,21.72,6.21,0.08,0,19.83,Interest Bearing,0,-5900.0,0.73,575.08,16.0,1929.0,1.93,High Quality,6.91,Moderate,42.7,+,-,-,Shareholder Returns,14.81,10.33,13.64,-9.49,11.29,8.21,-9.43,10.68,7.82,NORMAL,NORMAL,NORMAL,NORMAL,NORMAL,NORMAL,NORMAL,NORMAL,NORMAL,88.89
SHREECEM,2024,8.45,22.02,8.3,21.53,6.22,0.08,0,19.83,Interest Bearing,0,-5261.0,0.74,579.97,16.0,1929.0,1.93,High Quality,6.91,Moderate,42.7,+,-,-,Shareholder Returns,14.81,10.33,13.64,-9.49,11.29,8.21,-9.43,10.68,7.82,NORMAL,NORMAL,NORMAL,NORMAL,NORMAL,NORMAL,NORMAL,NORMAL,NORMAL,88.89
SHRIRAMFIN,2013,20.87,31.09,19.94,-2.22,3.09,4.55,1,0.71,Interest Bearing,1,30106.0,0.15,32.33,11.0,-8400.0,5.71,High Quality,0.58,Asset Light,-385.5,-,-,+,Growth Funded by Debt,,,,,,,,,,INSUFFICIENT,INSUFFICIENT,INSUFFICIENT,INSUFFICIENT,INSUFFICIENT,INSUFFICIENT,INSUFFICIENT,INSUFFICIENT,INSUFFICIENT,22.22
SHRIRAMFIN,2014,16.02,23.58,15.96,-4.73,2.59,4.54,1,0.47,Interest Bearing,1,36195.0,0.16,37.49,12.0,-4167.0,2.99,High Quality,1.32,Asset Light,-208.45,-,-,+,Growth Funded by Debt,,,,,,,,,,INSUFFICIENT,INSUFFICIENT,INSUFFICIENT,INSUFFICIENT,INSUFFICIENT,INSUFFICIENT,INSUFFICIENT,INSUFFICIENT,INSUFFICIENT,22.22
SHRIRAMFIN,2015,11.2,18.43,11.09,-5.38,1.65,5.04,1,0.36,Interest Bearing,1,43658.0,0.15,40.82,22.0,-9656.0,9.35,High Quality,0.49,Asset Light,-571.02,-,-,+,Growth Funded by Debt,,,,,,,,,,INSUFFICIENT,INSUFFICIENT,INSUFFICIENT,INSUFFICIENT,INSUFFICIENT,INSUFFICIENT,INSUFFICIENT,INSUFFICIENT,INSUFFICIENT,11.11
SHRIRAMFIN,2016,11.43,17.61,11.64,-5.44,1.74,4.89,1,0.36,Interest Bearing,1,48450.0,0.15,44.83,19.0,-5543.0,4.65,High Quality,0.35,Asset Light,-303.89,-,-,+,Growth Funded by Debt,13.91,,,-6.81,,,-9.14,,,NORMAL,INSUFFICIENT,INSUFFICIENT,NORMAL,INSUFFICIENT,INSUFFICIENT,NORMAL,INSUFFICIENT,INSUFFICIENT,11.11
SHRIRAMFIN,2017,11.61,18.09,11.17,-5.04,1.7,4.68,1,0.38,Interest Bearing,1,51562.0,0.15,49.92,7.0,-2679.0,2.11,High Quality,0.02,Asset Light,-135.85,-,-,+,Growth Funded by Debt,8.76,,,-2.31,,,-3.13,,,NORMAL,INSUFFICIENT,INSUFFICIENT,NORMAL,INSUFFICIENT,INSUFFICIENT,NORMAL,INSUFFICIENT,INSUFFICIENT,11.11
SHRIRAMFIN,2018,18.88,28.18,18.62,-2.59,2.62,6.0,1,0.61,Interest Bearing,1,79675.0,0.14,60.31,10.0,-13056.0,5.16,High Quality,0.64,Asset Light,-343.13,-,+,+,Distress Signal,13.74,14.01,,35.35,11.74,,35.72,10.76,,NORMAL,NORMAL,INSUFFICIENT,NORMAL,NORMAL,INSUFFICIENT,NORMAL,NORMAL,INSUFFICIENT,55.56
SHRIRAMFIN,2019,16.58,24.47,16.14,-3.6,2.44,5.51,1,0.51,Interest Bearing,1,83788.0,0.15,70.32,11.0,-5611.0,2.15,High Quality,0.49,Asset Light,-147.62,-,-,+,Growth Funded by Debt,14.47,12.88,,29.58,13.66,,30.5,12.7,,NORMAL,NORMAL,INSUFFICIENT,NORMAL,NORMAL,INSUFFICIENT,NORMAL,NORMAL,INSUFFICIENT,55.56
SHRIRAMFIN,2020,15.17,21.53,13.85,-4.19,2.2,5.22,1,0.43,Interest Bearing,1,91799.0,0.14,79.92,5.0,-2519.0,0.98,Moderate,0.33,Asset Light,-70.66,-,-,+,Growth Funded by Debt,14.95,12.53,,25.66,19.57,,25.99,20.11,,NORMAL,NORMAL,INSUFFICIENT,NORMAL,NORMAL,INSUFFICIENT,NORMAL,NORMAL,INSUFFICIENT,33.33
SHRIRAMFIN,2021,14.34,19.53,11.51,-4.42,1.92,4.91,1,0.38,Interest Bearing,1,103199.0,0.13,85.84,18.0,-4264.0,1.7,High Quality,0.14,Asset Light,-125.34,-,-,+,Growth Funded by Debt,8.87,10.96,,-0.66,16.11,,-3.45,14.87,,NORMAL,NORMAL,INSUFFICIENT,NORMAL,NORMAL,INSUFFICIENT,NORMAL,NORMAL,INSUFFICIENT,44.44
SHRIRAMFIN,2022,14.13,19.04,10.43,-4.32,1.91,4.4,1,0.38,Interest Bearing,1,107875.0,0.14,96.29,20.0,-8893.0,3.26,High Quality,0.18,Asset Light,-242.58,-,-,+,Growth Funded by Debt,7.42,12.05,,1.84,16.54,,0.0,14.87,,NORMAL,NORMAL,INSUFFICIENT,NORMAL,NORMAL,INSUFFICIENT,NORMAL,NORMAL,INSUFFICIENT,44.44
SHRIRAMFIN,2023,19.74,28.86,13.84,-2.01,2.86,3.77,1,0.68,Interest Bearing,1,156772.0,0.14,116.34,22.0,-12549.0,2.93,High Quality,16.65,Capital Intensive,-142.62,-,+,+,Distress Signal,22.56,17.69,15.84,33.82,18.75,15.2,16.96,9.86,10.31,NORMAL,NORMAL,NORMAL,NORMAL,NORMAL,NORMAL,NORMAL,NORMAL,NORMAL,33.33
SHRIRAMFIN,2024,20.33,28.92,15.12,-2.06,2.98,3.99,1,0.68,Interest Bearing,1,186024.0,0.15,130.18,23.0,-31359.0,4.2,High Quality,0.71,Asset Light,-298.0,-,-,+,Growth Funded by Debt,27.83,18.56,15.68,43.59,23.49,18.48,29.4,14.29,13.49,NORMAL,NORMAL,NORMAL,NORMAL,NORMAL,NORMAL,NORMAL,NORMAL,NORMAL,55.56
SHRIRAMFIN,2024,20.33,28.92,14.12,-1.94,2.69,3.97,1,0.68,Interest Bearing,1,196204.0,0.13,139.34,23.0,-31359.0,4.2,High Quality,0.71,Asset Light,-298.0,-,-,+,Growth Funded by Debt,27.83,18.56,15.68,43.59,23.49,18.48,29.4,14.29,13.49,NORMAL,NORMAL,NORMAL,NORMAL,NORMAL,NORMAL,NORMAL,NORMAL,NORMAL,44.44
SIEMENS,2011,7.26,9.8,22.75,37.84,8.54,0.0,0,56.54,Interest Bearing,0,0.0,1.18,56.12,24.0,267.0,0.0,Accrual Risk,2.21,Asset Light,22.8,+,+,-,Liquidating Assets,,,,,,,,,,INSUFFICIENT,INSUFFICIENT,INSUFFICIENT,INSUFFICIENT,INSUFFICIENT,INSUFFICIENT,INSUFFICIENT,INSUFFICIENT,INSUFFICIENT,55.56
SIEMENS,2014,5.65,1.11,13.78,24.53,5.86,0.0,0,35.61,Interest Bearing,0,-8.0,1.04,61.62,35.0,738.0,1.01,High Quality,1.22,Asset Light,620.17,+,+,-,Liquidating Assets,-3.7,,,-11.43,,,,,,NORMAL,INSUFFICIENT,INSUFFICIENT,NORMAL,INSUFFICIENT,INSUFFICIENT,INSUFFICIENT,INSUFFICIENT,INSUFFICIENT,55.56
SIEMENS,2015,11.11,9.45,22.94,37.16,11.1,0.0,0,64.7,Interest Bearing,0,-89.0,1.0,72.07,30.0,1220.0,0.49,Accrual Risk,6.12,Moderate,122.24,+,+,-,Liquidating Assets,,,,,,,,,,INSUFFICIENT,INSUFFICIENT,INSUFFICIENT,INSUFFICIENT,INSUFFICIENT,INSUFFICIENT,INSUFFICIENT,INSUFFICIENT,INSUFFICIENT,55.56
SIEMENS,2016,26.89,9.42,42.83,61.01,24.31,0.0,0,379.73,Interest Bearing,0,-85.0,0.9,95.82,41.0,750.0,0.18,Accrual Risk,2.19,Asset Light,73.46,+,+,-,Liquidating Assets,,-1.94,,,27.41,,,,,INSUFFICIENT,NORMAL,INSUFFICIENT,INSUFFICIENT,NORMAL,INSUFFICIENT,INSUFFICIENT,INSUFFICIENT,INSUFFICIENT,66.67
SIEMENS,2017,10.28,9.54,14.79,24.27,8.65,0.0,0,234.25,Interest Bearing,0,0.0,0.84,108.31,22.0,1894.0,0.5,Moderate,11.94,Capital Intensive,179.36,+,+,-,Liquidating Assets,1.19,,,23.54,,,23.47,,,NORMAL,INSUFFICIENT,INSUFFICIENT,NORMAL,INSUFFICIENT,INSUFFICIENT,NORMAL,INSUFFICIENT,INSUFFICIENT,44.44
SIEMENS,2018,7.04,10.37,10.86,19.27,6.28,0.0,0,200.88,Interest Bearing,0,0.0,0.89,116.89,28.0,-74.0,0.11,Accrual Risk,1.36,Asset Light,-5.58,+,-,-,Reinvestor,6.6,,,-8.44,,,-8.84,,,NORMAL,INSUFFICIENT,INSUFFICIENT,NORMAL,INSUFFICIENT,INSUFFICIENT,NORMAL,INSUFFICIENT,INSUFFICIENT,33.33
SIEMENS,2019,8.4,11.39,12.14,20.73,7.16,0.0,0,157.33,Interest Bearing,0,0.0,0.85,127.45,23.0,138.0,1.16,High Quality,8.67,Capital Intensive,9.26,+,-,-,Shareholder Returns,6.48,4.15,,-27.75,12.76,,-27.69,12.77,,NORMAL,NORMAL,INSUFFICIENT,NORMAL,NORMAL,INSUFFICIENT,NORMAL,NORMAL,INSUFFICIENT,77.78
SIEMENS,2020,7.73,10.08,8.1,13.57,4.85,0.0,0,43.93,Interest Bearing,0,0.0,0.63,133.69,32.0,1591.0,0.94,Moderate,8.76,Capital Intensive,158.62,+,+,-,Liquidating Assets,-3.49,-1.2,,-12.22,-8.11,,-11.74,-7.79,,NORMAL,NORMAL,INSUFFICIENT,NORMAL,NORMAL,INSUFFICIENT,NORMAL,NORMAL,INSUFFICIENT,33.33
SIEMENS,2021,8.25,11.0,10.52,16.9,6.04,0.0,0,73.88,Interest Bearing,0,1.0,0.73,145.73,26.0,-967.0,1.31,High Quality,18.1,Capital Intensive,-66.6,+,-,-,Shareholder Returns,1.04,4.02,0.99,6.52,-17.87,2.29,7.43,-17.68,,NORMAL,NORMAL,NORMAL,NORMAL,NORMAL,NORMAL,NORMAL,NORMAL,INSUFFICIENT,44.44
SIEMENS,2022,9.56,11.53,13.29,19.6,7.67,0.02,0,65.19,Interest Bearing,0,181.0,0.8,163.52,23.0,944.0,0.63,Moderate,0.21,Asset Light,50.75,+,-,-,Reinvestor,7.24,7.84,,11.98,6.3,,11.52,6.09,,NORMAL,NORMAL,INSUFFICIENT,NORMAL,NORMAL,INSUFFICIENT,NORMAL,NORMAL,INSUFFICIENT,44.44
SIEMENS,2023,10.03,12.72,14.99,22.32,9.06,0.01,0,129.7,Interest Bearing,0,174.0,0.9,184.32,18.0,641.0,0.71,Moderate,3.88,Moderate,25.77,+,-,-,Reinvestor,25.27,8.85,,36.64,16.84,,35.72,17.08,,NORMAL,NORMAL,INSUFFICIENT,NORMAL,NORMAL,INSUFFICIENT,NORMAL,NORMAL,INSUFFICIENT,66.67
SIEMENS,2024,12.22,13.96,17.7,25.38,10.74,0.02,0,67.15,Interest Bearing,0,278.0,0.88,216.3,16.0,1168.0,0.61,Moderate,2.26,Asset Light,37.63,+,-,-,Reinvestor,19.0,11.19,7.61,35.65,19.85,16.25,34.84,19.64,16.15,NORMAL,NORMAL,NORMAL,NORMAL,NORMAL,NORMAL,NORMAL,NORMAL,NORMAL,88.89
SUNPHARMA,2013,31.17,42.98,23.14,30.5,17.02,0.02,0,109.16,Interest Bearing,0,-2152.0,0.55,144.13,9.0,982.0,0.97,Moderate,21.34,Capital Intensive,20.53,+,-,-,Reinvestor,,,,,,,,,,INSUFFICIENT,INSUFFICIENT,INSUFFICIENT,INSUFFICIENT,INSUFFICIENT,INSUFFICIENT,INSUFFICIENT,INSUFFICIENT,INSUFFICIENT,55.56
SUNPHARMA,2014,24.12,43.55,20.94,23.67,13.33,0.14,0,114.43,Interest Bearing,0,-225.0,0.55,89.49,10.0,1783.0,1.02,High Quality,13.53,Capital Intensive,25.46,+,-,+,Mixed,,,,,,,,,,INSUFFICIENT,INSUFFICIENT,INSUFFICIENT,INSUFFICIENT,INSUFFICIENT,INSUFFICIENT,INSUFFICIENT,INSUFFICIENT,INSUFFICIENT,66.67
SUNPHARMA,2015,19.99,28.82,21.36,21.94,11.24,0.35,0,14.12,Interest Bearing,0,6280.0,0.56,123.86,14.0,4114.0,1.03,High Quality,5.48,Moderate,52.12,+,-,-,Shareholder Returns,,,,,,,,,,INSUFFICIENT,INSUFFICIENT,INSUFFICIENT,INSUFFICIENT,INSUFFICIENT,INSUFFICIENT,INSUFFICIENT,INSUFFICIENT,INSUFFICIENT,66.67
SUNPHARMA,2016,19.86,28.69,17.15,18.34,10.21,0.26,0,15.55,Interest Bearing,0,6667.0,0.51,136.86,5.0,2737.0,1.18,High Quality,13.86,Capital Intensive,33.48,+,-,-,Shareholder Returns,36.78,,,17.71,,,10.72,,,NORMAL,INSUFFICIENT,INSUFFICIENT,NORMAL,INSUFFICIENT,INSUFFICIENT,NORMAL,INSUFFICIENT,INSUFFICIENT,66.67
SUNPHARMA,2017,24.85,31.99,21.41,22.19,12.84,0.27,0,26.78,Interest Bearing,0,8640.0,0.52,152.67,12.0,2896.0,0.9,Moderate,13.26,Capital Intensive,28.67,+,-,-,Reinvestor,25.23,,,26.47,,,24.58,,,NORMAL,INSUFFICIENT,INSUFFICIENT,NORMAL,INSUFFICIENT,INSUFFICIENT,NORMAL,INSUFFICIENT,INSUFFICIENT,55.56
SUNPHARMA,2018,9.6,21.26,6.63,10.22,3.95,0.27,0,10.61,Interest Bearing,0,3242.0,0.41,159.64,23.0,803.0,1.54,High Quality,11.72,Capital Intensive,14.26,+,-,-,Shareholder Returns,-1.11,18.93,,-22.57,-6.03,,-25.77,-8.46,,NORMAL,NORMAL,INSUFFICIENT,NORMAL,NORMAL,INSUFFICIENT,NORMAL,NORMAL,INSUFFICIENT,55.56
SUNPHARMA,2019,11.04,21.94,7.75,10.72,4.97,0.25,0,11.03,Interest Bearing,0,2611.0,0.45,172.54,25.0,1886.0,0.68,Moderate,1.07,Asset Light,29.58,+,-,-,Reinvestor,0.67,12.57,,-17.23,-3.73,,-16.65,-6.01,,NORMAL,NORMAL,INSUFFICIENT,NORMAL,NORMAL,INSUFFICIENT,NORMAL,NORMAL,INSUFFICIENT,44.44
SUNPHARMA,2020,12.7,21.26,9.22,13.18,6.12,0.18,0,24.31,Interest Bearing,0,-1828.0,0.48,188.6,25.0,4330.0,1.57,High Quality,6.78,Moderate,62.01,+,-,-,Shareholder Returns,1.31,3.69,,-18.99,-5.29,,-17.98,-6.17,,NORMAL,NORMAL,INSUFFICIENT,NORMAL,NORMAL,INSUFFICIENT,NORMAL,NORMAL,INSUFFICIENT,44.44
SUNPHARMA,2021,6.78,25.29,4.89,9.7,3.36,0.08,0,35.61,Interest Bearing,0,-5743.0,0.5,193.6,62.0,6577.0,2.72,High Quality,1.21,Asset Light,77.65,+,+,-,Liquidating Assets,8.14,3.29,,-3.67,-16.68,,10.06,-8.78,,NORMAL,NORMAL,INSUFFICIENT,NORMAL,NORMAL,INSUFFICIENT,NORMAL,NORMAL,INSUFFICIENT,44.44
SUNPHARMA,2022,8.77,26.54,7.06,13.44,4.86,0.03,0,53.17,Interest Bearing,0,-11559.0,0.55,200.05,73.0,3429.0,2.65,High Quality,14.37,Capital Intensive,33.43,+,-,-,Shareholder Returns,9.97,4.13,,1.85,-15.46,,8.37,-13.55,,NORMAL,NORMAL,INSUFFICIENT,NORMAL,NORMAL,INSUFFICIENT,NORMAL,NORMAL,INSUFFICIENT,44.44
SUNPHARMA,2023,19.4,26.55,15.2,18.98,10.55,0.12,0,70.4,Interest Bearing,0,-7938.0,0.54,233.31,33.0,-2261.0,0.58,Moderate,16.45,Capital Intensive,-19.41,+,-,+,Mixed,10.15,10.62,14.7,26.84,27.34,9.39,29.81,31.21,9.6,NORMAL,NORMAL,NORMAL,NORMAL,NORMAL,NORMAL,NORMAL,NORMAL,NORMAL,77.78
SUNPHARMA,2024,19.82,26.84,15.09,20.38,11.27,0.05,0,58.33,Interest Bearing,0,-11752.0,0.57,265.28,34.0,11372.0,1.26,High Quality,1.57,Asset Light,87.36,+,-,-,Shareholder Returns,13.13,10.78,11.67,61.72,24.54,9.5,49.38,29.46,10.31,NORMAL,NORMAL,NORMAL,NORMAL,NORMAL,NORMAL,NORMAL,NORMAL,NORMAL,100.0
SUNPHARMA,2024,19.82,26.84,13.9,19.03,10.91,0.04,0,58.33,Interest Bearing,0,-15172.0,0.55,287.98,34.0,11372.0,1.26,High Quality,1.57,Asset Light,87.36,+,-,-,Shareholder Returns,13.13,10.78,11.67,61.72,24.54,9.5,49.38,29.46,10.31,NORMAL,NORMAL,NORMAL,NORMAL,NORMAL,NORMAL,NORMAL,NORMAL,NORMAL,88.89
TATACONSUM,2013,6.05,10.47,9.25,11.97,5.06,0.29,0,9.83,Interest Bearing,0,811.0,0.84,77.58,36.0,197.0,0.39,Accrual Risk,0.33,Asset Light,25.58,+,+,+,Cash Accumulator,,,,,,,,,,INSUFFICIENT,INSUFFICIENT,INSUFFICIENT,INSUFFICIENT,INSUFFICIENT,INSUFFICIENT,INSUFFICIENT,INSUFFICIENT,INSUFFICIENT,33.33
TATACONSUM,2014,6.59,9.72,8.72,11.46,5.15,0.25,0,10.6,Interest Bearing,0,827.0,0.78,94.34,29.0,421.0,0.83,Moderate,0.01,Asset Light,55.98,+,-,-,Reinvestor,,,,,,,,,,INSUFFICIENT,INSUFFICIENT,INSUFFICIENT,INSUFFICIENT,INSUFFICIENT,INSUFFICIENT,INSUFFICIENT,INSUFFICIENT,INSUFFICIENT,33.33
TATACONSUM,2015,3.42,9.91,4.97,9.29,2.89,0.24,0,8.72,Interest Bearing,0,702.0,0.85,88.6,6.0,211.0,1.53,High Quality,2.59,Asset Light,26.64,+,-,-,Shareholder Returns,,,,,,,,,,INSUFFICIENT,INSUFFICIENT,INSUFFICIENT,INSUFFICIENT,INSUFFICIENT,INSUFFICIENT,INSUFFICIENT,INSUFFICIENT,INSUFFICIENT,44.44
TATACONSUM,2016,-0.56,5.51,-0.59,3.78,-0.37,0.22,0,3.45,Interest Bearing,0,-12.0,0.67,99.16,-999.0,261.0,3.14,High Quality,2.18,Asset Light,71.31,+,+,-,Liquidating Assets,-3.35,,,,,,,,,NORMAL,INSUFFICIENT,INSUFFICIENT,DECLINE_TO_LOSS,INSUFFICIENT,INSUFFICIENT,NORMAL,INSUFFICIENT,INSUFFICIENT,44.44
TATACONSUM,2017,6.71,11.67,7.26,11.85,4.76,0.13,0,20.44,Interest Bearing,0,-664.0,0.71,99.44,38.0,886.0,1.63,High Quality,2.14,Asset Light,112.01,+,+,-,Liquidating Assets,-4.31,,,-3.73,,,-5.01,,,NORMAL,INSUFFICIENT,INSUFFICIENT,NORMAL,INSUFFICIENT,INSUFFICIENT,NORMAL,INSUFFICIENT,INSUFFICIENT,44.44
TATACONSUM,2018,8.16,12.31,7.91,10.62,5.31,0.15,0,17.54,Interest Bearing,0,-93.0,0.65,111.6,30.0,325.0,0.64,Moderate,0.45,Asset Light,38.74,+,-,-,Reinvestor,-5.18,-1.5,,26.76,4.55,,25.99,5.92,,NORMAL,NORMAL,INSUFFICIENT,NORMAL,NORMAL,INSUFFICIENT,NORMAL,NORMAL,INSUFFICIENT,33.33
TATACONSUM,2019,6.3,10.84,6.23,9.82,4.2,0.16,0,11.67,Interest Bearing,0,-47.0,0.67,116.38,39.0,263.0,0.46,Accrual Risk,0.73,Asset Light,33.46,+,+,-,Liquidating Assets,3.0,-1.29,,,-2.17,,,-3.04,,NORMAL,NORMAL,INSUFFICIENT,TURNAROUND,NORMAL,INSUFFICIENT,INSUFFICIENT,NORMAL,INSUFFICIENT,33.33
TATACONSUM,2020,4.77,13.41,3.33,6.88,2.49,0.11,0,16.36,Interest Bearing,0,263.0,0.52,150.16,54.0,460.0,2.35,High Quality,6.45,Moderate,35.6,+,-,-,Shareholder Returns,12.44,3.81,,0.36,11.0,,-5.9,4.56,,NORMAL,NORMAL,INSUFFICIENT,NORMAL,NORMAL,INSUFFICIENT,NORMAL,NORMAL,INSUFFICIENT,55.56
TATACONSUM,2021,8.02,13.31,6.4,9.66,4.6,0.11,0,22.4,Interest Bearing,0,828.0,0.57,157.98,44.0,1310.0,1.78,High Quality,2.98,Asset Light,84.84,+,-,-,Shareholder Returns,19.4,11.82,,18.71,,,4.0,,,NORMAL,NORMAL,INSUFFICIENT,NORMAL,TURNAROUND,INSUFFICIENT,NORMAL,INSUFFICIENT,INSUFFICIENT,55.56
TATACONSUM,2022,8.17,13.84,6.7,10.39,4.82,0.09,0,20.77,Interest Bearing,0,615.0,0.59,164.59,60.0,199.0,1.49,High Quality,10.6,Capital Intensive,11.58,+,-,-,Shareholder Returns,19.66,12.88,,30.47,17.41,,18.56,10.76,,NORMAL,NORMAL,INSUFFICIENT,NORMAL,NORMAL,INSUFFICIENT,NORMAL,NORMAL,INSUFFICIENT,77.78
TATACONSUM,2023,9.58,13.47,8.11,11.49,5.8,0.1,0,16.8,Interest Bearing,0,167.0,0.61,175.02,65.0,627.0,1.11,High Quality,6.05,Moderate,33.78,+,-,-,Shareholder Returns,12.67,15.13,6.49,42.1,18.88,11.49,33.89,8.45,7.18,NORMAL,NORMAL,NORMAL,NORMAL,NORMAL,NORMAL,NORMAL,NORMAL,NORMAL,66.67
TATACONSUM,2024,7.99,15.02,7.57,10.83,4.36,0.22,0,25.32,Interest Bearing,0,2606.0,0.55,169.02,64.0,26.0,1.59,High Quality,12.57,Capital Intensive,1.14,+,-,+,Mixed,9.44,15.96,6.99,9.32,21.6,9.07,10.06,14.87,5.54,NORMAL,NORMAL,NORMAL,NORMAL,NORMAL,NORMAL,NORMAL,NORMAL,NORMAL,77.78
TATACONSUM,2024,7.99,15.02,6.35,9.58,3.92,0.15,0,25.32,Interest Bearing,0,1963.0,0.49,193.25,64.0,26.0,1.59,High Quality,12.57,Capital Intensive,1.14,+,-,+,Mixed,9.44,15.96,6.99,9.32,21.6,9.07,10.06,14.87,5.54,NORMAL,NORMAL,NORMAL,NORMAL,NORMAL,NORMAL,NORMAL,NORMAL,NORMAL,77.78
TATAMOTORS,2013,5.28,13.03,26.51,23.26,5.93,1.43,0,6.97,Interest Bearing,0,44951.0,1.12,58.99,6.0,-806.0,2.22,High Quality,12.17,Capital Intensive,-3.28,+,-,-,Shareholder Returns,,,,,,,,,,INSUFFICIENT,INSUFFICIENT,INSUFFICIENT,INSUFFICIENT,INSUFFICIENT,INSUFFICIENT,INSUFFICIENT,INSUFFICIENT,INSUFFICIENT,44.44
TATAMOTORS,2014,6.03,14.97,21.42,23.72,6.43,0.92,0,7.31,Interest Bearing,0,49955.0,1.07,101.87,5.0,8160.0,2.57,High Quality,12.02,Capital Intensive,23.41,+,-,-,Shareholder Returns,,,,,,,,,,INSUFFICIENT,INSUFFICIENT,INSUFFICIENT,INSUFFICIENT,INSUFFICIENT,INSUFFICIENT,INSUFFICIENT,INSUFFICIENT,INSUFFICIENT,66.67
TATAMOTORS,2015,5.35,14.91,25.01,27.02,5.93,1.31,0,8.22,Interest Bearing,0,58273.0,1.11,87.36,0.0,-701.0,2.52,High Quality,13.77,Capital Intensive,-1.79,+,-,+,Mixed,,,,,,,,,,INSUFFICIENT,INSUFFICIENT,INSUFFICIENT,INSUFFICIENT,INSUFFICIENT,INSUFFICIENT,INSUFFICIENT,INSUFFICIENT,INSUFFICIENT,44.44
TATAMOTORS,2016,4.28,14.06,14.79,20.79,4.44,0.88,0,7.31,Interest Bearing,0,45593.0,1.04,116.28,1.0,1206.0,3.25,High Quality,13.44,Capital Intensive,3.14,+,-,-,Shareholder Returns,13.09,,,5.39,,,4.55,,,NORMAL,INSUFFICIENT,INSUFFICIENT,NORMAL,INSUFFICIENT,INSUFFICIENT,NORMAL,INSUFFICIENT,INSUFFICIENT,55.56
TATAMOTORS,2017,2.8,10.97,13.02,19.92,2.77,1.35,0,7.42,Interest Bearing,0,58266.0,0.99,85.51,0.0,-9372.0,4.0,High Quality,14.67,Capital Intensive,-31.67,+,-,+,Mixed,5.02,,,-18.67,,,-18.48,,,NORMAL,INSUFFICIENT,INSUFFICIENT,NORMAL,INSUFFICIENT,INSUFFICIENT,NORMAL,INSUFFICIENT,INSUFFICIENT,33.33
TATAMOTORS,2018,3.12,10.79,9.53,17.74,2.78,0.93,0,7.99,Interest Bearing,0,68137.0,0.89,140.54,0.0,-1282.0,2.62,High Quality,8.62,Capital Intensive,-4.08,+,-,+,Mixed,3.47,9.08,,-13.55,-1.84,,-13.56,-2.4,,NORMAL,NORMAL,INSUFFICIENT,NORMAL,NORMAL,INSUFFICIENT,NORMAL,NORMAL,INSUFFICIENT,44.44
TATAMOTORS,2019,-9.51,8.17,-47.73,-4.68,-9.4,1.76,0,-0.35,Interest Bearing,1,90404.0,0.99,88.63,0.0,-1987.0,0.66,Moderate,6.91,Moderate,-8.06,+,-,+,Mixed,3.41,5.34,,,,,,,,NORMAL,NORMAL,INSUFFICIENT,DECLINE_TO_LOSS,DECLINE_TO_LOSS,INSUFFICIENT,DECLINE_TO_LOSS,DECLINE_TO_LOSS,INSUFFICIENT,0.0
TATAMOTORS,2020,-4.59,6.89,-18.98,5.77,-3.74,1.98,0,2.5,Interest Bearing,0,108480.0,0.82,87.61,0.0,-6482.0,2.22,High Quality,12.68,Capital Intensive,-36.04,+,-,+,Mixed,-1.08,-0.16,,,,,,,,NORMAL,NORMAL,INSUFFICIENT,DECLINE_TO_LOSS,DECLINE_TO_LOSS,INSUFFICIENT,DECLINE_TO_LOSS,DECLINE_TO_LOSS,INSUFFICIENT,11.11
TATAMOTORS,2021,-5.36,12.93,-24.25,6.62,-3.92,2.57,1,2.61,Interest Bearing,0,117511.0,0.73,72.12,0.0,3329.0,2.17,High Quality,10.28,Capital Intensive,10.31,+,-,+,Mixed,-5.02,-1.76,,,,,,,,NORMAL,NORMAL,INSUFFICIENT,DECLINE_TO_LOSS,DECLINE_TO_LOSS,INSUFFICIENT,DECLINE_TO_LOSS,DECLINE_TO_LOSS,INSUFFICIENT,22.22
TATAMOTORS,2022,-4.06,8.88,-25.38,9.34,-3.44,3.29,1,2.91,Interest Bearing,0,117069.0,0.85,58.17,0.0,9839.0,1.26,High Quality,1.6,Asset Light,39.8,+,-,-,Shareholder Returns,-2.66,0.64,,,,,,,,NORMAL,NORMAL,INSUFFICIENT,BOTH_NEGATIVE,DECLINE_TO_LOSS,INSUFFICIENT,BOTH_NEGATIVE,DECLINE_TO_LOSS,INSUFFICIENT,22.22
TATAMOTORS,2023,0.78,9.2,5.94,15.75,0.8,2.96,1,3.76,Interest Bearing,0,107734.0,1.03,59.17,32.0,19971.0,13.16,High Quality,4.46,Moderate,62.77,+,-,-,Shareholder Returns,9.84,3.48,6.24,,-21.62,-12.28,,-25.74,-14.87,NORMAL,NORMAL,NORMAL,TURNAROUND,NORMAL,NORMAL,TURNAROUND,NORMAL,NORMAL,44.44
TATAMOTORS,2024,7.26,13.6,37.46,28.74,8.61,1.26,0,6.53,Interest Bearing,0,84291.0,1.19,110.86,7.0,45133.0,2.14,High Quality,5.2,Moderate,75.81,+,-,-,Shareholder Returns,20.58,7.72,6.52,,,8.51,,,6.95,NORMAL,NORMAL,NORMAL,TURNAROUND,TURNAROUND,NORMAL,TURNAROUND,TURNAROUND,NORMAL,55.56
TATAMOTORS,2024,7.26,13.6,31.47,26.6,8.14,1.05,0,6.53,Interest Bearing,0,73168.0,1.12,137.31,7.0,45133.0,2.14,High Quality,5.2,Moderate,75.81,+,-,-,Shareholder Returns,20.58,7.72,6.52,,,8.51,,,6.95,NORMAL,NORMAL,NORMAL,TURNAROUND,TURNAROUND,NORMAL,TURNAROUND,TURNAROUND,NORMAL,55.56
TATAPOWER,2013,0.37,16.86,1.0,6.63,0.18,3.07,1,2.26,Interest Bearing,0,34762.0,0.49,52.05,-319.0,-740.0,26.72,High Quality,12.13,Capital Intensive,-13.23,+,-,-,Shareholder Returns,,,,,,,,,,INSUFFICIENT,INSUFFICIENT,INSUFFICIENT,INSUFFICIENT,INSUFFICIENT,INSUFFICIENT,INSUFFICIENT,INSUFFICIENT,INSUFFICIENT,11.11
TATAPOWER,2014,0.03,19.36,0.1,7.05,0.02,3.24,1,2.08,Interest Bearing,0,37154.0,0.5,52.32,-114.0,2874.0,540.25,High Quality,10.1,Capital Intensive,41.56,+,-,-,Shareholder Returns,,,,,,,,,,INSUFFICIENT,INSUFFICIENT,INSUFFICIENT,INSUFFICIENT,INSUFFICIENT,INSUFFICIENT,INSUFFICIENT,INSUFFICIENT,INSUFFICIENT,22.22
TATAPOWER,2015,1.36,18.76,3.19,6.66,0.61,2.84,1,1.99,Interest Bearing,0,37162.0,0.45,53.03,210.0,2116.0,13.09,High Quality,11.51,Capital Intensive,33.58,+,-,-,Shareholder Returns,,,,,,,,,,INSUFFICIENT,INSUFFICIENT,INSUFFICIENT,INSUFFICIENT,INSUFFICIENT,INSUFFICIENT,INSUFFICIENT,INSUFFICIENT,INSUFFICIENT,22.22
TATAPOWER,2016,2.66,7.14,6.76,5.8,1.12,3.34,1,1.91,Interest Bearing,0,27064.0,0.42,43.09,53.0,5610.0,9.43,High Quality,6.12,Moderate,266.51,+,-,-,Shareholder Returns,-3.85,,,85.57,,,,,,NORMAL,INSUFFICIENT,INSUFFICIENT,NORMAL,INSUFFICIENT,INSUFFICIENT,INSUFFICIENT,INSUFFICIENT,INSUFFICIENT,22.22
TATAPOWER,2017,3.99,19.84,8.32,5.49,1.33,3.69,1,2.01,Interest Bearing,0,36942.0,0.33,48.94,39.0,-359.0,6.38,High Quality,26.73,Capital Intensive,-6.56,+,-,+,Mixed,-8.26,,,350.89,,,,,,NORMAL,INSUFFICIENT,INSUFFICIENT,NORMAL,INSUFFICIENT,INSUFFICIENT,TURNAROUND,INSUFFICIENT,INSUFFICIENT,11.11
TATAPOWER,2018,9.73,8.55,15.92,7.88,3.19,2.96,1,2.36,Interest Bearing,0,36160.0,0.33,60.74,15.0,4852.0,2.44,High Quality,5.63,Moderate,211.42,+,-,-,Shareholder Returns,-7.21,-4.15,,78.77,84.24,,108.01,,,NORMAL,NORMAL,INSUFFICIENT,NORMAL,NORMAL,INSUFFICIENT,NORMAL,INSUFFICIENT,INSUFFICIENT,44.44
TATAPOWER,2019,8.72,10.27,14.24,9.11,3.1,2.65,1,2.46,Interest Bearing,0,34964.0,0.36,67.8,15.0,4302.0,1.76,High Quality,0.91,Asset Light,140.13,+,-,-,Shareholder Returns,0.44,-3.51,,49.11,193.33,,65.1,,,NORMAL,NORMAL,INSUFFICIENT,NORMAL,NORMAL,INSUFFICIENT,NORMAL,TURNAROUND,INSUFFICIENT,33.33
TATAPOWER,2020,4.52,23.36,6.73,6.42,1.47,2.65,1,2.02,Interest Bearing,0,37401.0,0.32,72.47,41.0,6882.0,5.6,High Quality,1.69,Asset Light,101.13,+,-,-,Shareholder Returns,1.84,-2.81,,6.16,23.56,,10.06,31.95,,NORMAL,NORMAL,INSUFFICIENT,NORMAL,NORMAL,INSUFFICIENT,NORMAL,NORMAL,INSUFFICIENT,44.44
TATAPOWER,2021,4.4,21.16,6.45,6.79,1.46,2.09,1,2.17,Interest Bearing,0,33559.0,0.33,69.76,44.0,9338.0,5.8,High Quality,3.04,Moderate,134.92,+,+,-,Liquidating Assets,6.81,2.09,,-18.01,12.86,,-23.69,14.87,,NORMAL,NORMAL,INSUFFICIENT,NORMAL,NORMAL,INSUFFICIENT,NORMAL,NORMAL,INSUFFICIENT,44.44
TATAPOWER,2022,5.04,16.42,9.61,7.68,1.92,2.28,1,2.47,Interest Bearing,0,37035.0,0.38,70.13,32.0,443.0,3.1,High Quality,14.6,Capital Intensive,6.3,+,-,-,Shareholder Returns,12.74,9.19,,-6.12,14.41,,-17.79,10.76,,NORMAL,NORMAL,INSUFFICIENT,NORMAL,NORMAL,INSUFFICIENT,NORMAL,NORMAL,INSUFFICIENT,44.44
TATAPOWER,2023,6.91,14.02,13.23,10.89,2.97,1.84,0,3.03,Interest Bearing,0,36253.0,0.43,89.96,19.0,-97.0,1.88,High Quality,13.18,Capital Intensive,-1.26,+,-,+,Mixed,23.67,15.48,5.21,42.52,7.85,40.96,35.72,2.13,,NORMAL,NORMAL,NORMAL,NORMAL,NORMAL,NORMAL,NORMAL,NORMAL,INSUFFICIENT,33.33
TATAPOWER,2024,6.97,17.47,13.23,11.06,3.08,1.66,0,3.05,Interest Bearing,0,37373.0,0.44,101.11,17.0,3569.0,2.94,High Quality,14.69,Capital Intensive,33.25,+,-,-,Shareholder Returns,23.4,15.51,5.57,43.81,10.43,79.98,44.22,5.92,,NORMAL,NORMAL,NORMAL,NORMAL,NORMAL,NORMAL,NORMAL,NORMAL,TURNAROUND,55.56
TATAPOWER,2024,6.97,17.47,12.71,10.35,2.95,1.73,0,3.05,Interest Bearing,0,42873.0,0.42,105.25,17.0,3569.0,2.94,High Quality,14.69,Capital Intensive,33.25,+,-,-,Shareholder Returns,23.4,15.51,5.57,43.81,10.43,79.98,44.22,5.92,,NORMAL,NORMAL,NORMAL,NORMAL,NORMAL,NORMAL,NORMAL,NORMAL,TURNAROUND,55.56
TATASTEEL,2013,-5.4,2.94,-21.28,1.4,-4.95,2.01,1,1.36,Interest Bearing,1,65271.0,0.92,35.19,-11.0,936.0,1.93,High Quality,9.72,Capital Intensive,23.61,+,-,-,Shareholder Returns,,,,,,,,,,INSUFFICIENT,INSUFFICIENT,INSUFFICIENT,INSUFFICIENT,INSUFFICIENT,INSUFFICIENT,INSUFFICIENT,INSUFFICIENT,INSUFFICIENT,22.22
TATASTEEL,2014,2.47,10.89,9.04,10.28,2.14,2.01,1,3.9,Interest Bearing,0,76536.0,0.87,41.74,27.0,-2232.0,3.59,High Quality,10.35,Capital Intensive,-13.79,+,-,+,Mixed,,,,,,,,,,INSUFFICIENT,INSUFFICIENT,INSUFFICIENT,INSUFFICIENT,INSUFFICIENT,INSUFFICIENT,INSUFFICIENT,INSUFFICIENT,INSUFFICIENT,22.22
TATASTEEL,2015,-2.82,2.44,-12.56,4.07,-2.48,2.57,1,1.94,Interest Bearing,0,77246.0,0.88,32.29,-20.0,2859.0,3.02,High Quality,6.47,Moderate,83.87,+,-,-,Shareholder Returns,,,,,,,,,,INSUFFICIENT,INSUFFICIENT,INSUFFICIENT,INSUFFICIENT,INSUFFICIENT,INSUFFICIENT,INSUFFICIENT,INSUFFICIENT,INSUFFICIENT,22.22
TATASTEEL,2016,-0.49,-0.61,-1.14,4.37,-0.28,1.87,0,2.3,Interest Bearing,0,71273.0,0.58,45.08,-203.0,2661.0,23.05,High Quality,8.62,Capital Intensive,-425.76,+,-,-,Shareholder Returns,-8.87,,,,,,,,,NORMAL,INSUFFICIENT,INSUFFICIENT,BOTH_NEGATIVE,INSUFFICIENT,INSUFFICIENT,NORMAL,INSUFFICIENT,INSUFFICIENT,22.22
TATASTEEL,2017,-3.71,11.7,-11.02,3.54,-2.42,2.2,1,1.84,Interest Bearing,0,70557.0,0.65,38.99,-23.0,1334.0,2.6,High Quality,8.45,Capital Intensive,10.15,+,-,-,Shareholder Returns,-8.92,,,,,,,,,NORMAL,INSUFFICIENT,INSUFFICIENT,DECLINE_TO_LOSS,INSUFFICIENT,INSUFFICIENT,DECLINE_TO_LOSS,INSUFFICIENT,INSUFFICIENT,22.22
TATASTEEL,2018,14.4,17.39,29.15,17.56,8.5,1.51,0,5.93,Interest Bearing,0,74248.0,0.59,53.16,9.0,-3707.0,0.45,Accrual Risk,9.52,Capital Intensive,-17.3,+,-,+,Mixed,-4.05,-1.76,,,,,,,,NORMAL,NORMAL,INSUFFICIENT,TURNAROUND,TURNAROUND,INSUFFICIENT,TURNAROUND,TURNAROUND,INSUFFICIENT,33.33
TATASTEEL,2019,5.79,18.59,13.23,13.66,3.92,1.46,0,4.03,Interest Bearing,0,95078.0,0.68,60.2,15.0,-3840.0,2.78,High Quality,18.5,Capital Intensive,-13.1,+,-,-,Shareholder Returns,15.64,1.19,,,20.01,,,24.57,,NORMAL,NORMAL,INSUFFICIENT,TURNAROUND,NORMAL,INSUFFICIENT,INSUFFICIENT,NORMAL,INSUFFICIENT,44.44
TATASTEEL,2020,0.84,12.49,1.6,3.71,0.47,1.58,0,1.94,Interest Bearing,0,110043.0,0.56,64.26,74.0,6157.0,17.18,High Quality,10.02,Capital Intensive,35.26,+,-,-,Shareholder Returns,7.58,0.04,,,,,,,,NORMAL,NORMAL,INSUFFICIENT,TURNAROUND,TURNAROUND,INSUFFICIENT,TURNAROUND,TURNAROUND,INSUFFICIENT,22.22
TATASTEEL,2021,5.24,19.52,11.03,14.18,3.36,1.19,0,4.03,Interest Bearing,0,77819.0,0.64,61.97,40.0,34890.0,5.41,High Quality,6.04,Moderate,114.38,+,-,-,Shareholder Returns,8.24,8.92,,-22.72,,,-20.63,,,NORMAL,NORMAL,INSUFFICIENT,NORMAL,TURNAROUND,INSUFFICIENT,NORMAL,INSUFFICIENT,INSUFFICIENT,33.33
TATASTEEL,2022,17.11,26.02,36.48,31.22,14.78,0.66,0,11.86,Interest Bearing,0,62421.0,0.86,93.73,16.0,33476.0,1.06,High Quality,4.47,Moderate,52.73,+,-,-,Shareholder Returns,15.66,16.79,,66.03,,,54.2,,,NORMAL,NORMAL,INSUFFICIENT,NORMAL,TURNAROUND,INSUFFICIENT,NORMAL,TURNAROUND,INSUFFICIENT,77.78
TATASTEEL,2023,3.32,13.27,7.83,14.67,2.83,0.82,0,5.38,Interest Bearing,0,76483.0,0.85,84.42,50.0,3504.0,2.69,High Quality,7.47,Moderate,10.85,+,-,-,Shareholder Returns,20.29,14.58,6.09,90.18,-14.57,,91.29,-10.22,,NORMAL,NORMAL,NORMAL,NORMAL,NORMAL,TURNAROUND,NORMAL,NORMAL,TURNAROUND,55.56
TATASTEEL,2024,-2.14,9.71,-5.33,4.88,-1.82,0.95,0,2.16,Interest Bearing,0,80824.0,0.85,73.81,-101.0,6048.0,4.13,High Quality,6.22,Moderate,27.18,+,-,-,Shareholder Returns,13.61,7.77,4.43,,,,,,,NORMAL,NORMAL,NORMAL,DECLINE_TO_LOSS,DECLINE_TO_LOSS,DECLINE_TO_LOSS,DECLINE_TO_LOSS,DECLINE_TO_LOSS,DECLINE_TO_LOSS,33.33
TATASTEEL,2024,-2.14,9.71,-5.45,4.61,-1.75,1.1,0,2.16,Interest Bearing,0,92921.0,0.82,72.29,-101.0,6048.0,4.13,High Quality,6.22,Moderate,27.18,+,-,-,Shareholder Returns,13.61,7.77,4.43,,,,,,,NORMAL,NORMAL,NORMAL,DECLINE_TO_LOSS,DECLINE_TO_LOSS,DECLINE_TO_LOSS,DECLINE_TO_LOSS,DECLINE_TO_LOSS,DECLINE_TO_LOSS,22.22
TCS,2013,22.35,28.64,36.52,49.31,27.1,0.01,0,400.38,Interest Bearing,0,-1565.0,1.21,196.66,31.0,5577.0,0.83,Moderate,9.59,Capital Intensive,30.91,+,-,-,Reinvestor,,,,,,,,,,INSUFFICIENT,INSUFFICIENT,INSUFFICIENT,INSUFFICIENT,INSUFFICIENT,INSUFFICIENT,INSUFFICIENT,INSUFFICIENT,INSUFFICIENT,55.56
TCS,2014,23.63,30.75,39.3,54.05,28.93,0.01,0,686.92,Interest Bearing,0,-3137.0,1.22,250.99,33.0,5299.0,0.76,Moderate,11.55,Capital Intensive,21.07,+,-,-,Reinvestor,,,,,,,,,,INSUFFICIENT,INSUFFICIENT,INSUFFICIENT,INSUFFICIENT,INSUFFICIENT,INSUFFICIENT,INSUFFICIENT,INSUFFICIENT,INSUFFICIENT,55.56
TCS,2015,21.19,25.87,39.62,55.1,27.36,0.01,0,271.17,Interest Bearing,0,-1304.0,1.29,258.34,78.0,17562.0,0.97,Moderate,1.91,Asset Light,71.73,+,-,-,Reinvestor,,,,,,,,,,INSUFFICIENT,INSUFFICIENT,INSUFFICIENT,INSUFFICIENT,INSUFFICIENT,INSUFFICIENT,INSUFFICIENT,INSUFFICIENT,INSUFFICIENT,55.56
TCS,2016,22.4,28.24,34.24,47.29,27.57,0.0,0,1023.06,Interest Bearing,0,-22577.0,1.23,360.77,35.0,14099.0,0.79,Moderate,4.61,Moderate,45.96,+,-,-,Reinvestor,19.93,,,20.02,,,19.87,,,NORMAL,INSUFFICIENT,INSUFFICIENT,NORMAL,INSUFFICIENT,INSUFFICIENT,NORMAL,INSUFFICIENT,INSUFFICIENT,55.56
TCS,2017,22.34,27.39,30.57,42.2,25.76,0.0,0,1141.62,Interest Bearing,0,-41691.0,1.15,437.63,35.0,8328.0,0.96,Moderate,14.32,Capital Intensive,25.77,+,-,-,Reinvestor,12.98,,,10.89,,,10.99,,,NORMAL,INSUFFICIENT,INSUFFICIENT,NORMAL,INSUFFICIENT,INSUFFICIENT,NORMAL,INSUFFICIENT,INSUFFICIENT,55.56
TCS,2018,21.02,26.41,30.4,42.29,24.62,0.0,0,695.35,Interest Bearing,0,-35761.0,1.17,445.7,37.0,28171.0,0.97,Moderate,2.52,Asset Light,86.64,+,+,-,Liquidating Assets,9.16,14.34,,8.86,12.95,,9.52,13.23,,NORMAL,NORMAL,INSUFFICIENT,NORMAL,NORMAL,INSUFFICIENT,NORMAL,NORMAL,INSUFFICIENT,88.89
TCS,2019,21.55,26.97,35.29,48.73,27.71,0.0,0,221.3,Interest Bearing,0,-29268.0,1.29,238.52,36.0,30238.0,0.91,Moderate,1.12,Asset Light,76.54,+,+,-,Liquidating Assets,10.47,12.35,,9.05,10.3,,10.65,11.38,,NORMAL,NORMAL,INSUFFICIENT,NORMAL,NORMAL,INSUFFICIENT,NORMAL,NORMAL,INSUFFICIENT,88.89
TCS,2020,20.67,26.83,38.57,49.6,27.01,0.1,0,50.54,Interest Bearing,0,-18182.0,1.31,224.34,85.0,41337.0,1.0,Moderate,5.71,Moderate,98.17,+,+,-,Liquidating Assets,9.99,10.64,,7.17,10.1,,8.68,11.02,,NORMAL,NORMAL,INSUFFICIENT,NORMAL,NORMAL,INSUFFICIENT,NORMAL,NORMAL,INSUFFICIENT,100.0
TCS,2021,19.83,28.35,37.67,50.75,25.05,0.09,0,76.08,Interest Bearing,0,-21578.0,1.26,233.6,43.0,30846.0,1.19,High Quality,4.85,Moderate,66.27,+,-,-,Shareholder Returns,10.07,8.61,,7.96,5.99,,9.51,7.26,,NORMAL,NORMAL,INSUFFICIENT,NORMAL,NORMAL,INSUFFICIENT,NORMAL,NORMAL,INSUFFICIENT,66.67
TCS,2022,20.05,27.67,43.13,58.06,27.28,0.09,0,72.8,Interest Bearing,0,-22667.0,1.36,243.55,41.0,39211.0,1.04,High Quality,0.38,Asset Light,73.9,+,-,-,Shareholder Returns,9.4,10.2,,6.8,7.84,,7.72,9.4,,NORMAL,NORMAL,INSUFFICIENT,NORMAL,NORMAL,INSUFFICIENT,NORMAL,NORMAL,INSUFFICIENT,77.78
TCS,2023,18.76,26.28,46.78,63.12,29.61,0.09,0,80.5,Interest Bearing,0,-29475.0,1.58,247.06,100.0,42513.0,0.99,Moderate,0.24,Asset Light,71.74,+,+,-,Liquidating Assets,12.83,12.86,13.6,9.24,10.33,11.63,10.17,11.41,12.32,NORMAL,NORMAL,NORMAL,NORMAL,NORMAL,NORMAL,NORMAL,NORMAL,NORMAL,88.89
TCS,2024,19.14,26.69,50.94,68.0,31.69,0.09,0,87.1,Interest Bearing,0,-23741.0,1.66,249.97,58.0,50429.0,0.96,Moderate,2.53,Asset Light,78.43,+,+,-,Liquidating Assets,13.63,10.46,11.4,12.29,7.87,9.08,13.01,8.62,9.99,NORMAL,NORMAL,NORMAL,NORMAL,NORMAL,NORMAL,NORMAL,NORMAL,NORMAL,66.67
TCS,2024,19.14,26.69,45.42,60.59,28.61,0.09,0,87.1,Interest Bearing,0,-27035.0,1.5,280.37,58.0,50429.0,0.96,Moderate,2.53,Asset Light,78.43,+,+,-,Liquidating Assets,13.63,10.46,11.4,12.29,7.87,9.08,13.01,8.62,9.99,NORMAL,NORMAL,NORMAL,NORMAL,NORMAL,NORMAL,NORMAL,NORMAL,NORMAL,66.67
TECHM,2013,19.02,20.69,24.09,17.31,14.55,0.25,0,12.44,Interest Bearing,0,-2719.0,0.77,42.39,5.0,233.0,0.65,Moderate,9.05,Capital Intensive,16.39,+,-,+,Mixed,,,,,,,,,,INSUFFICIENT,INSUFFICIENT,INSUFFICIENT,INSUFFICIENT,INSUFFICIENT,INSUFFICIENT,INSUFFICIENT,INSUFFICIENT,INSUFFICIENT,55.56
TECHM,2013,19.02,20.69,24.09,17.31,14.55,0.25,0,12.44,Interest Bearing,0,-2719.0,0.77,42.39,5.0,233.0,0.65,Moderate,9.05,Capital Intensive,16.39,+,-,+,Mixed,,,,,,,,,,INSUFFICIENT,INSUFFICIENT,INSUFFICIENT,INSUFFICIENT,INSUFFICIENT,INSUFFICIENT,INSUFFICIENT,INSUFFICIENT,INSUFFICIENT,55.56
TECHM,2014,16.29,22.19,33.35,45.43,19.21,0.04,0,55.2,Interest Bearing,0,-1109.0,1.18,39.24,15.0,1887.0,0.52,Moderate,1.55,Asset Light,45.23,+,+,-,Liquidating Assets,,,,,,,,,,INSUFFICIENT,INSUFFICIENT,INSUFFICIENT,INSUFFICIENT,INSUFFICIENT,INSUFFICIENT,INSUFFICIENT,INSUFFICIENT,INSUFFICIENT,55.56
TECHM,2014,16.29,22.19,33.35,45.43,19.21,0.04,0,55.2,Interest Bearing,0,-1109.0,1.18,39.24,15.0,1887.0,0.52,Moderate,1.55,Asset Light,45.23,+,+,-,Liquidating Assets,,,,,,,,,,INSUFFICIENT,INSUFFICIENT,INSUFFICIENT,INSUFFICIENT,INSUFFICIENT,INSUFFICIENT,INSUFFICIENT,INSUFFICIENT,INSUFFICIENT,55.56
TECHM,2015,11.75,18.54,21.71,32.67,13.4,0.06,0,62.3,Interest Bearing,0,-1403.0,1.14,25.52,22.0,583.0,0.92,Moderate,8.24,Capital Intensive,13.9,+,-,-,Reinvestor,,,,,,,,,,INSUFFICIENT,INSUFFICIENT,INSUFFICIENT,INSUFFICIENT,INSUFFICIENT,INSUFFICIENT,INSUFFICIENT,INSUFFICIENT,INSUFFICIENT,55.56
TECHM,2015,11.75,18.54,21.71,32.67,13.4,0.06,0,62.3,Interest Bearing,0,-1403.0,1.14,25.52,22.0,583.0,0.92,Moderate,8.24,Capital Intensive,13.9,+,-,-,Reinvestor,,,,,,,,,,INSUFFICIENT,INSUFFICIENT,INSUFFICIENT,INSUFFICIENT,INSUFFICIENT,INSUFFICIENT,INSUFFICIENT,INSUFFICIENT,INSUFFICIENT,55.56
TECHM,2016,11.43,16.08,20.75,29.44,13.44,0.07,0,48.59,Interest Bearing,0,-206.0,1.18,33.47,35.0,1684.0,1.04,High Quality,5.48,Moderate,39.53,+,-,-,Shareholder Returns,56.8,,,32.31,,,7.43,,,NORMAL,INSUFFICIENT,INSUFFICIENT,NORMAL,INSUFFICIENT,INSUFFICIENT,NORMAL,INSUFFICIENT,INSUFFICIENT,66.67
TECHM,2016,11.43,16.08,20.75,29.44,13.44,0.07,0,48.59,Interest Bearing,0,-206.0,1.18,33.47,35.0,1684.0,1.04,High Quality,5.48,Moderate,39.53,+,-,-,Shareholder Returns,56.8,,,32.31,,,7.43,,,NORMAL,INSUFFICIENT,INSUFFICIENT,NORMAL,INSUFFICIENT,INSUFFICIENT,NORMAL,INSUFFICIENT,INSUFFICIENT,66.67
TECHM,2017,9.78,14.36,17.35,27.13,10.94,0.08,0,38.44,Interest Bearing,0,-1030.0,1.12,37.44,28.0,1178.0,1.43,High Quality,9.93,Capital Intensive,28.15,+,-,-,Shareholder Returns,15.73,,,-2.35,,,-3.23,,,NORMAL,INSUFFICIENT,INSUFFICIENT,NORMAL,INSUFFICIENT,INSUFFICIENT,NORMAL,INSUFFICIENT,INSUFFICIENT,66.67
TECHM,2017,9.78,14.36,17.35,27.13,10.94,0.08,0,38.44,Interest Bearing,0,-1030.0,1.12,37.44,28.0,1178.0,1.43,High Quality,9.93,Capital Intensive,28.15,+,-,-,Shareholder Returns,15.73,,,-2.35,,,-3.23,,,NORMAL,INSUFFICIENT,INSUFFICIENT,NORMAL,INSUFFICIENT,INSUFFICIENT,NORMAL,INSUFFICIENT,INSUFFICIENT,66.67
TECHM,2018,12.3,15.31,20.09,28.08,12.44,0.13,0,37.82,Interest Bearing,0,-2444.0,1.01,42.63,33.0,235.0,0.94,Moderate,10.79,Capital Intensive,4.99,+,-,-,Reinvestor,10.8,34.96,,12.5,23.7,,13.04,9.3,,NORMAL,NORMAL,INSUFFICIENT,NORMAL,NORMAL,INSUFFICIENT,NORMAL,NORMAL,INSUFFICIENT,77.78
TECHM,2018,12.3,15.31,20.09,28.08,12.44,0.13,0,37.82,Interest Bearing,0,-2444.0,1.01,42.63,33.0,235.0,0.94,Moderate,10.79,Capital Intensive,4.99,+,-,-,Reinvestor,10.8,34.96,,12.5,23.7,,13.04,9.3,,NORMAL,NORMAL,INSUFFICIENT,NORMAL,NORMAL,INSUFFICIENT,NORMAL,NORMAL,INSUFFICIENT,77.78
TECHM,2019,12.35,18.05,21.14,29.94,12.82,0.1,0,51.17,Interest Bearing,0,-5346.0,1.04,45.69,29.0,2328.0,1.03,High Quality,6.06,Moderate,37.12,+,-,-,Shareholder Returns,9.46,13.07,,12.32,6.97,,12.38,6.58,,NORMAL,NORMAL,INSUFFICIENT,NORMAL,NORMAL,INSUFFICIENT,NORMAL,NORMAL,INSUFFICIENT,77.78
TECHM,2019,12.35,18.05,21.14,29.94,12.82,0.1,0,51.17,Interest Bearing,0,-5346.0,1.04,45.69,29.0,2328.0,1.03,High Quality,6.06,Moderate,37.12,+,-,-,Shareholder Returns,9.46,13.07,,12.32,6.97,,12.38,6.58,,NORMAL,NORMAL,INSUFFICIENT,NORMAL,NORMAL,INSUFFICIENT,NORMAL,NORMAL,INSUFFICIENT,77.78
TECHM,2020,10.57,14.93,17.87,25.52,10.44,0.17,0,34.87,Interest Bearing,0,-2178.0,0.99,50.03,32.0,5439.0,1.12,High Quality,2.93,Asset Light,98.84,+,+,-,Liquidating Assets,8.16,10.26,,10.98,7.94,,13.14,9.24,,NORMAL,NORMAL,INSUFFICIENT,NORMAL,NORMAL,INSUFFICIENT,NORMAL,NORMAL,INSUFFICIENT,77.78
TECHM,2020,10.57,14.93,17.87,25.52,10.44,0.17,0,34.87,Interest Bearing,0,-2178.0,0.99,50.03,32.0,5439.0,1.12,High Quality,2.93,Asset Light,98.84,+,+,-,Liquidating Assets,8.16,10.26,,10.98,7.94,,13.14,9.24,,NORMAL,NORMAL,INSUFFICIENT,NORMAL,NORMAL,INSUFFICIENT,NORMAL,NORMAL,INSUFFICIENT,77.78
TECHM,2021,11.5,17.95,17.51,26.69,10.99,0.12,0,43.59,Interest Bearing,0,-7337.0,0.96,56.9,89.0,2661.0,1.86,High Quality,14.35,Capital Intensive,39.16,+,-,-,Shareholder Returns,7.15,7.4,,4.76,7.54,,5.66,8.21,,NORMAL,NORMAL,INSUFFICIENT,NORMAL,NORMAL,INSUFFICIENT,NORMAL,NORMAL,INSUFFICIENT,66.67
TECHM,2021,11.5,17.95,17.51,26.69,10.99,0.12,0,43.59,Interest Bearing,0,-7337.0,0.96,56.9,89.0,2661.0,1.86,High Quality,14.35,Capital Intensive,39.16,+,-,-,Shareholder Returns,7.15,7.4,,4.76,7.54,,5.66,8.21,,NORMAL,NORMAL,INSUFFICIENT,NORMAL,NORMAL,INSUFFICIENT,NORMAL,NORMAL,INSUFFICIENT,66.67
TECHM,2022,12.61,17.96,20.94,30.41,12.68,0.1,0,56.04,Interest Bearing,0,-2266.0,1.01,61.24,47.0,5765.0,0.94,Moderate,1.08,Asset Light,71.88,+,+,-,Liquidating Assets,8.72,8.91,,9.49,14.58,,9.01,14.47,,NORMAL,NORMAL,INSUFFICIENT,NORMAL,NORMAL,INSUFFICIENT,NORMAL,NORMAL,INSUFFICIENT,77.78
TECHM,2022,12.61,17.96,20.94,30.41,12.68,0.1,0,56.04,Interest Bearing,0,-2266.0,1.01,61.24,47.0,5765.0,0.94,Moderate,1.08,Asset Light,71.88,+,+,-,Liquidating Assets,8.72,8.91,,9.49,14.58,,9.01,14.47,,NORMAL,NORMAL,INSUFFICIENT,NORMAL,NORMAL,INSUFFICIENT,NORMAL,NORMAL,INSUFFICIENT,77.78
TECHM,2023,9.11,14.57,17.39,27.4,10.6,0.1,0,26.77,Interest Bearing,0,-648.0,1.16,63.46,91.0,5346.0,1.15,High Quality,0.42,Asset Light,68.87,+,-,-,Shareholder Returns,13.07,11.61,22.73,7.62,5.11,14.03,5.98,5.09,7.18,NORMAL,NORMAL,NORMAL,NORMAL,NORMAL,NORMAL,NORMAL,NORMAL,NORMAL,77.78
TECHM,2023,9.11,14.57,17.39,27.4,10.6,0.1,0,26.77,Interest Bearing,0,-648.0,1.16,63.46,91.0,5346.0,1.15,High Quality,0.42,Asset Light,68.87,+,-,-,Shareholder Returns,13.07,11.61,22.73,7.62,5.11,14.03,5.98,5.09,7.18,NORMAL,NORMAL,NORMAL,NORMAL,NORMAL,NORMAL,NORMAL,NORMAL,NORMAL,77.78
TECHM,2024,4.61,8.67,8.99,17.26,5.56,0.1,0,13.86,Interest Bearing,0,-701.0,1.21,60.47,150.0,5058.0,2.66,High Quality,2.53,Asset Light,112.25,+,-,-,Shareholder Returns,11.16,8.4,10.71,-18.04,-10.99,-2.42,-19.5,-11.42,-2.84,NORMAL,NORMAL,NORMAL,NORMAL,NORMAL,NORMAL,NORMAL,NORMAL,NORMAL,55.56
TECHM,2024,4.61,8.67,9.06,17.7,5.6,0.08,0,13.86,Interest Bearing,0,-277.0,1.21,59.83,150.0,5058.0,2.66,High Quality,2.53,Asset Light,112.25,+,-,-,Shareholder Returns,11.16,8.4,10.71,-18.04,-10.99,-2.42,-19.5,-11.42,-2.84,NORMAL,NORMAL,NORMAL,NORMAL,NORMAL,NORMAL,NORMAL,NORMAL,NORMAL,55.56
TECHM,2024,4.61,8.67,8.99,17.26,5.56,0.1,0,13.86,Interest Bearing,0,-701.0,1.21,60.47,150.0,5058.0,2.66,High Quality,2.53,Asset Light,112.25,+,-,-,Shareholder Returns,11.16,8.4,10.71,-18.04,-10.99,-2.42,-19.5,-11.42,-2.84,NORMAL,NORMAL,NORMAL,NORMAL,NORMAL,NORMAL,NORMAL,NORMAL,NORMAL,55.56
TECHM,2024,4.61,8.67,9.06,17.7,5.6,0.08,0,13.86,Interest Bearing,0,-277.0,1.21,59.83,150.0,5058.0,2.66,High Quality,2.53,Asset Light,112.25,+,-,-,Shareholder Returns,11.16,8.4,10.71,-18.04,-10.99,-2.42,-19.5,-11.42,-2.84,NORMAL,NORMAL,NORMAL,NORMAL,NORMAL,NORMAL,NORMAL,NORMAL,NORMAL,55.56
TITAN,2013,7.16,10.02,36.8,53.91,12.32,0.0,0,21.82,Interest Bearing,0,-3.0,1.72,22.13,26.0,411.0,0.76,Moderate,1.4,Asset Light,40.53,+,-,-,Reinvestor,,,,,,,,,,INSUFFICIENT,INSUFFICIENT,INSUFFICIENT,INSUFFICIENT,INSUFFICIENT,INSUFFICIENT,INSUFFICIENT,INSUFFICIENT,INSUFFICIENT,55.56
TITAN,2014,6.73,9.58,29.13,32.34,12.03,0.32,0,13.38,Interest Bearing,0,804.0,1.79,28.35,25.0,-826.0,0.76,Moderate,2.48,Asset Light,-78.89,-,-,+,Growth Funded by Debt,,,,,,,,,,INSUFFICIENT,INSUFFICIENT,INSUFFICIENT,INSUFFICIENT,INSUFFICIENT,INSUFFICIENT,INSUFFICIENT,INSUFFICIENT,INSUFFICIENT,44.44
TITAN,2015,6.85,9.68,26.46,35.77,13.91,0.03,0,15.06,Interest Bearing,0,97.0,2.03,34.65,25.0,385.0,0.62,Moderate,0.99,Asset Light,33.39,+,-,-,Reinvestor,,,,,,,,,,INSUFFICIENT,INSUFFICIENT,INSUFFICIENT,INSUFFICIENT,INSUFFICIENT,INSUFFICIENT,INSUFFICIENT,INSUFFICIENT,INSUFFICIENT,55.56
TITAN,2016,5.99,8.33,19.25,26.69,10.64,0.03,0,24.0,Interest Bearing,0,83.0,1.78,39.4,29.0,417.0,0.85,Moderate,1.41,Asset Light,44.41,+,-,-,Reinvestor,3.66,,,-2.35,,,0.0,,,NORMAL,INSUFFICIENT,INSUFFICIENT,NORMAL,INSUFFICIENT,INSUFFICIENT,NORMAL,INSUFFICIENT,INSUFFICIENT,55.56
TITAN,2017,5.26,8.78,16.47,17.73,8.29,0.44,0,29.53,Interest Bearing,0,1451.0,1.58,47.56,32.0,759.0,2.46,High Quality,7.19,Moderate,65.21,+,-,-,Shareholder Returns,6.67,,,-1.75,,,0.0,,,NORMAL,INSUFFICIENT,INSUFFICIENT,NORMAL,INSUFFICIENT,INSUFFICIENT,NORMAL,INSUFFICIENT,INSUFFICIENT,66.67
TITAN,2018,6.84,10.2,21.65,24.49,11.57,0.33,0,32.34,Interest Bearing,0,1655.0,1.69,57.19,29.0,47.0,0.05,Accrual Risk,0.61,Asset Light,2.86,-,+,-,Unknown,10.61,9.75,,10.53,8.73,,13.04,10.2,,NORMAL,NORMAL,INSUFFICIENT,NORMAL,NORMAL,INSUFFICIENT,NORMAL,NORMAL,INSUFFICIENT,66.67
TITAN,2019,7.02,10.08,22.88,25.04,11.86,0.39,0,40.98,Interest Bearing,0,2285.0,1.69,68.2,32.0,446.0,0.89,Moderate,4.03,Moderate,22.37,+,-,-,Reinvestor,20.6,12.6,,27.19,13.58,,25.99,14.87,,NORMAL,NORMAL,INSUFFICIENT,NORMAL,NORMAL,INSUFFICIENT,NORMAL,NORMAL,INSUFFICIENT,88.89
TITAN,2020,7.09,11.7,22.39,23.95,11.02,0.53,0,15.76,Interest Bearing,0,3404.0,1.55,74.93,24.0,-113.0,0.23,Accrual Risk,1.12,Asset Light,-4.59,-,+,-,Unknown,16.66,12.06,,28.91,12.84,,28.56,13.56,,NORMAL,NORMAL,INSUFFICIENT,NORMAL,NORMAL,INSUFFICIENT,NORMAL,NORMAL,INSUFFICIENT,77.78
TITAN,2021,4.5,7.97,12.99,12.96,5.92,0.75,0,9.38,Interest Bearing,0,2814.0,1.32,84.24,37.0,1340.0,4.25,High Quality,12.93,Capital Intensive,77.68,+,-,-,Shareholder Returns,10.32,13.93,,-4.03,7.61,,-5.42,6.58,,NORMAL,NORMAL,INSUFFICIENT,NORMAL,NORMAL,INSUFFICIENT,NORMAL,NORMAL,INSUFFICIENT,55.56
TITAN,2022,7.63,11.61,23.63,19.92,10.37,0.78,0,16.15,Interest Bearing,0,6981.0,1.36,104.53,31.0,441.0,0.33,Accrual Risk,4.05,Moderate,13.19,-,+,-,Unknown,13.34,16.78,,16.53,25.82,,14.47,24.57,,NORMAL,NORMAL,INSUFFICIENT,NORMAL,NORMAL,INSUFFICIENT,NORMAL,NORMAL,INSUFFICIENT,88.89
TITAN,2023,8.07,12.03,27.63,23.04,12.12,0.79,0,17.29,Interest Bearing,0,6852.0,1.5,133.16,27.0,-444.0,0.42,Accrual Risk,4.47,Moderate,-9.09,+,-,+,Mixed,24.45,20.28,14.89,29.92,24.33,16.27,29.59,23.27,16.55,NORMAL,NORMAL,NORMAL,NORMAL,NORMAL,NORMAL,NORMAL,NORMAL,NORMAL,77.78
TITAN,2024,6.84,10.36,37.22,20.89,11.08,1.65,0,9.41,Interest Bearing,0,13183.0,1.62,105.54,28.0,1506.0,0.48,Accrual Risk,0.37,Asset Light,28.46,+,-,-,Reinvestor,33.14,20.9,16.68,53.11,20.27,16.88,52.48,19.51,17.16,NORMAL,NORMAL,NORMAL,NORMAL,NORMAL,NORMAL,NORMAL,NORMAL,NORMAL,77.78
TITAN,2024,6.84,10.36,35.91,16.59,9.0,2.22,1,9.41,Interest Bearing,0,19113.0,1.32,109.39,28.0,1506.0,0.48,Accrual Risk,0.37,Asset Light,28.46,+,-,-,Reinvestor,33.14,20.9,16.68,53.11,20.27,16.88,52.48,19.51,17.16,NORMAL,NORMAL,NORMAL,NORMAL,NORMAL,NORMAL,NORMAL,NORMAL,NORMAL,77.78
TORNTPHARM,2013,13.58,21.76,30.59,31.39,11.59,0.49,0,20.53,Interest Bearing,0,633.0,0.85,33.86,45.0,-94.0,0.35,Accrual Risk,7.71,Moderate,-13.49,+,-,+,Mixed,,,,,,,,,,INSUFFICIENT,INSUFFICIENT,INSUFFICIENT,INSUFFICIENT,INSUFFICIENT,INSUFFICIENT,INSUFFICIENT,INSUFFICIENT,INSUFFICIENT,44.44
TORNTPHARM,2014,15.92,22.89,34.89,30.64,13.22,0.59,0,16.76,Interest Bearing,0,946.0,0.83,22.39,25.0,181.0,0.9,Moderate,10.02,Capital Intensive,18.95,+,-,+,Mixed,,,,,,,,,,INSUFFICIENT,INSUFFICIENT,INSUFFICIENT,INSUFFICIENT,INSUFFICIENT,INSUFFICIENT,INSUFFICIENT,INSUFFICIENT,INSUFFICIENT,55.56
TORNTPHARM,2015,16.2,22.0,30.15,21.62,9.6,1.1,0,7.46,Interest Bearing,0,2442.0,0.59,29.31,25.0,-1303.0,1.08,High Quality,45.58,Capital Intensive,-127.75,+,-,+,Mixed,,,,,,,,,,INSUFFICIENT,INSUFFICIENT,INSUFFICIENT,INSUFFICIENT,INSUFFICIENT,INSUFFICIENT,INSUFFICIENT,INSUFFICIENT,INSUFFICIENT,44.44
TORNTPHARM,2016,25.92,40.87,49.6,44.15,19.5,0.67,0,15.03,Interest Bearing,0,1572.0,0.75,41.11,34.0,1873.0,1.58,High Quality,13.0,Capital Intensive,68.53,+,-,-,Shareholder Returns,27.81,,,58.53,,,57.72,,,NORMAL,INSUFFICIENT,INSUFFICIENT,NORMAL,INSUFFICIENT,INSUFFICIENT,NORMAL,INSUFFICIENT,INSUFFICIENT,66.67
TORNTPHARM,2017,16.06,23.68,21.47,20.32,9.73,0.58,0,7.77,Interest Bearing,0,1706.0,0.61,51.19,25.0,211.0,1.08,High Quality,13.72,Capital Intensive,15.32,+,-,-,Shareholder Returns,11.71,,,12.05,,,11.87,,,NORMAL,INSUFFICIENT,INSUFFICIENT,NORMAL,INSUFFICIENT,INSUFFICIENT,NORMAL,INSUFFICIENT,INSUFFICIENT,66.67
TORNTPHARM,2018,11.39,22.67,14.67,12.09,4.76,1.4,0,5.35,Interest Bearing,0,5970.0,0.42,54.39,35.0,-3783.0,1.32,High Quality,78.61,Capital Intensive,-280.43,+,-,+,Mixed,8.67,13.19,,-3.35,9.28,,-3.13,9.0,,NORMAL,NORMAL,INSUFFICIENT,NORMAL,NORMAL,INSUFFICIENT,NORMAL,NORMAL,INSUFFICIENT,33.33
TORNTPHARM,2019,5.68,25.84,9.23,10.95,3.09,1.28,0,3.34,Interest Bearing,0,5685.0,0.54,55.59,66.0,1552.0,4.12,High Quality,3.21,Moderate,78.27,+,-,-,Shareholder Returns,4.69,12.96,,-36.87,-8.07,,-36.59,-8.25,,NORMAL,NORMAL,INSUFFICIENT,NORMAL,NORMAL,INSUFFICIENT,NORMAL,NORMAL,INSUFFICIENT,44.44
TORNTPHARM,2020,12.91,27.33,21.25,17.35,7.32,1.2,0,5.08,Interest Bearing,0,5782.0,0.57,56.75,53.0,1622.0,1.36,High Quality,2.88,Asset Light,74.75,+,+,-,Liquidating Assets,10.93,11.36,,3.15,6.42,,2.33,6.4,,NORMAL,NORMAL,INSUFFICIENT,NORMAL,NORMAL,INSUFFICIENT,NORMAL,NORMAL,INSUFFICIENT,66.67
TORNTPHARM,2021,15.64,30.98,21.45,20.39,8.9,0.83,0,7.19,Interest Bearing,0,4693.0,0.57,68.68,47.0,1561.0,1.6,High Quality,5.55,Moderate,62.94,+,-,-,Shareholder Returns,10.39,3.66,,22.69,-6.3,,22.76,-6.22,,NORMAL,NORMAL,INSUFFICIENT,NORMAL,NORMAL,INSUFFICIENT,NORMAL,NORMAL,INSUFFICIENT,66.67
TORNTPHARM,2022,9.13,28.57,13.05,18.84,6.02,0.68,0,8.4,Interest Bearing,0,3844.0,0.66,70.04,105.0,1607.0,2.32,High Quality,2.3,Asset Light,66.1,+,-,-,Shareholder Returns,3.5,7.9,,21.24,-3.61,,20.95,-3.86,,NORMAL,NORMAL,INSUFFICIENT,NORMAL,NORMAL,INSUFFICIENT,NORMAL,NORMAL,INSUFFICIENT,55.56
TORNTPHARM,2023,12.94,29.54,20.09,22.08,8.52,0.87,0,8.67,Interest Bearing,0,5170.0,0.66,36.67,60.0,33.0,1.9,High Quality,24.27,Capital Intensive,1.16,+,-,+,Mixed,6.61,10.09,11.63,6.7,12.92,11.09,7.24,13.09,11.03,NORMAL,NORMAL,NORMAL,NORMAL,NORMAL,NORMAL,NORMAL,NORMAL,NORMAL,100.0
TORNTPHARM,2024,15.44,31.39,24.15,29.05,11.42,0.59,0,9.93,Interest Bearing,0,3849.0,0.74,40.57,57.0,3106.0,1.97,High Quality,1.49,Asset Light,92.22,+,-,-,Shareholder Returns,10.25,6.93,9.9,9.77,30.59,9.57,9.82,30.39,9.37,NORMAL,NORMAL,NORMAL,NORMAL,NORMAL,NORMAL,NORMAL,NORMAL,NORMAL,88.89
TORNTPHARM,2024,15.44,31.39,22.07,29.72,10.98,0.42,0,9.93,Interest Bearing,0,3001.0,0.71,44.4,57.0,3106.0,1.97,High Quality,1.49,Asset Light,92.22,+,-,-,Shareholder Returns,10.25,6.93,9.9,9.77,30.59,9.57,9.82,30.39,9.37,NORMAL,NORMAL,NORMAL,NORMAL,NORMAL,NORMAL,NORMAL,NORMAL,NORMAL,88.89
TRENT,2013,-1.27,0.23,-2.19,2.16,-1.22,0.28,0,2.17,Interest Bearing,0,26.0,0.97,37.3,-87.0,-245.0,1.15,High Quality,12.95,Capital Intensive,-4900.0,+,-,+,Mixed,,,,,,,,,,INSUFFICIENT,INSUFFICIENT,INSUFFICIENT,INSUFFICIENT,INSUFFICIENT,INSUFFICIENT,INSUFFICIENT,INSUFFICIENT,INSUFFICIENT,22.22
TRENT,2014,-0.81,-0.43,-1.92,4.16,-0.98,0.34,0,3.12,Interest Bearing,0,32.0,1.21,30.03,-125.0,-94.0,2.42,High Quality,2.06,Asset Light,940.0,-,-,-,Pre-Revenue,,,,,,,,,,INSUFFICIENT,INSUFFICIENT,INSUFFICIENT,INSUFFICIENT,INSUFFICIENT,INSUFFICIENT,INSUFFICIENT,INSUFFICIENT,INSUFFICIENT,33.33
TRENT,2015,5.65,3.85,9.07,16.22,5.85,0.19,0,13.45,Interest Bearing,0,-473.0,1.03,43.09,26.0,-316.0,0.08,Accrual Risk,13.4,Capital Intensive,-359.09,-,-,+,Growth Funded by Debt,,,,,,,,,,INSUFFICIENT,INSUFFICIENT,INSUFFICIENT,INSUFFICIENT,INSUFFICIENT,INSUFFICIENT,INSUFFICIENT,INSUFFICIENT,INSUFFICIENT,33.33
TRENT,2016,3.26,5.34,3.76,6.87,2.55,0.27,0,3.67,Interest Bearing,0,-667.0,0.78,44.36,54.0,11.0,1.98,High Quality,5.81,Moderate,12.22,+,-,-,Shareholder Returns,-7.53,,,,,,,,,NORMAL,INSUFFICIENT,INSUFFICIENT,TURNAROUND,INSUFFICIENT,INSUFFICIENT,TURNAROUND,INSUFFICIENT,INSUFFICIENT,44.44
TRENT,2017,4.69,7.4,5.49,8.72,3.83,0.25,0,4.67,Interest Bearing,0,-688.0,0.82,46.88,39.0,58.0,1.2,High Quality,2.43,Asset Light,43.28,+,-,-,Shareholder Returns,-8.08,,,,,,,,,NORMAL,INSUFFICIENT,INSUFFICIENT,TURNAROUND,INSUFFICIENT,INSUFFICIENT,TURNAROUND,INSUFFICIENT,INSUFFICIENT,44.44
TRENT,2018,4.03,9.64,5.45,9.62,3.72,0.25,0,5.34,Interest Bearing,0,-632.0,0.92,48.33,44.0,73.0,0.89,Moderate,0.19,Asset Light,35.1,+,-,-,Reinvestor,-1.89,0.23,,-12.3,,,-9.14,,,NORMAL,NORMAL,INSUFFICIENT,NORMAL,TURNAROUND,INSUFFICIENT,NORMAL,TURNAROUND,INSUFFICIENT,33.33
TRENT,2019,3.61,9.16,5.77,10.28,3.71,0.3,0,5.31,Interest Bearing,0,-389.0,1.03,49.88,45.0,-16.0,0.22,Accrual Risk,1.41,Asset Light,-6.64,+,-,+,Mixed,15.98,2.43,,19.98,,,14.47,,,NORMAL,NORMAL,INSUFFICIENT,NORMAL,TURNAROUND,INSUFFICIENT,NORMAL,TURNAROUND,INSUFFICIENT,22.22
TRENT,2020,3.04,15.17,4.44,15.36,1.92,0.13,0,2.57,Interest Bearing,0,-1215.0,0.63,66.33,29.0,-448.0,3.41,High Quality,23.21,Capital Intensive,-84.69,+,-,+,Mixed,24.37,8.82,,7.64,-3.85,,0.0,-5.59,,NORMAL,NORMAL,INSUFFICIENT,NORMAL,NORMAL,INSUFFICIENT,NORMAL,NORMAL,INSUFFICIENT,33.33
TRENT,2021,-6.98,4.4,-7.83,1.99,-3.16,0.13,0,1.2,Interest Bearing,1,-1187.0,0.45,64.25,-15.0,303.0,1.57,High Quality,0.69,Asset Light,265.79,+,+,-,Liquidating Assets,6.33,8.99,,,,,,,,NORMAL,NORMAL,INSUFFICIENT,DECLINE_TO_LOSS,DECLINE_TO_LOSS,INSUFFICIENT,DECLINE_TO_LOSS,DECLINE_TO_LOSS,INSUFFICIENT,33.33
TRENT,2022,0.78,13.23,1.48,5.95,0.45,2.0,0,2.3,Interest Bearing,0,3441.0,0.58,65.67,57.0,114.0,1.66,High Quality,1.24,Asset Light,19.16,+,+,-,Liquidating Assets,19.59,19.94,,-28.31,-16.26,,0.0,0.0,,NORMAL,NORMAL,INSUFFICIENT,NORMAL,NORMAL,INSUFFICIENT,NORMAL,NORMAL,INSUFFICIENT,33.33
TRENT,2023,4.78,13.52,15.18,14.82,4.88,1.72,0,3.56,Interest Bearing,0,3354.0,1.02,72.11,18.0,492.0,1.51,High Quality,1.25,Asset Light,44.17,+,-,-,Shareholder Returns,33.22,30.75,14.48,54.9,35.27,,63.03,34.08,,NORMAL,NORMAL,NORMAL,NORMAL,NORMAL,TURNAROUND,NORMAL,NORMAL,TURNAROUND,77.78
TRENT,2024,11.94,15.93,36.31,44.53,20.62,0.43,0,8.04,Interest Bearing,0,337.0,1.73,113.0,8.0,841.0,0.91,Moderate,4.11,Moderate,42.67,+,-,-,Reinvestor,68.36,36.31,18.16,,73.11,,,69.52,,NORMAL,NORMAL,NORMAL,TURNAROUND,NORMAL,TURNAROUND,TURNAROUND,NORMAL,TURNAROUND,88.89
TRENT,2024,11.94,15.93,31.56,39.74,17.85,0.39,0,8.04,Interest Bearing,0,325.0,1.5,130.0,8.0,841.0,0.91,Moderate,4.11,Moderate,42.67,+,-,-,Reinvestor,68.36,36.31,18.16,,73.11,,,69.52,,NORMAL,NORMAL,NORMAL,TURNAROUND,NORMAL,TURNAROUND,TURNAROUND,NORMAL,TURNAROUND,88.89
TVSMOTOR,2013,2.64,5.83,22.02,23.64,5.86,1.19,0,5.51,Interest Bearing,0,720.0,2.22,18.73,30.0,344.0,2.34,High Quality,1.6,Asset Light,78.54,+,-,-,Shareholder Returns,,,,,,,,,,INSUFFICIENT,INSUFFICIENT,INSUFFICIENT,INSUFFICIENT,INSUFFICIENT,INSUFFICIENT,INSUFFICIENT,INSUFFICIENT,INSUFFICIENT,55.56
TVSMOTOR,2014,2.23,5.87,16.11,24.14,5.15,0.63,0,6.7,Interest Bearing,0,289.0,2.31,24.19,37.0,235.0,2.51,High Quality,2.8,Asset Light,47.76,+,-,-,Shareholder Returns,,,,,,,,,,INSUFFICIENT,INSUFFICIENT,INSUFFICIENT,INSUFFICIENT,INSUFFICIENT,INSUFFICIENT,INSUFFICIENT,INSUFFICIENT,INSUFFICIENT,66.67
TVSMOTOR,2015,3.2,5.9,24.75,25.49,7.18,0.84,0,11.05,Interest Bearing,0,580.0,2.24,27.6,28.0,-332.0,0.25,Accrual Risk,4.05,Moderate,-54.88,+,-,+,Mixed,,,,,,,,,,INSUFFICIENT,INSUFFICIENT,INSUFFICIENT,INSUFFICIENT,INSUFFICIENT,INSUFFICIENT,INSUFFICIENT,INSUFFICIENT,INSUFFICIENT,44.44
TVSMOTOR,2016,3.77,7.2,23.58,28.93,8.34,0.6,0,13.03,Interest Bearing,0,148.0,2.21,37.9,28.0,331.0,2.18,High Quality,5.32,Moderate,40.42,+,-,-,Shareholder Returns,14.85,,,29.4,,,31.04,,,NORMAL,INSUFFICIENT,INSUFFICIENT,NORMAL,INSUFFICIENT,INSUFFICIENT,NORMAL,INSUFFICIENT,INSUFFICIENT,66.67
TVSMOTOR,2017,4.08,6.99,22.96,27.61,8.31,0.59,0,17.23,Interest Bearing,0,156.0,2.03,46.19,23.0,-20.0,1.35,High Quality,5.69,Moderate,-2.3,+,-,-,Shareholder Returns,14.13,,,39.62,,,40.1,,,NORMAL,INSUFFICIENT,INSUFFICIENT,NORMAL,INSUFFICIENT,INSUFFICIENT,NORMAL,INSUFFICIENT,INSUFFICIENT,55.56
TVSMOTOR,2018,4.07,9.61,24.83,13.57,5.04,2.59,1,4.86,Interest Bearing,0,6507.0,1.24,55.79,24.0,-741.0,0.53,Moderate,6.7,Moderate,-47.17,+,-,+,Mixed,16.8,16.82,,26.57,27.42,,25.99,28.47,,NORMAL,NORMAL,INSUFFICIENT,NORMAL,NORMAL,INSUFFICIENT,NORMAL,NORMAL,INSUFFICIENT,55.56
TVSMOTOR,2019,3.6,10.73,22.86,12.23,4.34,2.93,1,3.3,Interest Bearing,0,8858.0,1.21,66.06,24.0,-2022.0,1.27,High Quality,5.48,Moderate,-93.48,-,-,+,Growth Funded by Debt,21.01,19.18,,19.11,31.13,,18.56,30.26,,NORMAL,NORMAL,INSUFFICIENT,NORMAL,NORMAL,INSUFFICIENT,NORMAL,NORMAL,INSUFFICIENT,66.67
TVSMOTOR,2020,3.43,12.01,19.71,9.55,3.36,3.53,1,2.66,Interest Bearing,0,11220.0,0.98,68.4,27.0,-717.0,0.58,Moderate,5.78,Moderate,-31.67,+,-,+,Mixed,14.79,12.94,,8.33,14.55,,5.73,13.18,,NORMAL,NORMAL,INSUFFICIENT,NORMAL,NORMAL,INSUFFICIENT,NORMAL,NORMAL,INSUFFICIENT,44.44
TVSMOTOR,2021,3.13,11.49,15.89,8.67,2.78,3.18,1,2.57,Interest Bearing,0,11711.0,0.89,79.73,28.0,269.0,1.89,High Quality,4.54,Moderate,12.05,+,-,+,Mixed,5.93,11.29,,-2.94,7.22,,-2.44,7.63,,NORMAL,NORMAL,INSUFFICIENT,NORMAL,NORMAL,INSUFFICIENT,NORMAL,NORMAL,INSUFFICIENT,44.44
TVSMOTOR,2022,3.0,11.31,16.61,8.95,2.72,3.6,1,2.93,Interest Bearing,0,15222.0,0.9,91.67,24.0,-3046.0,2.15,High Quality,6.04,Moderate,-110.56,-,-,+,Growth Funded by Debt,6.5,14.34,,0.28,7.51,,2.17,7.78,,NORMAL,NORMAL,INSUFFICIENT,NORMAL,NORMAL,INSUFFICIENT,NORMAL,NORMAL,INSUFFICIENT,33.33
TVSMOTOR,2023,4.09,12.59,23.78,10.02,3.74,4.06,1,3.04,Interest Bearing,0,21409.0,0.91,114.69,18.0,-5713.0,3.37,High Quality,4.09,Moderate,-141.87,-,-,+,Growth Funded by Debt,19.26,14.37,15.59,26.48,14.5,20.79,29.14,14.87,21.48,NORMAL,NORMAL,NORMAL,NORMAL,NORMAL,NORMAL,NORMAL,NORMAL,NORMAL,66.67
TVSMOTOR,2024,4.54,14.05,26.22,11.22,4.23,3.83,1,2.91,Interest Bearing,0,24883.0,0.93,141.33,23.0,-2254.0,0.7,Moderate,2.56,Asset Light,-40.98,-,-,+,Growth Funded by Debt,26.32,14.19,16.66,43.03,19.67,25.27,40.43,19.14,24.57,NORMAL,NORMAL,NORMAL,NORMAL,NORMAL,NORMAL,NORMAL,NORMAL,NORMAL,44.44
TVSMOTOR,2024,4.54,14.05,22.93,16.44,3.96,1.88,0,2.91,Interest Bearing,0,13453.0,0.87,161.67,23.0,-2254.0,0.7,Moderate,2.56,Asset Light,-40.98,-,-,+,Growth Funded by Debt,26.32,14.19,16.66,43.03,19.67,25.27,40.43,19.14,24.57,NORMAL,NORMAL,NORMAL,NORMAL,NORMAL,NORMAL,NORMAL,NORMAL,NORMAL,55.56
ULTRACEMCO,2013,13.1,23.59,17.65,21.67,9.09,0.48,0,20.41,Interest Bearing,0,2633.0,0.69,55.58,9.0,-744.0,1.35,High Quality,21.26,Capital Intensive,-15.38,+,-,+,Mixed,,,,,,,,,,INSUFFICIENT,INSUFFICIENT,INSUFFICIENT,INSUFFICIENT,INSUFFICIENT,INSUFFICIENT,INSUFFICIENT,INSUFFICIENT,INSUFFICIENT,55.56
ULTRACEMCO,2014,10.68,19.46,12.88,16.3,6.88,0.43,0,12.07,Interest Bearing,0,2470.0,0.64,62.71,11.0,1113.0,1.56,High Quality,11.3,Capital Intensive,27.58,+,-,-,Shareholder Returns,,,,,,,,,,INSUFFICIENT,INSUFFICIENT,INSUFFICIENT,INSUFFICIENT,INSUFFICIENT,INSUFFICIENT,INSUFFICIENT,INSUFFICIENT,INSUFFICIENT,55.56
ULTRACEMCO,2015,9.02,18.99,11.04,14.51,5.52,0.52,0,8.13,Interest Bearing,0,5329.0,0.61,69.49,12.0,2046.0,1.99,High Quality,9.2,Capital Intensive,46.24,+,-,-,Shareholder Returns,,,,,,,,,,INSUFFICIENT,INSUFFICIENT,INSUFFICIENT,INSUFFICIENT,INSUFFICIENT,INSUFFICIENT,INSUFFICIENT,INSUFFICIENT,INSUFFICIENT,44.44
ULTRACEMCO,2016,9.86,19.48,11.3,14.74,6.02,0.48,0,9.48,Interest Bearing,0,5521.0,0.61,80.09,11.0,853.0,1.82,High Quality,14.6,Capital Intensive,17.4,+,-,-,Shareholder Returns,7.03,,,-2.65,,,-2.8,,,NORMAL,INSUFFICIENT,INSUFFICIENT,NORMAL,INSUFFICIENT,INSUFFICIENT,NORMAL,INSUFFICIENT,INSUFFICIENT,44.44
ULTRACEMCO,2017,10.7,20.54,11.13,15.88,6.43,0.35,0,9.16,Interest Bearing,0,1783.0,0.6,88.7,10.0,2504.0,1.84,High Quality,9.86,Capital Intensive,48.04,+,-,-,Shareholder Returns,6.97,,,7.04,,,7.36,,,NORMAL,INSUFFICIENT,INSUFFICIENT,NORMAL,INSUFFICIENT,INSUFFICIENT,NORMAL,INSUFFICIENT,INSUFFICIENT,55.56
ULTRACEMCO,2018,7.18,19.84,8.43,11.23,3.89,0.74,0,5.16,Interest Bearing,0,14033.0,0.54,95.93,13.0,5754.0,1.75,High Quality,6.02,Moderate,93.64,+,+,-,Liquidating Assets,9.95,8.59,,1.9,-3.72,,2.15,-3.74,,NORMAL,NORMAL,INSUFFICIENT,NORMAL,NORMAL,INSUFFICIENT,NORMAL,NORMAL,INSUFFICIENT,44.44
ULTRACEMCO,2019,5.79,17.72,7.11,10.02,3.14,0.75,0,4.33,Interest Bearing,0,22416.0,0.54,122.73,13.0,7121.0,2.48,High Quality,2.81,Asset Light,96.92,+,+,-,Liquidating Assets,18.13,14.87,,-1.09,1.64,,-0.75,1.92,,NORMAL,NORMAL,INSUFFICIENT,NORMAL,NORMAL,INSUFFICIENT,NORMAL,NORMAL,INSUFFICIENT,55.56
ULTRACEMCO,2020,13.55,21.79,14.73,12.74,7.26,0.59,0,4.97,Interest Bearing,0,17090.0,0.54,135.1,7.0,4780.0,1.56,High Quality,9.88,Capital Intensive,51.7,+,-,-,Shareholder Returns,18.69,12.73,,28.44,22.3,,26.2,21.23,,NORMAL,NORMAL,INSUFFICIENT,NORMAL,NORMAL,INSUFFICIENT,NORMAL,NORMAL,INSUFFICIENT,77.78
ULTRACEMCO,2021,12.21,25.86,12.36,16.24,6.34,0.49,0,8.2,Interest Bearing,0,9541.0,0.52,152.85,20.0,3644.0,2.29,High Quality,19.8,Capital Intensive,31.5,+,-,-,Shareholder Returns,13.02,12.2,,34.92,17.11,,32.64,16.0,,NORMAL,NORMAL,INSUFFICIENT,NORMAL,NORMAL,INSUFFICIENT,NORMAL,NORMAL,INSUFFICIENT,88.89
ULTRACEMCO,2022,13.94,21.89,14.54,18.2,8.75,0.22,0,12.89,Interest Bearing,0,4963.0,0.63,174.52,15.0,11540.0,1.27,High Quality,4.29,Moderate,100.23,+,+,-,Liquidating Assets,8.25,15.69,,45.11,22.0,,42.38,20.74,,NORMAL,NORMAL,INSUFFICIENT,NORMAL,NORMAL,INSUFFICIENT,NORMAL,NORMAL,INSUFFICIENT,88.89
ULTRACEMCO,2023,8.02,16.79,9.34,15.76,5.55,0.2,0,13.52,Interest Bearing,0,3761.0,0.69,187.98,22.0,1881.0,1.79,High Quality,11.37,Capital Intensive,17.71,+,-,-,Shareholder Returns,14.23,15.34,11.92,-4.1,17.93,6.56,-4.19,16.66,5.97,NORMAL,NORMAL,NORMAL,NORMAL,NORMAL,NORMAL,NORMAL,NORMAL,NORMAL,88.89
ULTRACEMCO,2024,9.88,18.29,11.63,17.55,6.95,0.19,0,13.98,Interest Bearing,0,3154.0,0.7,208.4,29.0,2109.0,1.56,High Quality,12.39,Capital Intensive,16.26,+,-,-,Shareholder Returns,16.6,11.33,13.09,8.64,23.89,12.21,8.74,22.53,11.75,NORMAL,NORMAL,NORMAL,NORMAL,NORMAL,NORMAL,NORMAL,NORMAL,NORMAL,88.89
ULTRACEMCO,2024,9.88,18.29,11.41,16.05,6.51,0.28,0,13.98,Interest Bearing,0,9385.0,0.66,212.34,29.0,2109.0,1.56,High Quality,12.39,Capital Intensive,16.26,+,-,-,Shareholder Returns,16.6,11.33,13.09,8.64,23.89,12.21,8.74,22.53,11.75,NORMAL,NORMAL,NORMAL,NORMAL,NORMAL,NORMAL,NORMAL,NORMAL,NORMAL,88.89
UNIONBANK,2013,8.53,1.29,12.39,-4.72,0.69,16.61,1,0.18,Interest Bearing,1,205781.0,0.08,29.01,22.0,-4588.0,1.98,High Quality,1.36,Asset Light,-1411.69,-,-,+,Growth Funded by Debt,,,,,,,,,,INSUFFICIENT,INSUFFICIENT,INSUFFICIENT,INSUFFICIENT,INSUFFICIENT,INSUFFICIENT,INSUFFICIENT,INSUFFICIENT,INSUFFICIENT,11.11
UNIONBANK,2014,5.74,-3.07,9.05,-5.56,0.48,17.55,1,0.1,Interest Bearing,1,232442.0,0.08,29.58,15.0,2207.0,1.52,High Quality,1.23,Asset Light,-244.68,+,-,+,Mixed,,,,,,,,,,INSUFFICIENT,INSUFFICIENT,INSUFFICIENT,INSUFFICIENT,INSUFFICIENT,INSUFFICIENT,INSUFFICIENT,INSUFFICIENT,INSUFFICIENT,22.22
UNIONBANK,2015,5.51,-3.03,8.9,-5.54,0.46,17.72,1,0.13,Interest Bearing,1,266800.0,0.08,31.29,22.0,-3885.0,2.01,High Quality,0.99,Asset Light,399.28,-,-,+,Growth Funded by Debt,,,,,,,,,,INSUFFICIENT,INSUFFICIENT,INSUFFICIENT,INSUFFICIENT,INSUFFICIENT,INSUFFICIENT,INSUFFICIENT,INSUFFICIENT,INSUFFICIENT,11.11
UNIONBANK,2016,4.17,-5.97,5.84,-5.5,0.33,16.26,1,0.08,Interest Bearing,1,284181.0,0.08,33.55,10.0,72.0,0.06,Accrual Risk,0.03,Asset Light,-3.73,+,-,-,Reinvestor,8.69,,,-14.38,,,-17.79,,,NORMAL,INSUFFICIENT,INSUFFICIENT,NORMAL,INSUFFICIENT,INSUFFICIENT,NORMAL,INSUFFICIENT,INSUFFICIENT,11.11
UNIONBANK,2017,1.75,-14.72,2.38,-5.24,0.13,17.37,1,0.03,Interest Bearing,1,304979.0,0.07,35.07,0.0,-6904.0,11.56,High Quality,0.85,Asset Light,142.94,-,-,+,Growth Funded by Debt,3.74,,,-30.23,,,-33.33,,,NORMAL,INSUFFICIENT,INSUFFICIENT,NORMAL,INSUFFICIENT,INSUFFICIENT,NORMAL,INSUFFICIENT,INSUFFICIENT,11.11
UNIONBANK,2018,-15.82,-35.51,-20.64,-6.17,-1.06,18.06,1,-0.27,Interest Bearing,1,330484.0,0.07,21.6,0.0,5782.0,1.17,High Quality,0.96,Asset Light,-49.42,+,-,+,Mixed,0.81,5.54,,,,,,,,NORMAL,NORMAL,INSUFFICIENT,DECLINE_TO_LOSS,DECLINE_TO_LOSS,INSUFFICIENT,DECLINE_TO_LOSS,DECLINE_TO_LOSS,INSUFFICIENT,22.22
UNIONBANK,2019,-8.52,-25.07,-10.89,-5.63,-0.59,17.17,1,-0.15,Interest Bearing,1,332389.0,0.07,15.22,0.0,-8075.0,2.66,High Quality,0.87,Asset Light,93.88,-,-,+,Growth Funded by Debt,2.02,3.14,,,,,,,,NORMAL,NORMAL,INSUFFICIENT,DECLINE_TO_LOSS,DECLINE_TO_LOSS,INSUFFICIENT,DECLINE_TO_LOSS,DECLINE_TO_LOSS,INSUFFICIENT,11.11
UNIONBANK,2020,-8.33,-25.41,-9.18,-5.48,-0.56,14.86,1,-0.14,Interest Bearing,1,350899.0,0.07,9.93,0.0,-81.0,0.02,Accrual Risk,0.01,Asset Light,0.85,-,-,+,Growth Funded by Debt,4.53,3.11,,,,,,,,NORMAL,NORMAL,INSUFFICIENT,DECLINE_TO_LOSS,DECLINE_TO_LOSS,INSUFFICIENT,DECLINE_TO_LOSS,DECLINE_TO_LOSS,INSUFFICIENT,0.0
UNIONBANK,2021,4.13,-15.97,4.42,-3.92,0.26,15.1,1,0.07,Interest Bearing,1,638517.0,0.06,10.1,0.0,19926.0,7.17,High Quality,0.87,Asset Light,-179.98,+,-,-,Shareholder Returns,28.13,16.49,,,16.28,,,-27.52,,NORMAL,NORMAL,INSUFFICIENT,TURNAROUND,NORMAL,INSUFFICIENT,TURNAROUND,NORMAL,INSUFFICIENT,44.44
UNIONBANK,2022,7.72,-6.17,7.43,-2.67,0.44,15.32,1,0.23,Interest Bearing,1,733774.0,0.06,10.37,25.0,35781.0,6.9,High Quality,0.82,Asset Light,-849.3,+,-,-,Shareholder Returns,25.75,15.76,,,55.83,,,0.0,,NORMAL,NORMAL,INSUFFICIENT,TURNAROUND,NORMAL,INSUFFICIENT,TURNAROUND,NORMAL,INSUFFICIENT,44.44
UNIONBANK,2023,10.49,-3.73,10.8,-2.83,0.66,14.76,1,0.27,Interest Bearing,1,819332.0,0.06,11.53,24.0,3495.0,0.71,Moderate,3.16,Moderate,-115.58,+,-,-,Reinvestor,29.38,19.76,12.42,,,14.77,,,-10.4,NORMAL,NORMAL,NORMAL,TURNAROUND,TURNAROUND,NORMAL,TURNAROUND,TURNAROUND,NORMAL,22.22
UNIONBANK,2024,13.75,4.57,14.14,-3.04,0.98,12.82,1,0.35,Interest Bearing,1,907615.0,0.07,12.78,20.0,18536.0,1.44,High Quality,1.39,Asset Light,403.83,+,-,-,Shareholder Returns,13.14,23.95,13.07,68.91,,23.39,65.1,,-3.97,NORMAL,NORMAL,NORMAL,NORMAL,TURNAROUND,NORMAL,NORMAL,TURNAROUND,NORMAL,33.33
UNITDSPR,2013,-1.01,10.51,-2.19,1.93,-0.64,1.72,0,1.26,Interest Bearing,1,8024.0,0.63,37.99,-31.0,848.0,18.75,High Quality,10.8,Capital Intensive,77.73,+,-,-,Shareholder Returns,,,,,,,,,,INSUFFICIENT,INSUFFICIENT,INSUFFICIENT,INSUFFICIENT,INSUFFICIENT,INSUFFICIENT,INSUFFICIENT,INSUFFICIENT,INSUFFICIENT,22.22
UNITDSPR,2014,-42.72,-32.05,-148.05,-35.36,-30.21,2.74,1,-2.03,Interest Bearing,1,8069.0,0.71,20.91,0.0,-804.0,0.12,Accrual Risk,2.4,Asset Light,23.87,-,-,+,Growth Funded by Debt,,,,,,,,,,INSUFFICIENT,INSUFFICIENT,INSUFFICIENT,INSUFFICIENT,INSUFFICIENT,INSUFFICIENT,INSUFFICIENT,INSUFFICIENT,INSUFFICIENT,0.0
UNITDSPR,2015,-18.23,-3.96,-255.99,-25.03,-21.38,7.57,1,-1.06,Interest Bearing,1,4771.0,1.17,4.54,0.0,3659.0,0.12,Accrual Risk,41.66,Capital Intensive,-999.73,-,+,-,Unknown,,,,,,,,,,INSUFFICIENT,INSUFFICIENT,INSUFFICIENT,INSUFFICIENT,INSUFFICIENT,INSUFFICIENT,INSUFFICIENT,INSUFFICIENT,INSUFFICIENT,11.11
UNITDSPR,2016,1.68,3.92,8.75,8.92,1.72,2.6,1,2.15,Interest Bearing,0,4165.0,1.02,11.27,0.0,1016.0,1.98,High Quality,8.63,Capital Intensive,305.11,+,+,-,Liquidating Assets,-6.46,,,,,,,,,NORMAL,INSUFFICIENT,INSUFFICIENT,TURNAROUND,INSUFFICIENT,INSUFFICIENT,TURNAROUND,INSUFFICIENT,INSUFFICIENT,22.22
UNITDSPR,2017,1.05,11.24,5.21,5.92,1.05,2.32,1,1.94,Interest Bearing,0,4144.0,0.99,12.31,0.0,420.0,6.96,High Quality,2.57,Asset Light,42.38,+,-,-,Shareholder Returns,-5.68,,,,,,,,,NORMAL,INSUFFICIENT,INSUFFICIENT,TURNAROUND,INSUFFICIENT,INSUFFICIENT,TURNAROUND,INSUFFICIENT,INSUFFICIENT,22.22
UNITDSPR,2018,7.59,14.07,26.95,18.89,7.3,1.41,0,4.97,Interest Bearing,0,3421.0,0.96,16.68,0.0,1029.0,1.42,High Quality,1.21,Asset Light,85.11,+,+,-,Liquidating Assets,-2.45,-3.71,,,,,,,,NORMAL,NORMAL,INSUFFICIENT,TURNAROUND,TURNAROUND,INSUFFICIENT,TURNAROUND,TURNAROUND,INSUFFICIENT,55.56
UNITDSPR,2019,7.32,14.92,22.14,20.54,7.51,0.93,0,6.18,Interest Bearing,0,2858.0,1.03,21.31,0.0,882.0,1.39,High Quality,0.71,Asset Light,63.27,+,-,-,Shareholder Returns,3.22,-2.33,,68.49,,,71.0,,,NORMAL,NORMAL,INSUFFICIENT,NORMAL,TURNAROUND,INSUFFICIENT,NORMAL,TURNAROUND,INSUFFICIENT,66.67
UNITDSPR,2020,6.66,16.83,16.66,22.96,7.02,0.69,0,7.82,Interest Bearing,0,2548.0,1.05,25.71,0.0,589.0,1.26,High Quality,2.08,Asset Light,37.54,+,-,-,Shareholder Returns,1.88,0.15,,88.31,,,108.01,,,NORMAL,NORMAL,INSUFFICIENT,NORMAL,TURNAROUND,INSUFFICIENT,NORMAL,TURNAROUND,INSUFFICIENT,66.67
UNITDSPR,2021,4.45,12.93,8.79,16.25,4.25,0.25,0,5.46,Interest Bearing,0,1037.0,0.96,28.41,0.0,1719.0,5.02,High Quality,1.22,Asset Light,163.56,+,-,-,Shareholder Returns,-1.82,-0.87,,-17.81,20.41,,-17.79,20.11,,NORMAL,NORMAL,INSUFFICIENT,NORMAL,NORMAL,INSUFFICIENT,NORMAL,NORMAL,INSUFFICIENT,77.78
UNITDSPR,2022,8.35,16.42,16.37,25.01,9.15,0.12,0,16.8,Interest Bearing,0,383.0,1.1,34.16,0.0,664.0,1.2,High Quality,3.22,Moderate,41.63,+,-,-,Shareholder Returns,1.31,1.95,,5.84,54.21,,3.23,61.54,,NORMAL,NORMAL,INSUFFICIENT,NORMAL,NORMAL,INSUFFICIENT,NORMAL,NORMAL,INSUFFICIENT,88.89
UNITDSPR,2023,10.61,13.35,18.77,25.27,11.59,0.03,0,16.02,Interest Bearing,0,-103.0,1.09,41.37,0.0,560.0,0.55,Moderate,0.52,Asset Light,39.52,+,-,-,Reinvestor,4.4,4.32,0.22,21.94,11.55,,21.14,12.2,,NORMAL,NORMAL,NORMAL,NORMAL,NORMAL,TURNAROUND,NORMAL,NORMAL,TURNAROUND,77.78
UNITDSPR,2024,12.44,17.67,19.77,28.87,12.6,0.04,0,29.05,Interest Bearing,0,-380.0,1.01,49.11,46.0,1344.0,0.79,Moderate,2.0,Asset Light,67.2,+,+,-,Liquidating Assets,11.66,3.92,0.75,57.26,15.53,,56.05,13.7,,NORMAL,NORMAL,NORMAL,NORMAL,NORMAL,TURNAROUND,NORMAL,NORMAL,TURNAROUND,77.78
UNITDSPR,2024,12.44,17.67,18.45,26.16,11.78,0.07,0,29.05,Interest Bearing,0,-301.0,0.95,52.63,46.0,1344.0,0.79,Moderate,2.0,Asset Light,67.2,+,+,-,Liquidating Assets,11.66,3.92,0.75,57.26,15.53,,56.05,13.7,,NORMAL,NORMAL,NORMAL,NORMAL,NORMAL,TURNAROUND,NORMAL,NORMAL,TURNAROUND,77.78
VEDL,2013,82.94,16.92,13.05,0.1,9.9,0.28,0,1.05,Interest Bearing,1,-11220.0,0.12,200.86,0.0,-289.0,0.01,Accrual Risk,11.31,Capital Intensive,-62.15,+,-,+,Mixed,,,,,,,,,,INSUFFICIENT,INSUFFICIENT,INSUFFICIENT,INSUFFICIENT,INSUFFICIENT,INSUFFICIENT,INSUFFICIENT,INSUFFICIENT,INSUFFICIENT,11.11
VEDL,2014,17.26,29.62,15.64,10.66,5.33,1.1,0,4.21,Interest Bearing,0,42656.0,0.31,246.65,15.0,12711.0,1.37,High Quality,4.37,Moderate,64.87,+,-,-,Shareholder Returns,,,,,,,,,,INSUFFICIENT,INSUFFICIENT,INSUFFICIENT,INSUFFICIENT,INSUFFICIENT,INSUFFICIENT,INSUFFICIENT,INSUFFICIENT,INSUFFICIENT,44.44
VEDL,2015,-15.42,30.0,-21.1,-2.1,-5.97,1.44,0,0.51,Interest Bearing,1,38146.0,0.39,182.01,-8.0,13672.0,1.57,High Quality,5.61,Moderate,61.83,+,-,-,Shareholder Returns,,,,,,,,,,INSUFFICIENT,INSUFFICIENT,INSUFFICIENT,INSUFFICIENT,INSUFFICIENT,INSUFFICIENT,INSUFFICIENT,INSUFFICIENT,INSUFFICIENT,22.22
VEDL,2016,-27.8,-28.76,-40.56,-17.86,-9.3,1.54,0,-2.46,Interest Bearing,1,14392.0,0.33,148.78,-8.0,12509.0,1.14,High Quality,12.24,Capital Intensive,-67.69,+,-,-,Shareholder Returns,185.93,,,,,,,,,NORMAL,INSUFFICIENT,INSUFFICIENT,DECLINE_TO_LOSS,INSUFFICIENT,INSUFFICIENT,DECLINE_TO_LOSS,INSUFFICIENT,INSUFFICIENT,22.22
VEDL,2017,15.67,29.6,18.73,15.11,5.75,1.18,0,4.41,Interest Bearing,0,24607.0,0.37,203.45,83.0,20764.0,1.6,High Quality,3.71,Moderate,97.14,+,+,-,Liquidating Assets,2.97,,,-0.31,,,3.08,,,NORMAL,INSUFFICIENT,INSUFFICIENT,NORMAL,INSUFFICIENT,INSUFFICIENT,NORMAL,INSUFFICIENT,INSUFFICIENT,55.56
VEDL,2018,14.9,27.08,21.63,21.28,7.59,0.92,0,6.06,Interest Bearing,0,29459.0,0.51,170.19,76.0,32846.0,1.27,High Quality,16.85,Capital Intensive,132.03,+,+,-,Liquidating Assets,7.62,101.74,,,43.12,,,1.49,,NORMAL,NORMAL,INSUFFICIENT,TURNAROUND,NORMAL,INSUFFICIENT,TURNAROUND,NORMAL,INSUFFICIENT,88.89
VEDL,2019,10.54,25.17,15.57,16.92,4.88,1.06,0,4.82,Interest Bearing,0,33161.0,0.46,167.47,99.0,13160.0,2.45,High Quality,11.51,Capital Intensive,56.8,+,-,-,Shareholder Returns,12.72,6.83,,,-3.22,,,-1.98,,NORMAL,NORMAL,INSUFFICIENT,TURNAROUND,NORMAL,INSUFFICIENT,TURNAROUND,NORMAL,INSUFFICIENT,55.56
VEDL,2020,-5.62,24.56,-8.68,0.73,-2.62,1.08,0,1.17,Interest Bearing,1,34434.0,0.47,146.87,-22.0,13375.0,4.07,High Quality,7.02,Moderate,64.48,+,-,-,Shareholder Returns,5.35,2.76,,,,,,,,NORMAL,NORMAL,INSUFFICIENT,DECLINE_TO_LOSS,BOTH_NEGATIVE,INSUFFICIENT,DECLINE_TO_LOSS,BOTH_NEGATIVE,INSUFFICIENT,22.22
VEDL,2021,17.08,31.04,24.14,20.72,8.19,0.93,0,5.77,Interest Bearing,0,41009.0,0.48,167.41,30.0,17302.0,1.6,High Quality,7.59,Moderate,63.34,+,-,-,Shareholder Returns,-1.42,6.49,,3.16,,,3.45,,,NORMAL,NORMAL,INSUFFICIENT,NORMAL,TURNAROUND,INSUFFICIENT,NORMAL,TURNAROUND,INSUFFICIENT,66.67
VEDL,2022,17.86,33.77,36.26,35.19,12.22,0.82,0,9.73,Interest Bearing,0,36292.0,0.68,175.76,89.0,32720.0,1.47,High Quality,1.69,Asset Light,73.0,+,-,-,Shareholder Returns,12.98,12.94,,34.72,15.94,,38.98,17.27,,NORMAL,NORMAL,INSUFFICIENT,NORMAL,NORMAL,INSUFFICIENT,NORMAL,NORMAL,INSUFFICIENT,100.0
VEDL,2023,9.85,23.37,36.79,25.75,7.66,2.04,1,5.95,Interest Bearing,0,67179.0,0.78,105.98,357.0,32397.0,2.28,High Quality,0.45,Asset Light,94.09,+,-,-,Shareholder Returns,20.38,9.9,48.9,,1.16,20.32,,0.0,0.74,NORMAL,NORMAL,NORMAL,TURNAROUND,NORMAL,NORMAL,TURNAROUND,NORMAL,NORMAL,55.56
VEDL,2024,5.25,24.57,24.54,26.25,4.01,2.85,1,4.28,Interest Bearing,0,75837.0,0.76,82.59,259.0,21978.0,4.73,High Quality,9.52,Capital Intensive,62.24,+,-,-,Shareholder Returns,17.76,9.32,8.07,-20.55,-4.91,-4.07,-29.2,-10.35,-6.26,NORMAL,NORMAL,NORMAL,NORMAL,NORMAL,NORMAL,NORMAL,NORMAL,NORMAL,55.56
VEDL,2024,5.25,24.57,20.11,26.5,3.67,2.13,1,4.28,Interest Bearing,0,66985.0,0.7,95.88,259.0,21978.0,4.73,High Quality,9.52,Capital Intensive,62.24,+,-,-,Shareholder Returns,17.76,9.32,8.07,-20.55,-4.91,-4.07,-29.2,-10.35,-6.26,NORMAL,NORMAL,NORMAL,NORMAL,NORMAL,NORMAL,NORMAL,NORMAL,NORMAL,55.56
WIPRO,2013,16.52,20.46,23.27,26.74,14.17,0.24,0,31.48,Interest Bearing,0,-384.0,0.86,53.99,28.0,1858.0,1.03,High Quality,12.12,Capital Intensive,24.27,+,-,-,Shareholder Returns,,,,,,,,,,INSUFFICIENT,INSUFFICIENT,INSUFFICIENT,INSUFFICIENT,INSUFFICIENT,INSUFFICIENT,INSUFFICIENT,INSUFFICIENT,INSUFFICIENT,66.67
WIPRO,2014,18.4,22.19,24.87,29.97,16.13,0.16,0,30.17,Interest Bearing,0,-987.0,0.88,65.17,25.0,6506.0,0.85,Moderate,0.65,Asset Light,67.52,+,-,-,Reinvestor,,,,,,,,,,INSUFFICIENT,INSUFFICIENT,INSUFFICIENT,INSUFFICIENT,INSUFFICIENT,INSUFFICIENT,INSUFFICIENT,INSUFFICIENT,INSUFFICIENT,55.56
WIPRO,2015,18.56,21.94,23.49,27.56,14.93,0.21,0,36.43,Interest Bearing,0,2359.0,0.8,75.09,34.0,5303.0,0.9,Moderate,5.4,Moderate,51.49,+,-,-,Reinvestor,,,,,,,,,,INSUFFICIENT,INSUFFICIENT,INSUFFICIENT,INSUFFICIENT,INSUFFICIENT,INSUFFICIENT,INSUFFICIENT,INSUFFICIENT,INSUFFICIENT,55.56
WIPRO,2016,17.48,21.07,19.41,22.14,12.51,0.27,0,24.28,Interest Bearing,0,-8393.0,0.72,93.41,17.0,-5874.0,0.88,Moderate,26.85,Capital Intensive,-54.41,+,-,-,Reinvestor,11.04,,,13.16,,,11.87,,,NORMAL,INSUFFICIENT,INSUFFICIENT,NORMAL,INSUFFICIENT,INSUFFICIENT,NORMAL,INSUFFICIENT,INSUFFICIENT,44.44
WIPRO,2017,15.36,20.42,16.49,20.25,10.83,0.28,0,23.47,Interest Bearing,0,-15672.0,0.7,106.32,6.0,-2493.0,1.09,High Quality,21.23,Capital Intensive,-22.02,+,-,-,Shareholder Returns,8.49,,,2.15,,,5.27,,,NORMAL,INSUFFICIENT,INSUFFICIENT,NORMAL,INSUFFICIENT,INSUFFICIENT,NORMAL,INSUFFICIENT,INSUFFICIENT,55.56
WIPRO,2018,14.69,19.06,16.7,19.98,10.62,0.29,0,22.19,Interest Bearing,0,-11896.0,0.72,52.96,6.0,12018.0,1.05,High Quality,6.6,Moderate,115.7,+,+,-,Liquidating Assets,5.09,7.8,,-2.8,5.3,,0.0,6.96,,NORMAL,NORMAL,INSUFFICIENT,NORMAL,NORMAL,INSUFFICIENT,NORMAL,NORMAL,INSUFFICIENT,66.67
WIPRO,2019,15.28,19.68,15.98,20.32,10.92,0.18,0,19.28,Interest Bearing,0,-12940.0,0.71,46.75,7.0,16697.0,1.29,High Quality,8.58,Capital Intensive,143.78,+,+,-,Liquidating Assets,4.82,6.33,,0.23,2.45,,0.0,3.13,,NORMAL,NORMAL,INSUFFICIENT,NORMAL,NORMAL,INSUFFICIENT,NORMAL,NORMAL,INSUFFICIENT,66.67
WIPRO,2020,15.98,20.19,17.66,22.04,12.06,0.18,0,20.56,Interest Bearing,0,-10308.0,0.75,48.4,6.0,13657.0,1.03,High Quality,5.88,Moderate,110.65,+,+,-,Liquidating Assets,3.31,5.42,,4.68,2.32,,8.74,5.15,,NORMAL,NORMAL,INSUFFICIENT,NORMAL,NORMAL,INSUFFICIENT,NORMAL,NORMAL,INSUFFICIENT,66.67
WIPRO,2021,17.55,23.85,19.8,25.5,13.16,0.19,0,33.74,Interest Bearing,0,-8324.0,0.75,50.09,5.0,15440.0,1.36,High Quality,1.11,Asset Light,104.53,+,+,-,Liquidating Assets,4.36,3.86,,10.74,3.94,,12.62,7.39,,NORMAL,NORMAL,INSUFFICIENT,NORMAL,NORMAL,INSUFFICIENT,NORMAL,NORMAL,INSUFFICIENT,66.67
WIPRO,2022,15.44,21.04,18.72,21.95,11.41,0.27,0,35.25,Interest Bearing,0,-8561.0,0.74,59.67,27.0,-11241.0,0.91,Moderate,28.14,Capital Intensive,-67.38,+,-,+,Mixed,10.35,7.42,,10.73,7.53,,16.26,9.46,,NORMAL,NORMAL,INSUFFICIENT,NORMAL,NORMAL,INSUFFICIENT,NORMAL,NORMAL,INSUFFICIENT,44.44
WIPRO,2023,12.56,18.61,14.63,19.03,9.72,0.22,0,18.96,Interest Bearing,0,-15606.0,0.77,70.74,5.0,4891.0,1.15,High Quality,9.03,Capital Intensive,29.05,+,-,-,Shareholder Returns,13.96,10.68,9.23,5.17,7.27,6.28,3.57,7.39,7.18,NORMAL,NORMAL,NORMAL,NORMAL,NORMAL,NORMAL,NORMAL,NORMAL,NORMAL,66.67
WIPRO,2024,12.38,18.66,14.91,19.92,9.7,0.22,0,15.44,Interest Bearing,0,-16919.0,0.78,71.32,5.0,18766.0,1.59,High Quality,1.27,Asset Light,112.02,+,+,-,Liquidating Assets,13.17,8.75,7.53,0.74,4.26,3.35,3.23,9.46,6.25,NORMAL,NORMAL,NORMAL,NORMAL,NORMAL,NORMAL,NORMAL,NORMAL,NORMAL,55.56
WIPRO,2024,12.38,18.66,13.66,18.01,8.85,0.24,0,15.44,Interest Bearing,0,-24688.0,0.71,77.8,5.0,18766.0,1.59,High Quality,1.27,Asset Light,112.02,+,+,-,Liquidating Assets,13.17,8.75,7.53,0.74,4.26,3.35,3.23,9.46,6.25,NORMAL,NORMAL,NORMAL,NORMAL,NORMAL,NORMAL,NORMAL,NORMAL,NORMAL,55.56
ZOMATO,2020,-91.59,-88.48,-522.1,-294.0,-82.28,0.71,0,-176.08,Interest Bearing,1,2.0,0.9,,0.0,-404.0,0.9,Moderate,66.79,Capital Intensive,17.53,-,+,+,Distress Signal,,,,,,,,,,INSUFFICIENT,INSUFFICIENT,INSUFFICIENT,INSUFFICIENT,INSUFFICIENT,INSUFFICIENT,INSUFFICIENT,INSUFFICIENT,INSUFFICIENT,11.11
ZOMATO,2021,-40.92,-23.42,-10.68,-8.29,-9.38,0.07,0,-66.7,Interest Bearing,1,-1678.0,0.23,,0.0,-6263.0,1.25,High Quality,263.04,Capital Intensive,1341.11,-,-,+,Growth Funded by Debt,,,,,,,,,,INSUFFICIENT,INSUFFICIENT,INSUFFICIENT,INSUFFICIENT,INSUFFICIENT,INSUFFICIENT,INSUFFICIENT,INSUFFICIENT,INSUFFICIENT,22.22
ZOMATO,2022,-29.15,-44.16,-7.4,-6.46,-7.05,0.0,0,-88.17,Interest Bearing,1,-4648.0,0.24,21.6,0.0,-8664.0,0.57,Moderate,190.15,Capital Intensive,468.07,-,-,+,Growth Funded by Debt,,,,,,,,,,INSUFFICIENT,INSUFFICIENT,INSUFFICIENT,INSUFFICIENT,INSUFFICIENT,INSUFFICIENT,INSUFFICIENT,INSUFFICIENT,INSUFFICIENT,11.11
ZOMATO,2023,-13.72,-17.11,-4.99,-2.89,-4.5,0.03,0,-10.8,Interest Bearing,1,-6258.0,0.33,23.28,0.0,-47.0,0.87,Moderate,11.26,Capital Intensive,3.88,-,+,-,Unknown,39.55,,,,,,,,,NORMAL,INSUFFICIENT,INSUFFICIENT,BOTH_NEGATIVE,INSUFFICIENT,INSUFFICIENT,BOTH_NEGATIVE,INSUFFICIENT,INSUFFICIENT,11.11
ZOMATO,2024,2.9,0.35,1.72,3.86,1.5,0.04,0,12.35,Interest Bearing,0,-10896.0,0.52,23.52,0.0,298.0,1.84,High Quality,2.87,Asset Light,693.02,+,-,-,Shareholder Returns,82.47,,,,,,,,,NORMAL,INSUFFICIENT,INSUFFICIENT,TURNAROUND,INSUFFICIENT,INSUFFICIENT,NORMAL,INSUFFICIENT,INSUFFICIENT,44.44
ZOMATO,2024,2.9,0.35,1.65,3.63,1.39,0.05,0,12.35,Interest Bearing,0,-10549.0,0.48,24.45,0.0,298.0,1.84,High Quality,2.87,Asset Light,693.02,+,-,-,Shareholder Returns,82.47,,,,,,,,,NORMAL,INSUFFICIENT,INSUFFICIENT,TURNAROUND,INSUFFICIENT,INSUFFICIENT,NORMAL,INSUFFICIENT,INSUFFICIENT,44.44
ZYDUSLIFE,2013,10.85,17.77,23.44,16.94,9.36,0.99,0,6.88,Interest Bearing,0,2804.0,0.86,28.86,24.0,-79.0,0.87,Moderate,10.73,Capital Intensive,-6.99,+,-,+,Mixed,,,,,,,,,,INSUFFICIENT,INSUFFICIENT,INSUFFICIENT,INSUFFICIENT,INSUFFICIENT,INSUFFICIENT,INSUFFICIENT,INSUFFICIENT,INSUFFICIENT,44.44
ZYDUSLIFE,2014,11.57,16.65,24.31,18.62,10.47,0.79,0,13.7,Interest Bearing,0,2613.0,0.9,33.72,23.0,465.0,1.08,High Quality,6.06,Moderate,38.65,+,-,-,Shareholder Returns,,,,,,,,,,INSUFFICIENT,INSUFFICIENT,INSUFFICIENT,INSUFFICIENT,INSUFFICIENT,INSUFFICIENT,INSUFFICIENT,INSUFFICIENT,INSUFFICIENT,66.67
ZYDUSLIFE,2015,13.73,20.3,27.95,25.11,13.13,0.62,0,26.49,Interest Bearing,0,2497.0,0.96,41.68,21.0,529.0,0.84,Moderate,5.38,Moderate,30.13,+,-,-,Reinvestor,,,,,,,,,,INSUFFICIENT,INSUFFICIENT,INSUFFICIENT,INSUFFICIENT,INSUFFICIENT,INSUFFICIENT,INSUFFICIENT,INSUFFICIENT,INSUFFICIENT,55.56
ZYDUSLIFE,2016,20.83,24.74,34.46,29.37,18.98,0.43,0,46.11,Interest Bearing,0,2026.0,0.91,55.87,17.0,1034.0,0.96,Moderate,9.12,Capital Intensive,44.34,+,-,-,Reinvestor,14.03,,,41.72,,,46.85,,,NORMAL,INSUFFICIENT,INSUFFICIENT,NORMAL,INSUFFICIENT,INSUFFICIENT,NORMAL,INSUFFICIENT,INSUFFICIENT,55.56
ZYDUSLIFE,2017,16.18,20.29,21.8,16.31,10.04,0.75,0,45.09,Interest Bearing,0,4772.0,0.62,68.24,22.0,-1560.0,0.86,Moderate,30.63,Capital Intensive,-82.02,+,-,+,Mixed,9.08,,,21.97,,,23.31,,,NORMAL,INSUFFICIENT,INSUFFICIENT,NORMAL,INSUFFICIENT,INSUFFICIENT,NORMAL,INSUFFICIENT,INSUFFICIENT,44.44
ZYDUSLIFE,2018,15.2,23.78,20.7,20.15,10.18,0.62,0,32.33,Interest Bearing,0,4661.0,0.67,85.73,20.0,-55.0,0.51,Moderate,8.18,Capital Intensive,-1.94,+,-,+,Mixed,11.23,13.37,,15.07,21.27,,15.62,23.16,,NORMAL,NORMAL,INSUFFICIENT,NORMAL,NORMAL,INSUFFICIENT,NORMAL,NORMAL,INSUFFICIENT,77.78
ZYDUSLIFE,2019,14.42,22.72,18.28,16.3,8.17,0.76,0,16.36,Interest Bearing,0,7225.0,0.57,101.82,19.0,-2695.0,0.68,Moderate,30.21,Capital Intensive,-90.1,+,-,+,Mixed,11.78,12.75,,-1.12,17.83,,-1.79,17.61,,NORMAL,NORMAL,INSUFFICIENT,NORMAL,NORMAL,INSUFFICIENT,NORMAL,NORMAL,INSUFFICIENT,77.78
ZYDUSLIFE,2020,8.45,19.63,11.6,11.94,5.13,0.77,0,7.41,Interest Bearing,0,7221.0,0.61,101.72,30.0,1928.0,2.44,High Quality,7.04,Moderate,68.91,+,-,-,Shareholder Returns,14.98,10.5,,-7.41,0.27,,-9.82,0.0,,NORMAL,NORMAL,INSUFFICIENT,NORMAL,NORMAL,INSUFFICIENT,NORMAL,NORMAL,INSUFFICIENT,55.56
ZYDUSLIFE,2021,15.17,23.54,16.82,17.05,9.19,0.35,0,19.87,Interest Bearing,0,3778.0,0.61,127.37,17.0,2457.0,1.51,High Quality,5.81,Moderate,72.46,+,-,-,Shareholder Returns,6.56,8.85,,6.48,2.16,,7.3,2.02,,NORMAL,NORMAL,INSUFFICIENT,NORMAL,NORMAL,INSUFFICIENT,NORMAL,NORMAL,INSUFFICIENT,66.67
ZYDUSLIFE,2022,30.56,22.12,27.17,27.31,16.71,0.25,0,46.64,Interest Bearing,0,933.0,0.55,166.66,6.0,1086.0,0.46,Accrual Risk,6.74,Moderate,32.5,+,-,-,Reinvestor,4.7,10.01,,34.48,24.94,,34.71,24.01,,NORMAL,NORMAL,INSUFFICIENT,NORMAL,NORMAL,INSUFFICIENT,NORMAL,NORMAL,INSUFFICIENT,88.89
ZYDUSLIFE,2023,12.14,22.39,11.94,17.68,8.18,0.07,0,26.45,Interest Bearing,0,-352.0,0.67,173.43,31.0,4231.0,1.29,High Quality,8.95,Capital Intensive,109.61,+,+,-,Liquidating Assets,6.54,7.68,10.49,20.22,2.94,11.73,19.98,2.25,12.22,NORMAL,NORMAL,NORMAL,NORMAL,NORMAL,NORMAL,NORMAL,NORMAL,NORMAL,55.56
ZYDUSLIFE,2024,20.33,27.54,20.04,27.12,13.78,0.04,0,70.09,Interest Bearing,0,-416.0,0.68,196.34,8.0,1736.0,0.81,Moderate,7.63,Moderate,32.24,+,-,-,Reinvestor,10.71,8.22,10.47,22.06,15.91,16.87,21.86,16.12,16.86,NORMAL,NORMAL,NORMAL,NORMAL,NORMAL,NORMAL,NORMAL,NORMAL,NORMAL,77.78
ZYDUSLIFE,2024,20.33,27.54,18.2,25.42,12.63,0.01,0,70.09,Interest Bearing,0,-2406.0,0.62,216.09,8.0,1736.0,0.81,Moderate,7.63,Moderate,32.24,+,-,-,Reinvestor,10.71,8.22,10.47,22.06,15.91,16.87,21.86,16.12,16.86,NORMAL,NORMAL,NORMAL,NORMAL,NORMAL,NORMAL,NORMAL,NORMAL,NORMAL,77.78
